category	origin	source_path	line_numbers
absolute-path	ECO_FROZEN	/home/hphung/ce25_scratch2/Claude_DeepRL_Population_Models/real_ecology_runs/ricker_only_plus_72_20260720/runtime_snapshot_routing_fix/docs/benchmark/SERVER_HANDOFF_hidden_rk_experiment_setting.md	8
cluster-assumption	ECO_FROZEN	/home/hphung/ce25_scratch2/Claude_DeepRL_Population_Models/real_ecology_runs/ricker_only_plus_72_20260720/runtime_snapshot_routing_fix/docs/benchmark/SERVER_PLAN_general_method_audit.md	279
cluster-assumption	ECO_FROZEN	/home/hphung/ce25_scratch2/Claude_DeepRL_Population_Models/real_ecology_runs/ricker_only_plus_72_20260720/runtime_snapshot_routing_fix/docs/benchmark/SERVER_PLAN_motivation_native_run.md	47,133,134,135,136,138,189
absolute-path	ECO_FROZEN	/home/hphung/ce25_scratch2/Claude_DeepRL_Population_Models/real_ecology_runs/ricker_only_plus_72_20260720/runtime_snapshot_routing_fix/docs/benchmark/SERVER_STATUS_motivation_native_launch_readiness.md	29,73
cluster-assumption	ECO_FROZEN	/home/hphung/ce25_scratch2/Claude_DeepRL_Population_Models/real_ecology_runs/ricker_only_plus_72_20260720/runtime_snapshot_routing_fix/docs/benchmark/SERVER_STATUS_motivation_native_launch_readiness.md	23,77
cluster-assumption	ECO_FROZEN	/home/hphung/ce25_scratch2/Claude_DeepRL_Population_Models/real_ecology_runs/ricker_only_plus_72_20260720/runtime_snapshot_routing_fix/docs/benchmark/hide_r_k/SERVER_RUN_AUDIT_HANDOFF_hidden_rK_20260716.md	52,56,60,69,113
cluster-assumption	ECO_FROZEN	/home/hphung/ce25_scratch2/Claude_DeepRL_Population_Models/real_ecology_runs/ricker_only_plus_72_20260720/runtime_snapshot_routing_fix/docs/claude_build_report/EXPERIMENT_REPORT.md	5,101,115
cluster-assumption	ECO_FROZEN	/home/hphung/ce25_scratch2/Claude_DeepRL_Population_Models/real_ecology_runs/ricker_only_plus_72_20260720/runtime_snapshot_routing_fix/docs/claude_build_report/latex/main.tex	25,220,249
absolute-path	ECO_FROZEN	/home/hphung/ce25_scratch2/Claude_DeepRL_Population_Models/real_ecology_runs/ricker_only_plus_72_20260720/runtime_snapshot_routing_fix/docs/fix_implement_ecology_baseline/PHASE1_AUDIT_REPORT_paper_aligned_plus_moor.md	20
cluster-assumption	ECO_FROZEN	/home/hphung/ce25_scratch2/Claude_DeepRL_Population_Models/real_ecology_runs/ricker_only_plus_72_20260720/runtime_snapshot_routing_fix/docs/fix_implement_ecology_baseline/archive/CLAUDE_AUDIT_CORRECTED_PLUS_MOOR_IMPLEMENTATION.md	62
cluster-assumption	ECO_FROZEN	/home/hphung/ce25_scratch2/Claude_DeepRL_Population_Models/real_ecology_runs/ricker_only_plus_72_20260720/runtime_snapshot_routing_fix/docs/fix_implement_ecology_baseline/archive/CLAUDE_AUDIT_CORRECTED_PLUS_MOOR_PLAN.md	21
cluster-assumption	ECO_FROZEN	/home/hphung/ce25_scratch2/Claude_DeepRL_Population_Models/real_ecology_runs/ricker_only_plus_72_20260720/runtime_snapshot_routing_fix/docs/fix_implement_ecology_baseline/archive/SERVER_HANDOFF_RUN_CORRECTED_ADAPTED_PLUS_MOOR.md	45,192
cluster-assumption	ECO_FROZEN	/home/hphung/ce25_scratch2/Claude_DeepRL_Population_Models/real_ecology_runs/ricker_only_plus_72_20260720/runtime_snapshot_routing_fix/docs/history/116_refplan_danger_zone_experiment_plan.md	543,547
cluster-assumption	ECO_FROZEN	/home/hphung/ce25_scratch2/Claude_DeepRL_Population_Models/real_ecology_runs/ricker_only_plus_72_20260720/runtime_snapshot_routing_fix/docs/history/29_6_tier2_continuous_state_implementation_handoff.md	558,559,560
absolute-path	ECO_FROZEN	/home/hphung/ce25_scratch2/Claude_DeepRL_Population_Models/real_ecology_runs/ricker_only_plus_72_20260720/runtime_snapshot_routing_fix/docs/history/29_6_tier3_12h_experiment_plan.md	221,327
cluster-assumption	ECO_FROZEN	/home/hphung/ce25_scratch2/Claude_DeepRL_Population_Models/real_ecology_runs/ricker_only_plus_72_20260720/runtime_snapshot_routing_fix/docs/history/29_6_tier3_12h_experiment_plan.md	61,66,269,282,302,312,313,314
absolute-path	ECO_FROZEN	/home/hphung/ce25_scratch2/Claude_DeepRL_Population_Models/real_ecology_runs/ricker_only_plus_72_20260720/runtime_snapshot_routing_fix/docs/history/HANDOFF_claude_build_removal_and_open_issues_2026-07-09.md	5,6,131,164,206
absolute-path	ECO_FROZEN	/home/hphung/ce25_scratch2/Claude_DeepRL_Population_Models/real_ecology_runs/ricker_only_plus_72_20260720/runtime_snapshot_routing_fix/docs/history/HANDOFF_promote_benchmark_to_repo_root_2026-07-09.md	5,55,143
absolute-path	ECO_FROZEN	/home/hphung/ce25_scratch2/Claude_DeepRL_Population_Models/real_ecology_runs/ricker_only_plus_72_20260720/runtime_snapshot_routing_fix/docs/history/HANDOFF_real_ecology_data_setting.md	383
absolute-path	ECO_FROZEN	/home/hphung/ce25_scratch2/Claude_DeepRL_Population_Models/real_ecology_runs/ricker_only_plus_72_20260720/runtime_snapshot_routing_fix/docs/history/HANDOFF_reduce_duplication_2026-07-09.md	6
absolute-path	ECO_FROZEN	/home/hphung/ce25_scratch2/Claude_DeepRL_Population_Models/real_ecology_runs/ricker_only_plus_72_20260720/runtime_snapshot_routing_fix/docs/history/HANDOFF_repo_cleanup_discrete_action_cont_obser_2026-07-09.md	4,305,318
absolute-path	ECO_FROZEN	/home/hphung/ce25_scratch2/Claude_DeepRL_Population_Models/real_ecology_runs/ricker_only_plus_72_20260720/runtime_snapshot_routing_fix/docs/history/HANDOFF_repo_polish_2026-07-09.md	37,214
absolute-path	ECO_FROZEN	/home/hphung/ce25_scratch2/Claude_DeepRL_Population_Models/real_ecology_runs/ricker_only_plus_72_20260720/runtime_snapshot_routing_fix/docs/history/PLAN_single_real_data_repo_with_dummy_setpoint_2026-07-09.md	316
absolute-path	ECO_FROZEN	/home/hphung/ce25_scratch2/Claude_DeepRL_Population_Models/real_ecology_runs/ricker_only_plus_72_20260720/runtime_snapshot_routing_fix/docs/history/PLAN_single_real_data_repo_with_dummy_setpoint_REVISED_2026-07-09.md	490
absolute-path	ECO_FROZEN	/home/hphung/ce25_scratch2/Claude_DeepRL_Population_Models/real_ecology_runs/ricker_only_plus_72_20260720/runtime_snapshot_routing_fix/docs/history/REPO_BRIEF.md	18,128,138,238,241
cluster-assumption	ECO_FROZEN	/home/hphung/ce25_scratch2/Claude_DeepRL_Population_Models/real_ecology_runs/ricker_only_plus_72_20260720/runtime_snapshot_routing_fix/docs/history/REPO_BRIEF.md	169,175
absolute-path	ECO_FROZEN	/home/hphung/ce25_scratch2/Claude_DeepRL_Population_Models/real_ecology_runs/ricker_only_plus_72_20260720/runtime_snapshot_routing_fix/docs/history/SPEC_documentation_bundle_2026-07-10.md	6
absolute-path	ECO_FROZEN	/home/hphung/ce25_scratch2/Claude_DeepRL_Population_Models/real_ecology_runs/ricker_only_plus_72_20260720/runtime_snapshot_routing_fix/docs/history/add_baseline_md/add_bamcts_to_stress116_flow.md	189,219
cluster-assumption	ECO_FROZEN	/home/hphung/ce25_scratch2/Claude_DeepRL_Population_Models/real_ecology_runs/ricker_only_plus_72_20260720/runtime_snapshot_routing_fix/docs/history/add_baseline_md/add_bamcts_to_stress116_flow.md	204
cluster-assumption	ECO_FROZEN	/home/hphung/ce25_scratch2/Claude_DeepRL_Population_Models/real_ecology_runs/ricker_only_plus_72_20260720/runtime_snapshot_routing_fix/docs/history/add_baseline_md/add_baseline_deeprl.md	14
absolute-path	ECO_FROZEN	/home/hphung/ce25_scratch2/Claude_DeepRL_Population_Models/real_ecology_runs/ricker_only_plus_72_20260720/runtime_snapshot_routing_fix/docs/history/add_baseline_md/add_baseline_offlinerl_ecology.md	200
absolute-path	ECO_FROZEN	/home/hphung/ce25_scratch2/Claude_DeepRL_Population_Models/real_ecology_runs/ricker_only_plus_72_20260720/runtime_snapshot_routing_fix/docs/history/codex_claude_conversation_md/136_claude_ask_codex_modify.md	34
cluster-assumption	ECO_FROZEN	/home/hphung/ce25_scratch2/Claude_DeepRL_Population_Models/real_ecology_runs/ricker_only_plus_72_20260720/runtime_snapshot_routing_fix/docs/history/codex_claude_conversation_md/136_claude_ask_codex_modify.md	18,29
absolute-path	ECO_FROZEN	/home/hphung/ce25_scratch2/Claude_DeepRL_Population_Models/real_ecology_runs/ricker_only_plus_72_20260720/runtime_snapshot_routing_fix/docs/history/codex_claude_conversation_md/137_claude_final_benchmark_halfday_config.md	86
cluster-assumption	ECO_FROZEN	/home/hphung/ce25_scratch2/Claude_DeepRL_Population_Models/real_ecology_runs/ricker_only_plus_72_20260720/runtime_snapshot_routing_fix/docs/history/codex_claude_conversation_md/137_claude_final_benchmark_halfday_config.md	59,89
absolute-path	ECO_FROZEN	/home/hphung/ce25_scratch2/Claude_DeepRL_Population_Models/real_ecology_runs/ricker_only_plus_72_20260720/runtime_snapshot_routing_fix/docs/history/codex_claude_conversation_md/claude_session_handoff_2026-06-13.md	11,12
cluster-assumption	ECO_FROZEN	/home/hphung/ce25_scratch2/Claude_DeepRL_Population_Models/real_ecology_runs/ricker_only_plus_72_20260720/runtime_snapshot_routing_fix/docs/history/codex_claude_conversation_md/claude_session_handoff_2026-06-13.md	15,17,173,209
absolute-path	ECO_FROZEN	/home/hphung/ce25_scratch2/Claude_DeepRL_Population_Models/real_ecology_runs/ricker_only_plus_72_20260720/runtime_snapshot_routing_fix/docs/history/codex_claude_conversation_md/codex_116_full_benchmark_run_status.md	162,174
cluster-assumption	ECO_FROZEN	/home/hphung/ce25_scratch2/Claude_DeepRL_Population_Models/real_ecology_runs/ricker_only_plus_72_20260720/runtime_snapshot_routing_fix/docs/history/codex_claude_conversation_md/codex_116_full_benchmark_run_status.md	3,161,173
absolute-path	ECO_FROZEN	/home/hphung/ce25_scratch2/Claude_DeepRL_Population_Models/real_ecology_runs/ricker_only_plus_72_20260720/runtime_snapshot_routing_fix/docs/history/codex_claude_conversation_md/codex_116_full_benchmark_run_status_long_run_5_7_days.md	116,127,139,151
cluster-assumption	ECO_FROZEN	/home/hphung/ce25_scratch2/Claude_DeepRL_Population_Models/real_ecology_runs/ricker_only_plus_72_20260720/runtime_snapshot_routing_fix/docs/history/codex_claude_conversation_md/codex_116_full_benchmark_run_status_long_run_5_7_days.md	116,126,138,150
cluster-assumption	ECO_FROZEN	/home/hphung/ce25_scratch2/Claude_DeepRL_Population_Models/real_ecology_runs/ricker_only_plus_72_20260720/runtime_snapshot_routing_fix/docs/history/codex_claude_conversation_md/codex_116_implementation_summary.md	212
cluster-assumption	ECO_FROZEN	/home/hphung/ce25_scratch2/Claude_DeepRL_Population_Models/real_ecology_runs/ricker_only_plus_72_20260720/runtime_snapshot_routing_fix/docs/history/codex_claude_conversation_md/codex_agree_disagree_136_claude_plan.md	30,104,196,208
absolute-path	ECO_FROZEN	/home/hphung/ce25_scratch2/Claude_DeepRL_Population_Models/real_ecology_runs/ricker_only_plus_72_20260720/runtime_snapshot_routing_fix/docs/history/codex_claude_conversation_md/codex_chat_handoff_phase116_future_tasks.md	11
cluster-assumption	ECO_FROZEN	/home/hphung/ce25_scratch2/Claude_DeepRL_Population_Models/real_ecology_runs/ricker_only_plus_72_20260720/runtime_snapshot_routing_fix/docs/history/codex_claude_conversation_md/codex_chat_handoff_phase116_future_tasks.md	189,288
cluster-assumption	ECO_FROZEN	/home/hphung/ce25_scratch2/Claude_DeepRL_Population_Models/real_ecology_runs/ricker_only_plus_72_20260720/runtime_snapshot_routing_fix/docs/history/codex_experiment_plan.md	94,95,98,99,191,563
absolute-path	ECO_FROZEN	/home/hphung/ce25_scratch2/Claude_DeepRL_Population_Models/real_ecology_runs/ricker_only_plus_72_20260720/runtime_snapshot_routing_fix/docs/history/next_chat_selected_algorithm_handoff.md	10,137,365
cluster-assumption	ECO_FROZEN	/home/hphung/ce25_scratch2/Claude_DeepRL_Population_Models/real_ecology_runs/ricker_only_plus_72_20260720/runtime_snapshot_routing_fix/docs/history/next_chat_selected_algorithm_handoff.md	138
cluster-assumption	ECO_FROZEN	/home/hphung/ce25_scratch2/Claude_DeepRL_Population_Models/real_ecology_runs/ricker_only_plus_72_20260720/runtime_snapshot_routing_fix/docs/history/stress_pomdp_116_continuous_successor_handoff.md	60,64,85,90,95
cluster-assumption	ECO_FROZEN	/home/hphung/ce25_scratch2/Claude_DeepRL_Population_Models/real_ecology_runs/ricker_only_plus_72_20260720/runtime_snapshot_routing_fix/docs/real_ecology_history/29_6_claude_runner_verification.md	13,24,38,49,50,60,76
cluster-assumption	ECO_FROZEN	/home/hphung/ce25_scratch2/Claude_DeepRL_Population_Models/real_ecology_runs/ricker_only_plus_72_20260720/runtime_snapshot_routing_fix/docs/real_ecology_history/29_6_codex_gpu_cpu_backend_audit.md	15,141,149,151,161,163,167,222,230
cluster-assumption	ECO_FROZEN	/home/hphung/ce25_scratch2/Claude_DeepRL_Population_Models/real_ecology_runs/ricker_only_plus_72_20260720/runtime_snapshot_routing_fix/docs/real_ecology_history/29_6_codex_gpu_cpu_backend_fixes.md	69,74
cluster-assumption	ECO_FROZEN	/home/hphung/ce25_scratch2/Claude_DeepRL_Population_Models/real_ecology_runs/ricker_only_plus_72_20260720/runtime_snapshot_routing_fix/docs/real_ecology_history/29_6_codex_real_ecology_experiment_and_scripts_plan.md	127,130,298,316,324,328,339,356,359,362,366,387,390,393,396,400
cluster-assumption	ECO_FROZEN	/home/hphung/ce25_scratch2/Claude_DeepRL_Population_Models/real_ecology_runs/ricker_only_plus_72_20260720/runtime_snapshot_routing_fix/docs/real_ecology_history/29_6_codex_response_to_claude_runner_verification.md	29
cluster-assumption	ECO_FROZEN	/home/hphung/ce25_scratch2/Claude_DeepRL_Population_Models/real_ecology_runs/ricker_only_plus_72_20260720/runtime_snapshot_routing_fix/docs/real_ecology_history/29_6_gpu_cpu_backend_implementation_plan.md	276,277,285,286,287
cluster-assumption	ECO_FROZEN	/home/hphung/ce25_scratch2/Claude_DeepRL_Population_Models/real_ecology_runs/ricker_only_plus_72_20260720/runtime_snapshot_routing_fix/scripts/ricker_only_thread_entry.py	16,17,18
cluster-assumption	ECO_FROZEN	/home/hphung/ce25_scratch2/Claude_DeepRL_Population_Models/real_ecology_runs/ricker_only_plus_72_20260720/runtime_snapshot_routing_fix/scripts/shard_manifest.py	8,15,16,17,58,60,63
cluster-assumption	ECO_FROZEN	/home/hphung/ce25_scratch2/Claude_DeepRL_Population_Models/real_ecology_runs/ricker_only_plus_72_20260720/runtime_snapshot_routing_fix/scripts/slurm/capture_trajectories.sh	2,3,4,5,6,7,8,9,12,13,17
cluster-assumption	ECO_FROZEN	/home/hphung/ce25_scratch2/Claude_DeepRL_Population_Models/real_ecology_runs/ricker_only_plus_72_20260720/runtime_snapshot_routing_fix/scripts/slurm/launch_cumulative_controls_12h_after_probe.sh	2,3,4,5,6,7,8,12,54,62,75
cluster-assumption	ECO_FROZEN	/home/hphung/ce25_scratch2/Claude_DeepRL_Population_Models/real_ecology_runs/ricker_only_plus_72_20260720/runtime_snapshot_routing_fix/scripts/slurm/run_adapted_fit_row.sh	2,3,4,5,6,7,8,15,27,28,29
cluster-assumption	ECO_FROZEN	/home/hphung/ce25_scratch2/Claude_DeepRL_Population_Models/real_ecology_runs/ricker_only_plus_72_20260720/runtime_snapshot_routing_fix/scripts/slurm/run_cumulative_controls_12h_aggregate.sh	2,3,4,5,6,7,8,12,18,19,20
cluster-assumption	ECO_FROZEN	/home/hphung/ce25_scratch2/Claude_DeepRL_Population_Models/real_ecology_runs/ricker_only_plus_72_20260720/runtime_snapshot_routing_fix/scripts/slurm/run_cumulative_controls_12h_gate_row.sh	2,3,4,5,6,7,8,12,15,33,34,35
cluster-assumption	ECO_FROZEN	/home/hphung/ce25_scratch2/Claude_DeepRL_Population_Models/real_ecology_runs/ricker_only_plus_72_20260720/runtime_snapshot_routing_fix/scripts/slurm/run_cumulative_controls_12h_gates.sh	2,3,4,5,6,7,8,12,19,20,21
cluster-assumption	ECO_FROZEN	/home/hphung/ce25_scratch2/Claude_DeepRL_Population_Models/real_ecology_runs/ricker_only_plus_72_20260720/runtime_snapshot_routing_fix/scripts/slurm/run_cumulative_controls_12h_row.sh	2,3,4,5,6,7,8,12,16,22,23,24
cluster-assumption	ECO_FROZEN	/home/hphung/ce25_scratch2/Claude_DeepRL_Population_Models/real_ecology_runs/ricker_only_plus_72_20260720/runtime_snapshot_routing_fix/scripts/slurm/run_gate_matrix.sh	2,3,4,5,6,7,8,9,13,17,18,19
cluster-assumption	ECO_FROZEN	/home/hphung/ce25_scratch2/Claude_DeepRL_Population_Models/real_ecology_runs/ricker_only_plus_72_20260720/runtime_snapshot_routing_fix/scripts/slurm/run_manifest_row.sh	2,3,4,5,6,7,8,9,13,15,19,20,21
cluster-assumption	ECO_FROZEN	/home/hphung/ce25_scratch2/Claude_DeepRL_Population_Models/real_ecology_runs/ricker_only_plus_72_20260720/runtime_snapshot_routing_fix/scripts/slurm/run_paper_faithful_row.sh	2,3,4,5,6,7,8,15,27,28,29
cluster-assumption	ECO_FROZEN	/home/hphung/ce25_scratch2/Claude_DeepRL_Population_Models/real_ecology_runs/ricker_only_plus_72_20260720/runtime_snapshot_routing_fix/scripts/slurm/run_real_aggregate.sh	2,3,4,5,6,7,8,14,15,24,25,26
cluster-assumption	ECO_FROZEN	/home/hphung/ce25_scratch2/Claude_DeepRL_Population_Models/real_ecology_runs/ricker_only_plus_72_20260720/runtime_snapshot_routing_fix/scripts/slurm/run_real_gate_row.sh	2,3,4,5,6,7,8,14,15,21,28,29,30
cluster-assumption	ECO_FROZEN	/home/hphung/ce25_scratch2/Claude_DeepRL_Population_Models/real_ecology_runs/ricker_only_plus_72_20260720/runtime_snapshot_routing_fix/scripts/slurm/run_real_row.sh	2,3,4,5,6,7,8,14,15,21,33,34,35
cluster-assumption	ECO_FROZEN	/home/hphung/ce25_scratch2/Claude_DeepRL_Population_Models/real_ecology_runs/ricker_only_plus_72_20260720/runtime_snapshot_routing_fix/scripts/slurm/run_real_row_gpu.sh	5,6,8,16,17,18,19,20,21,22,28,29,35,46,50,51,52
cluster-assumption	ECO_FROZEN	/home/hphung/ce25_scratch2/Claude_DeepRL_Population_Models/real_ecology_runs/ricker_only_plus_72_20260720/runtime_snapshot_routing_fix/scripts/slurm/run_ricker_only_plus_cell.sh	9,12,13,14
cluster-assumption	ECO_FROZEN	/home/hphung/ce25_scratch2/Claude_DeepRL_Population_Models/real_ecology_runs/ricker_only_plus_72_20260720/runtime_snapshot_routing_fix/scripts/slurm/run_ricker_only_plus_row.sh	9,18,19,20
cluster-assumption	ECO_FROZEN	/home/hphung/ce25_scratch2/Claude_DeepRL_Population_Models/real_ecology_runs/ricker_only_plus_72_20260720/runtime_snapshot_routing_fix/scripts/slurm/submit_full.sh	10,11
cluster-assumption	ECO_FROZEN	/home/hphung/ce25_scratch2/Claude_DeepRL_Population_Models/real_ecology_runs/ricker_only_plus_72_20260720/runtime_snapshot_routing_fix/tests/real/test_ricker_only_plus.py	308
cluster-assumption	GENERAL_FROZEN	/home/hphung/ce25_scratch2/general_rl_phase2_iso/real_ecology_runs/general_phase2e_full_sigma01_02_20260720_v1/code/scripts/general_adequacy_probe.py	228
cluster-assumption	GENERAL_FROZEN	/home/hphung/ce25_scratch2/general_rl_phase2_iso/real_ecology_runs/general_phase2e_full_sigma01_02_20260720_v1/code/scripts/general_thread_parity.py	32
cluster-assumption	GENERAL_FROZEN	/home/hphung/ce25_scratch2/general_rl_phase2_iso/real_ecology_runs/general_phase2e_full_sigma01_02_20260720_v1/code/scripts/prepare_general_phase2e_canary.py	64,65,66,67
cluster-assumption	GENERAL_FROZEN	/home/hphung/ce25_scratch2/general_rl_phase2_iso/real_ecology_runs/general_phase2e_full_sigma01_02_20260720_v1/code/scripts/shard_manifest.py	8,15,16,17,58,60,63
cluster-assumption	GENERAL_FROZEN	/home/hphung/ce25_scratch2/general_rl_phase2_iso/real_ecology_runs/general_phase2e_full_sigma01_02_20260720_v1/code/scripts/slurm/capture_trajectories.sh	2,3,4,5,6,7,8,9,12,13,17
cluster-assumption	GENERAL_FROZEN	/home/hphung/ce25_scratch2/general_rl_phase2_iso/real_ecology_runs/general_phase2e_full_sigma01_02_20260720_v1/code/scripts/slurm/launch_cumulative_controls_12h_after_probe.sh	2,3,4,5,6,7,8,12,54,62,75
cluster-assumption	GENERAL_FROZEN	/home/hphung/ce25_scratch2/general_rl_phase2_iso/real_ecology_runs/general_phase2e_full_sigma01_02_20260720_v1/code/scripts/slurm/run_adapted_fit_row.sh	2,3,4,5,6,7,8,15,27,28,29
cluster-assumption	GENERAL_FROZEN	/home/hphung/ce25_scratch2/general_rl_phase2_iso/real_ecology_runs/general_phase2e_full_sigma01_02_20260720_v1/code/scripts/slurm/run_cumulative_controls_12h_aggregate.sh	2,3,4,5,6,7,8,12,18,19,20
cluster-assumption	GENERAL_FROZEN	/home/hphung/ce25_scratch2/general_rl_phase2_iso/real_ecology_runs/general_phase2e_full_sigma01_02_20260720_v1/code/scripts/slurm/run_cumulative_controls_12h_gate_row.sh	2,3,4,5,6,7,8,12,15,33,34,35
cluster-assumption	GENERAL_FROZEN	/home/hphung/ce25_scratch2/general_rl_phase2_iso/real_ecology_runs/general_phase2e_full_sigma01_02_20260720_v1/code/scripts/slurm/run_cumulative_controls_12h_gates.sh	2,3,4,5,6,7,8,12,19,20,21
cluster-assumption	GENERAL_FROZEN	/home/hphung/ce25_scratch2/general_rl_phase2_iso/real_ecology_runs/general_phase2e_full_sigma01_02_20260720_v1/code/scripts/slurm/run_cumulative_controls_12h_row.sh	2,3,4,5,6,7,8,12,16,22,23,24
cluster-assumption	GENERAL_FROZEN	/home/hphung/ce25_scratch2/general_rl_phase2_iso/real_ecology_runs/general_phase2e_full_sigma01_02_20260720_v1/code/scripts/slurm/run_gate_matrix.sh	2,3,4,5,6,7,8,9,13,17,18,19
cluster-assumption	GENERAL_FROZEN	/home/hphung/ce25_scratch2/general_rl_phase2_iso/real_ecology_runs/general_phase2e_full_sigma01_02_20260720_v1/code/scripts/slurm/run_manifest_row.sh	2,3,4,5,6,7,8,9,13,15,19,20,21
cluster-assumption	GENERAL_FROZEN	/home/hphung/ce25_scratch2/general_rl_phase2_iso/real_ecology_runs/general_phase2e_full_sigma01_02_20260720_v1/code/scripts/slurm/run_paper_faithful_row.sh	2,3,4,5,6,7,8,15,27,28,29
cluster-assumption	GENERAL_FROZEN	/home/hphung/ce25_scratch2/general_rl_phase2_iso/real_ecology_runs/general_phase2e_full_sigma01_02_20260720_v1/code/scripts/slurm/run_real_aggregate.sh	2,3,4,5,6,7,8,14,15,24,25,26
cluster-assumption	GENERAL_FROZEN	/home/hphung/ce25_scratch2/general_rl_phase2_iso/real_ecology_runs/general_phase2e_full_sigma01_02_20260720_v1/code/scripts/slurm/run_real_gate_row.sh	2,3,4,5,6,7,8,14,15,21,28,29,30
cluster-assumption	GENERAL_FROZEN	/home/hphung/ce25_scratch2/general_rl_phase2_iso/real_ecology_runs/general_phase2e_full_sigma01_02_20260720_v1/code/scripts/slurm/run_real_row.sh	2,3,4,5,6,7,8,14,15,21,33,34,35
cluster-assumption	GENERAL_FROZEN	/home/hphung/ce25_scratch2/general_rl_phase2_iso/real_ecology_runs/general_phase2e_full_sigma01_02_20260720_v1/code/scripts/slurm/run_real_row_gpu.sh	5,6,8,16,17,18,19,20,21,22,28,29,35,46,50,51,52
cluster-assumption	GENERAL_FROZEN	/home/hphung/ce25_scratch2/general_rl_phase2_iso/real_ecology_runs/general_phase2e_full_sigma01_02_20260720_v1/code/scripts/slurm/submit_full.sh	10,11
cluster-assumption	GENERAL_FROZEN	/home/hphung/ce25_scratch2/general_rl_phase2_iso/real_ecology_runs/general_phase2e_full_sigma01_02_20260720_v1/code/src/real_ecology_benchmark/general_canary_acceptance.py	137
cluster-assumption	GENERAL_FROZEN	/home/hphung/ce25_scratch2/general_rl_phase2_iso/real_ecology_runs/general_phase2e_full_sigma01_02_20260720_v1/code/tests/real/test_general_phase2e_canary.py	90,91,92,147
absolute-path	MAIN	/home/hphung/ce25_scratch2/Claude_DeepRL_Population_Models/docs/MATCHED_GENERAL_ECOLOGICAL_RESULTS.md	99,200,376
cluster-assumption	MAIN	/home/hphung/ce25_scratch2/Claude_DeepRL_Population_Models/docs/MATCHED_GENERAL_ECOLOGICAL_RESULTS.md	286,700
absolute-path	MAIN	/home/hphung/ce25_scratch2/Claude_DeepRL_Population_Models/docs/THREE_SPECIES_MATCHED_GENERAL_AND_ECOLOGICAL_RESULTS.tex	918,920,922,924,926
absolute-path	MAIN	/home/hphung/ce25_scratch2/Claude_DeepRL_Population_Models/docs/benchmark/SERVER_HANDOFF_hidden_rk_experiment_setting.md	8
cluster-assumption	MAIN	/home/hphung/ce25_scratch2/Claude_DeepRL_Population_Models/docs/benchmark/SERVER_PLAN_general_method_audit.md	279
cluster-assumption	MAIN	/home/hphung/ce25_scratch2/Claude_DeepRL_Population_Models/docs/benchmark/SERVER_PLAN_motivation_native_run.md	47,133,134,135,136,138,189
absolute-path	MAIN	/home/hphung/ce25_scratch2/Claude_DeepRL_Population_Models/docs/benchmark/SERVER_STATUS_motivation_native_launch_readiness.md	29,73
cluster-assumption	MAIN	/home/hphung/ce25_scratch2/Claude_DeepRL_Population_Models/docs/benchmark/SERVER_STATUS_motivation_native_launch_readiness.md	23,77
cluster-assumption	MAIN	/home/hphung/ce25_scratch2/Claude_DeepRL_Population_Models/docs/benchmark/hide_r_k/SERVER_RUN_AUDIT_HANDOFF_hidden_rK_20260716.md	52,56,60,69,113
absolute-path	MAIN	/home/hphung/ce25_scratch2/Claude_DeepRL_Population_Models/docs/check_code_up_to_25_7/CHAT_HANDOFF_THREE_SPECIES_MATCHED_P10_ECOLOGICAL_BASELINES.md	95
cluster-assumption	MAIN	/home/hphung/ce25_scratch2/Claude_DeepRL_Population_Models/docs/check_code_up_to_25_7/DIAGNOSTIC_REPLAY_RERUN_SPEC.md	93
cluster-assumption	MAIN	/home/hphung/ce25_scratch2/Claude_DeepRL_Population_Models/docs/check_code_up_to_25_7/GENERAL_RL_CURRENT_IMPLEMENTATION_AND_SETTINGS.md	27
cluster-assumption	MAIN	/home/hphung/ce25_scratch2/Claude_DeepRL_Population_Models/docs/claude_build_report/EXPERIMENT_REPORT.md	5,101,115
cluster-assumption	MAIN	/home/hphung/ce25_scratch2/Claude_DeepRL_Population_Models/docs/claude_build_report/latex/main.tex	25,220,249
cluster-assumption	MAIN	/home/hphung/ce25_scratch2/Claude_DeepRL_Population_Models/docs/fix_implement_ecology_baseline/CODE_SERVER_FINISH_ECOLOGICAL_BASELINE_RESULTS_FOR_FAIR_TABLE.md	30
absolute-path	MAIN	/home/hphung/ce25_scratch2/Claude_DeepRL_Population_Models/docs/fix_implement_ecology_baseline/PHASE1_AUDIT_REPORT_paper_aligned_plus_moor.md	20
cluster-assumption	MAIN	/home/hphung/ce25_scratch2/Claude_DeepRL_Population_Models/docs/fix_implement_ecology_baseline/PHASE2_32CELL_EXECUTION_SCHEDULE.md	49,55,61,98,152
cluster-assumption	MAIN	/home/hphung/ce25_scratch2/Claude_DeepRL_Population_Models/docs/fix_implement_ecology_baseline/archive/CLAUDE_AUDIT_CORRECTED_PLUS_MOOR_IMPLEMENTATION.md	62
cluster-assumption	MAIN	/home/hphung/ce25_scratch2/Claude_DeepRL_Population_Models/docs/fix_implement_ecology_baseline/archive/CLAUDE_AUDIT_CORRECTED_PLUS_MOOR_PLAN.md	21
cluster-assumption	MAIN	/home/hphung/ce25_scratch2/Claude_DeepRL_Population_Models/docs/fix_implement_ecology_baseline/archive/SERVER_HANDOFF_RUN_CORRECTED_ADAPTED_PLUS_MOOR.md	45,192
absolute-path	MAIN	/home/hphung/ce25_scratch2/Claude_DeepRL_Population_Models/docs/fix_implement_general_RL/CODE_SERVER_PHASE2D_FINAL_GENERAL_RL_CORRECTIONS.md	192
absolute-path	MAIN	/home/hphung/ce25_scratch2/Claude_DeepRL_Population_Models/docs/fix_implement_general_RL/CODE_SERVER_PHASE2E_OGSRL_FIX_AND_CANARY_PACKAGE.md	186
cluster-assumption	MAIN	/home/hphung/ce25_scratch2/Claude_DeepRL_Population_Models/docs/fix_implement_general_RL/CODE_SERVER_PHASE2E_OGSRL_FIX_AND_CANARY_PACKAGE.md	161,163,167
absolute-path	MAIN	/home/hphung/ce25_scratch2/Claude_DeepRL_Population_Models/docs/fix_implement_general_RL/HANDOFF_GENERAL_RL_PHASE2C.md	39,40,113
cluster-assumption	MAIN	/home/hphung/ce25_scratch2/Claude_DeepRL_Population_Models/docs/fix_implement_general_RL/HANDOFF_GENERAL_RL_PHASE2C.md	63,102,103,115
cluster-assumption	MAIN	/home/hphung/ce25_scratch2/Claude_DeepRL_Population_Models/docs/fix_implement_general_RL/PHASE1B_GENERAL_RL_DEEP_PAPER_VERIFICATION_AND_CORRECTIVE_PLAN.md	239,363
absolute-path	MAIN	/home/hphung/ce25_scratch2/Claude_DeepRL_Population_Models/docs/fix_implement_general_RL/PHASE1_GENERAL_RL_BASELINE_PAPER_ALIGNMENT_AUDIT.md	27
cluster-assumption	MAIN	/home/hphung/ce25_scratch2/Claude_DeepRL_Population_Models/docs/fix_implement_general_RL/PHASE1_GENERAL_RL_BASELINE_PAPER_ALIGNMENT_AUDIT.md	66
absolute-path	MAIN	/home/hphung/ce25_scratch2/Claude_DeepRL_Population_Models/docs/fix_implement_general_RL/PHASE2B_GENERAL_RL_REMAINING_ISSUES_PLAN.md	254
cluster-assumption	MAIN	/home/hphung/ce25_scratch2/Claude_DeepRL_Population_Models/docs/fix_implement_general_RL/PHASE2B_GENERAL_RL_REMAINING_ISSUES_PLAN.md	200
absolute-path	MAIN	/home/hphung/ce25_scratch2/Claude_DeepRL_Population_Models/docs/fix_implement_general_RL/PHASE2C_GENERAL_RL_FINAL_IMPLEMENTATION_REPORT.md	6,183,185
cluster-assumption	MAIN	/home/hphung/ce25_scratch2/Claude_DeepRL_Population_Models/docs/fix_implement_general_RL/PHASE2C_GENERAL_RL_FINAL_IMPLEMENTATION_REPORT.md	132,133,134,171,184
cluster-assumption	MAIN	/home/hphung/ce25_scratch2/Claude_DeepRL_Population_Models/docs/fix_implement_general_RL/PHASE2D2_GENERAL_RL_MECHANISM_AND_CANARY_AUDIT.md	254
absolute-path	MAIN	/home/hphung/ce25_scratch2/Claude_DeepRL_Population_Models/docs/fix_implement_general_RL/PHASE2D_FINAL_GENERAL_RL_CORRECTION_REPORT.md	7,282
cluster-assumption	MAIN	/home/hphung/ce25_scratch2/Claude_DeepRL_Population_Models/docs/fix_implement_general_RL/PHASE2D_FINAL_GENERAL_RL_CORRECTION_REPORT.md	268,281
absolute-path	MAIN	/home/hphung/ce25_scratch2/Claude_DeepRL_Population_Models/docs/fix_implement_general_RL/PHASE2E_OGSRL_FIX_AND_CANARY_PACKAGE_REPORT.md	6,123
cluster-assumption	MAIN	/home/hphung/ce25_scratch2/Claude_DeepRL_Population_Models/docs/fix_implement_general_RL/PHASE2E_OGSRL_FIX_AND_CANARY_PACKAGE_REPORT.md	19,20,122,271,273,283,284,287,293,294,297,301,364
cluster-assumption	MAIN	/home/hphung/ce25_scratch2/Claude_DeepRL_Population_Models/docs/fix_implement_general_RL/PHASE2F_MATCHED_FULL_GENERAL_RL_PACKAGE_REPORT.md	84,121,123,131,132,133
absolute-path	MAIN	/home/hphung/ce25_scratch2/Claude_DeepRL_Population_Models/docs/fix_implement_general_RL/PHASE2_GENERAL_RL_CORRECTIVE_IMPLEMENTATION_REPORT.md	22
cluster-assumption	MAIN	/home/hphung/ce25_scratch2/Claude_DeepRL_Population_Models/docs/fix_implement_general_RL/REVIEW_PHASE2_GENERAL_RL_CORRECTIVE_IMPLEMENTATION.md	149
absolute-path	MAIN	/home/hphung/ce25_scratch2/Claude_DeepRL_Population_Models/docs/fix_plus_misspecified/RICKER_ONLY_PLUS_LIVE_RUN_HANDOFF_20260720.md	122,126,130,189,192,202
cluster-assumption	MAIN	/home/hphung/ce25_scratch2/Claude_DeepRL_Population_Models/docs/fix_plus_misspecified/RICKER_ONLY_PLUS_LIVE_RUN_HANDOFF_20260720.md	114,158
cluster-assumption	MAIN	/home/hphung/ce25_scratch2/Claude_DeepRL_Population_Models/docs/history/116_refplan_danger_zone_experiment_plan.md	543,547
cluster-assumption	MAIN	/home/hphung/ce25_scratch2/Claude_DeepRL_Population_Models/docs/history/29_6_tier2_continuous_state_implementation_handoff.md	558,559,560
absolute-path	MAIN	/home/hphung/ce25_scratch2/Claude_DeepRL_Population_Models/docs/history/29_6_tier3_12h_experiment_plan.md	221,327
cluster-assumption	MAIN	/home/hphung/ce25_scratch2/Claude_DeepRL_Population_Models/docs/history/29_6_tier3_12h_experiment_plan.md	61,66,269,282,302,312,313,314
absolute-path	MAIN	/home/hphung/ce25_scratch2/Claude_DeepRL_Population_Models/docs/history/HANDOFF_claude_build_removal_and_open_issues_2026-07-09.md	5,6,131,164,206
absolute-path	MAIN	/home/hphung/ce25_scratch2/Claude_DeepRL_Population_Models/docs/history/HANDOFF_promote_benchmark_to_repo_root_2026-07-09.md	5,55,143
absolute-path	MAIN	/home/hphung/ce25_scratch2/Claude_DeepRL_Population_Models/docs/history/HANDOFF_real_ecology_data_setting.md	383
absolute-path	MAIN	/home/hphung/ce25_scratch2/Claude_DeepRL_Population_Models/docs/history/HANDOFF_reduce_duplication_2026-07-09.md	6
absolute-path	MAIN	/home/hphung/ce25_scratch2/Claude_DeepRL_Population_Models/docs/history/HANDOFF_repo_cleanup_discrete_action_cont_obser_2026-07-09.md	4,305,318
absolute-path	MAIN	/home/hphung/ce25_scratch2/Claude_DeepRL_Population_Models/docs/history/HANDOFF_repo_polish_2026-07-09.md	37,214
absolute-path	MAIN	/home/hphung/ce25_scratch2/Claude_DeepRL_Population_Models/docs/history/PLAN_single_real_data_repo_with_dummy_setpoint_2026-07-09.md	316
absolute-path	MAIN	/home/hphung/ce25_scratch2/Claude_DeepRL_Population_Models/docs/history/PLAN_single_real_data_repo_with_dummy_setpoint_REVISED_2026-07-09.md	490
absolute-path	MAIN	/home/hphung/ce25_scratch2/Claude_DeepRL_Population_Models/docs/history/REPO_BRIEF.md	18,128,138,238,241
cluster-assumption	MAIN	/home/hphung/ce25_scratch2/Claude_DeepRL_Population_Models/docs/history/REPO_BRIEF.md	169,175
absolute-path	MAIN	/home/hphung/ce25_scratch2/Claude_DeepRL_Population_Models/docs/history/SPEC_documentation_bundle_2026-07-10.md	6
absolute-path	MAIN	/home/hphung/ce25_scratch2/Claude_DeepRL_Population_Models/docs/history/add_baseline_md/add_bamcts_to_stress116_flow.md	189,219
cluster-assumption	MAIN	/home/hphung/ce25_scratch2/Claude_DeepRL_Population_Models/docs/history/add_baseline_md/add_bamcts_to_stress116_flow.md	204
cluster-assumption	MAIN	/home/hphung/ce25_scratch2/Claude_DeepRL_Population_Models/docs/history/add_baseline_md/add_baseline_deeprl.md	14
absolute-path	MAIN	/home/hphung/ce25_scratch2/Claude_DeepRL_Population_Models/docs/history/add_baseline_md/add_baseline_offlinerl_ecology.md	200
absolute-path	MAIN	/home/hphung/ce25_scratch2/Claude_DeepRL_Population_Models/docs/history/codex_claude_conversation_md/136_claude_ask_codex_modify.md	34
cluster-assumption	MAIN	/home/hphung/ce25_scratch2/Claude_DeepRL_Population_Models/docs/history/codex_claude_conversation_md/136_claude_ask_codex_modify.md	18,29
absolute-path	MAIN	/home/hphung/ce25_scratch2/Claude_DeepRL_Population_Models/docs/history/codex_claude_conversation_md/137_claude_final_benchmark_halfday_config.md	86
cluster-assumption	MAIN	/home/hphung/ce25_scratch2/Claude_DeepRL_Population_Models/docs/history/codex_claude_conversation_md/137_claude_final_benchmark_halfday_config.md	59,89
absolute-path	MAIN	/home/hphung/ce25_scratch2/Claude_DeepRL_Population_Models/docs/history/codex_claude_conversation_md/claude_session_handoff_2026-06-13.md	11,12
cluster-assumption	MAIN	/home/hphung/ce25_scratch2/Claude_DeepRL_Population_Models/docs/history/codex_claude_conversation_md/claude_session_handoff_2026-06-13.md	15,17,173,209
absolute-path	MAIN	/home/hphung/ce25_scratch2/Claude_DeepRL_Population_Models/docs/history/codex_claude_conversation_md/codex_116_full_benchmark_run_status.md	162,174
cluster-assumption	MAIN	/home/hphung/ce25_scratch2/Claude_DeepRL_Population_Models/docs/history/codex_claude_conversation_md/codex_116_full_benchmark_run_status.md	3,161,173
absolute-path	MAIN	/home/hphung/ce25_scratch2/Claude_DeepRL_Population_Models/docs/history/codex_claude_conversation_md/codex_116_full_benchmark_run_status_long_run_5_7_days.md	116,127,139,151
cluster-assumption	MAIN	/home/hphung/ce25_scratch2/Claude_DeepRL_Population_Models/docs/history/codex_claude_conversation_md/codex_116_full_benchmark_run_status_long_run_5_7_days.md	116,126,138,150
cluster-assumption	MAIN	/home/hphung/ce25_scratch2/Claude_DeepRL_Population_Models/docs/history/codex_claude_conversation_md/codex_116_implementation_summary.md	212
cluster-assumption	MAIN	/home/hphung/ce25_scratch2/Claude_DeepRL_Population_Models/docs/history/codex_claude_conversation_md/codex_agree_disagree_136_claude_plan.md	30,104,196,208
absolute-path	MAIN	/home/hphung/ce25_scratch2/Claude_DeepRL_Population_Models/docs/history/codex_claude_conversation_md/codex_chat_handoff_phase116_future_tasks.md	11
cluster-assumption	MAIN	/home/hphung/ce25_scratch2/Claude_DeepRL_Population_Models/docs/history/codex_claude_conversation_md/codex_chat_handoff_phase116_future_tasks.md	189,288
cluster-assumption	MAIN	/home/hphung/ce25_scratch2/Claude_DeepRL_Population_Models/docs/history/codex_experiment_plan.md	94,95,98,99,191,563
absolute-path	MAIN	/home/hphung/ce25_scratch2/Claude_DeepRL_Population_Models/docs/history/next_chat_selected_algorithm_handoff.md	10,137,365
cluster-assumption	MAIN	/home/hphung/ce25_scratch2/Claude_DeepRL_Population_Models/docs/history/next_chat_selected_algorithm_handoff.md	138
cluster-assumption	MAIN	/home/hphung/ce25_scratch2/Claude_DeepRL_Population_Models/docs/history/stress_pomdp_116_continuous_successor_handoff.md	60,64,85,90,95
absolute-path	MAIN	/home/hphung/ce25_scratch2/Claude_DeepRL_Population_Models/docs/merged_results_three_species_matched_general_and_ecological.tex	427
cluster-assumption	MAIN	/home/hphung/ce25_scratch2/Claude_DeepRL_Population_Models/docs/real_ecology_history/29_6_claude_runner_verification.md	13,24,38,49,50,60,76
cluster-assumption	MAIN	/home/hphung/ce25_scratch2/Claude_DeepRL_Population_Models/docs/real_ecology_history/29_6_codex_gpu_cpu_backend_audit.md	15,141,149,151,161,163,167,222,230
cluster-assumption	MAIN	/home/hphung/ce25_scratch2/Claude_DeepRL_Population_Models/docs/real_ecology_history/29_6_codex_gpu_cpu_backend_fixes.md	69,74
cluster-assumption	MAIN	/home/hphung/ce25_scratch2/Claude_DeepRL_Population_Models/docs/real_ecology_history/29_6_codex_real_ecology_experiment_and_scripts_plan.md	127,130,298,316,324,328,339,356,359,362,366,387,390,393,396,400
cluster-assumption	MAIN	/home/hphung/ce25_scratch2/Claude_DeepRL_Population_Models/docs/real_ecology_history/29_6_codex_response_to_claude_runner_verification.md	29
cluster-assumption	MAIN	/home/hphung/ce25_scratch2/Claude_DeepRL_Population_Models/docs/real_ecology_history/29_6_gpu_cpu_backend_implementation_plan.md	276,277,285,286,287
absolute-path	MAIN	/home/hphung/ce25_scratch2/Claude_DeepRL_Population_Models/outputs/2026-05-17/01-52-01/.hydra/hydra.yaml	137,142,148
absolute-path	MAIN	/home/hphung/ce25_scratch2/Claude_DeepRL_Population_Models/outputs/2026-05-17/01-52-04/.hydra/hydra.yaml	144,149,155
absolute-path	MAIN	/home/hphung/ce25_scratch2/Claude_DeepRL_Population_Models/outputs/2026-05-17/01-52-27/.hydra/hydra.yaml	144,149,155
absolute-path	MAIN	/home/hphung/ce25_scratch2/Claude_DeepRL_Population_Models/outputs/2026-05-17/02-13-40/.hydra/hydra.yaml	168,173,179
absolute-path	MAIN	/home/hphung/ce25_scratch2/Claude_DeepRL_Population_Models/outputs/2026-05-17/03-01-02/.hydra/hydra.yaml	168,173,179
absolute-path	MAIN	/home/hphung/ce25_scratch2/Claude_DeepRL_Population_Models/outputs/2026-05-17/15-05-32/.hydra/hydra.yaml	168,173,179
absolute-path	MAIN	/home/hphung/ce25_scratch2/Claude_DeepRL_Population_Models/outputs/2026-05-17/15-11-58/.hydra/hydra.yaml	168,173,179
absolute-path	MAIN	/home/hphung/ce25_scratch2/Claude_DeepRL_Population_Models/outputs/2026-05-17/15-18-41/.hydra/hydra.yaml	168,173,179
absolute-path	MAIN	/home/hphung/ce25_scratch2/Claude_DeepRL_Population_Models/outputs/2026-06-07/17-34-33/.hydra/hydra.yaml	141,146,152
absolute-path	MAIN	/home/hphung/ce25_scratch2/Claude_DeepRL_Population_Models/outputs/2026-06-07/17-34-56/.hydra/hydra.yaml	142,147,153
cluster-assumption	MAIN	/home/hphung/ce25_scratch2/Claude_DeepRL_Population_Models/outputs/audit_general/run_audit_row.sh	2,3,4,5,6,7,8,13,14
absolute-path	MAIN	/home/hphung/ce25_scratch2/Claude_DeepRL_Population_Models/outputs/hidden_rk/acceptance/acceptance.json	9,22,35,48,61,74,87,100,113,126
absolute-path	MAIN	/home/hphung/ce25_scratch2/Claude_DeepRL_Population_Models/real_ecology_runs/adapted_32cell_diagnostic_pending/code/docs/benchmark/SERVER_HANDOFF_hidden_rk_experiment_setting.md	8
cluster-assumption	MAIN	/home/hphung/ce25_scratch2/Claude_DeepRL_Population_Models/real_ecology_runs/adapted_32cell_diagnostic_pending/code/docs/benchmark/SERVER_PLAN_general_method_audit.md	279
cluster-assumption	MAIN	/home/hphung/ce25_scratch2/Claude_DeepRL_Population_Models/real_ecology_runs/adapted_32cell_diagnostic_pending/code/docs/benchmark/SERVER_PLAN_motivation_native_run.md	47,133,134,135,136,138,189
absolute-path	MAIN	/home/hphung/ce25_scratch2/Claude_DeepRL_Population_Models/real_ecology_runs/adapted_32cell_diagnostic_pending/code/docs/benchmark/SERVER_STATUS_motivation_native_launch_readiness.md	29,73
cluster-assumption	MAIN	/home/hphung/ce25_scratch2/Claude_DeepRL_Population_Models/real_ecology_runs/adapted_32cell_diagnostic_pending/code/docs/benchmark/SERVER_STATUS_motivation_native_launch_readiness.md	23,77
cluster-assumption	MAIN	/home/hphung/ce25_scratch2/Claude_DeepRL_Population_Models/real_ecology_runs/adapted_32cell_diagnostic_pending/code/docs/benchmark/hide_r_k/SERVER_RUN_AUDIT_HANDOFF_hidden_rK_20260716.md	52,56,60,69,113
cluster-assumption	MAIN	/home/hphung/ce25_scratch2/Claude_DeepRL_Population_Models/real_ecology_runs/adapted_32cell_diagnostic_pending/code/docs/claude_build_report/EXPERIMENT_REPORT.md	5,101,115
cluster-assumption	MAIN	/home/hphung/ce25_scratch2/Claude_DeepRL_Population_Models/real_ecology_runs/adapted_32cell_diagnostic_pending/code/docs/claude_build_report/latex/main.tex	25,220,249
absolute-path	MAIN	/home/hphung/ce25_scratch2/Claude_DeepRL_Population_Models/real_ecology_runs/adapted_32cell_diagnostic_pending/code/docs/fix_implement_ecology_baseline/PHASE1_AUDIT_REPORT_paper_aligned_plus_moor.md	20
cluster-assumption	MAIN	/home/hphung/ce25_scratch2/Claude_DeepRL_Population_Models/real_ecology_runs/adapted_32cell_diagnostic_pending/code/docs/fix_implement_ecology_baseline/archive/CLAUDE_AUDIT_CORRECTED_PLUS_MOOR_IMPLEMENTATION.md	62
cluster-assumption	MAIN	/home/hphung/ce25_scratch2/Claude_DeepRL_Population_Models/real_ecology_runs/adapted_32cell_diagnostic_pending/code/docs/fix_implement_ecology_baseline/archive/CLAUDE_AUDIT_CORRECTED_PLUS_MOOR_PLAN.md	21
cluster-assumption	MAIN	/home/hphung/ce25_scratch2/Claude_DeepRL_Population_Models/real_ecology_runs/adapted_32cell_diagnostic_pending/code/docs/fix_implement_ecology_baseline/archive/SERVER_HANDOFF_RUN_CORRECTED_ADAPTED_PLUS_MOOR.md	45,192
cluster-assumption	MAIN	/home/hphung/ce25_scratch2/Claude_DeepRL_Population_Models/real_ecology_runs/adapted_32cell_diagnostic_pending/code/docs/history/116_refplan_danger_zone_experiment_plan.md	543,547
cluster-assumption	MAIN	/home/hphung/ce25_scratch2/Claude_DeepRL_Population_Models/real_ecology_runs/adapted_32cell_diagnostic_pending/code/docs/history/29_6_tier2_continuous_state_implementation_handoff.md	558,559,560
absolute-path	MAIN	/home/hphung/ce25_scratch2/Claude_DeepRL_Population_Models/real_ecology_runs/adapted_32cell_diagnostic_pending/code/docs/history/29_6_tier3_12h_experiment_plan.md	221,327
cluster-assumption	MAIN	/home/hphung/ce25_scratch2/Claude_DeepRL_Population_Models/real_ecology_runs/adapted_32cell_diagnostic_pending/code/docs/history/29_6_tier3_12h_experiment_plan.md	61,66,269,282,302,312,313,314
absolute-path	MAIN	/home/hphung/ce25_scratch2/Claude_DeepRL_Population_Models/real_ecology_runs/adapted_32cell_diagnostic_pending/code/docs/history/HANDOFF_claude_build_removal_and_open_issues_2026-07-09.md	5,6,131,164,206
absolute-path	MAIN	/home/hphung/ce25_scratch2/Claude_DeepRL_Population_Models/real_ecology_runs/adapted_32cell_diagnostic_pending/code/docs/history/HANDOFF_promote_benchmark_to_repo_root_2026-07-09.md	5,55,143
absolute-path	MAIN	/home/hphung/ce25_scratch2/Claude_DeepRL_Population_Models/real_ecology_runs/adapted_32cell_diagnostic_pending/code/docs/history/HANDOFF_real_ecology_data_setting.md	383
absolute-path	MAIN	/home/hphung/ce25_scratch2/Claude_DeepRL_Population_Models/real_ecology_runs/adapted_32cell_diagnostic_pending/code/docs/history/HANDOFF_reduce_duplication_2026-07-09.md	6
absolute-path	MAIN	/home/hphung/ce25_scratch2/Claude_DeepRL_Population_Models/real_ecology_runs/adapted_32cell_diagnostic_pending/code/docs/history/HANDOFF_repo_cleanup_discrete_action_cont_obser_2026-07-09.md	4,305,318
absolute-path	MAIN	/home/hphung/ce25_scratch2/Claude_DeepRL_Population_Models/real_ecology_runs/adapted_32cell_diagnostic_pending/code/docs/history/HANDOFF_repo_polish_2026-07-09.md	37,214
absolute-path	MAIN	/home/hphung/ce25_scratch2/Claude_DeepRL_Population_Models/real_ecology_runs/adapted_32cell_diagnostic_pending/code/docs/history/PLAN_single_real_data_repo_with_dummy_setpoint_2026-07-09.md	316
absolute-path	MAIN	/home/hphung/ce25_scratch2/Claude_DeepRL_Population_Models/real_ecology_runs/adapted_32cell_diagnostic_pending/code/docs/history/PLAN_single_real_data_repo_with_dummy_setpoint_REVISED_2026-07-09.md	490
absolute-path	MAIN	/home/hphung/ce25_scratch2/Claude_DeepRL_Population_Models/real_ecology_runs/adapted_32cell_diagnostic_pending/code/docs/history/REPO_BRIEF.md	18,128,138,238,241
cluster-assumption	MAIN	/home/hphung/ce25_scratch2/Claude_DeepRL_Population_Models/real_ecology_runs/adapted_32cell_diagnostic_pending/code/docs/history/REPO_BRIEF.md	169,175
absolute-path	MAIN	/home/hphung/ce25_scratch2/Claude_DeepRL_Population_Models/real_ecology_runs/adapted_32cell_diagnostic_pending/code/docs/history/SPEC_documentation_bundle_2026-07-10.md	6
absolute-path	MAIN	/home/hphung/ce25_scratch2/Claude_DeepRL_Population_Models/real_ecology_runs/adapted_32cell_diagnostic_pending/code/docs/history/add_baseline_md/add_bamcts_to_stress116_flow.md	189,219
cluster-assumption	MAIN	/home/hphung/ce25_scratch2/Claude_DeepRL_Population_Models/real_ecology_runs/adapted_32cell_diagnostic_pending/code/docs/history/add_baseline_md/add_bamcts_to_stress116_flow.md	204
cluster-assumption	MAIN	/home/hphung/ce25_scratch2/Claude_DeepRL_Population_Models/real_ecology_runs/adapted_32cell_diagnostic_pending/code/docs/history/add_baseline_md/add_baseline_deeprl.md	14
absolute-path	MAIN	/home/hphung/ce25_scratch2/Claude_DeepRL_Population_Models/real_ecology_runs/adapted_32cell_diagnostic_pending/code/docs/history/add_baseline_md/add_baseline_offlinerl_ecology.md	200
absolute-path	MAIN	/home/hphung/ce25_scratch2/Claude_DeepRL_Population_Models/real_ecology_runs/adapted_32cell_diagnostic_pending/code/docs/history/codex_claude_conversation_md/136_claude_ask_codex_modify.md	34
cluster-assumption	MAIN	/home/hphung/ce25_scratch2/Claude_DeepRL_Population_Models/real_ecology_runs/adapted_32cell_diagnostic_pending/code/docs/history/codex_claude_conversation_md/136_claude_ask_codex_modify.md	18,29
absolute-path	MAIN	/home/hphung/ce25_scratch2/Claude_DeepRL_Population_Models/real_ecology_runs/adapted_32cell_diagnostic_pending/code/docs/history/codex_claude_conversation_md/137_claude_final_benchmark_halfday_config.md	86
cluster-assumption	MAIN	/home/hphung/ce25_scratch2/Claude_DeepRL_Population_Models/real_ecology_runs/adapted_32cell_diagnostic_pending/code/docs/history/codex_claude_conversation_md/137_claude_final_benchmark_halfday_config.md	59,89
absolute-path	MAIN	/home/hphung/ce25_scratch2/Claude_DeepRL_Population_Models/real_ecology_runs/adapted_32cell_diagnostic_pending/code/docs/history/codex_claude_conversation_md/claude_session_handoff_2026-06-13.md	11,12
cluster-assumption	MAIN	/home/hphung/ce25_scratch2/Claude_DeepRL_Population_Models/real_ecology_runs/adapted_32cell_diagnostic_pending/code/docs/history/codex_claude_conversation_md/claude_session_handoff_2026-06-13.md	15,17,173,209
absolute-path	MAIN	/home/hphung/ce25_scratch2/Claude_DeepRL_Population_Models/real_ecology_runs/adapted_32cell_diagnostic_pending/code/docs/history/codex_claude_conversation_md/codex_116_full_benchmark_run_status.md	162,174
cluster-assumption	MAIN	/home/hphung/ce25_scratch2/Claude_DeepRL_Population_Models/real_ecology_runs/adapted_32cell_diagnostic_pending/code/docs/history/codex_claude_conversation_md/codex_116_full_benchmark_run_status.md	3,161,173
absolute-path	MAIN	/home/hphung/ce25_scratch2/Claude_DeepRL_Population_Models/real_ecology_runs/adapted_32cell_diagnostic_pending/code/docs/history/codex_claude_conversation_md/codex_116_full_benchmark_run_status_long_run_5_7_days.md	116,127,139,151
cluster-assumption	MAIN	/home/hphung/ce25_scratch2/Claude_DeepRL_Population_Models/real_ecology_runs/adapted_32cell_diagnostic_pending/code/docs/history/codex_claude_conversation_md/codex_116_full_benchmark_run_status_long_run_5_7_days.md	116,126,138,150
cluster-assumption	MAIN	/home/hphung/ce25_scratch2/Claude_DeepRL_Population_Models/real_ecology_runs/adapted_32cell_diagnostic_pending/code/docs/history/codex_claude_conversation_md/codex_116_implementation_summary.md	212
cluster-assumption	MAIN	/home/hphung/ce25_scratch2/Claude_DeepRL_Population_Models/real_ecology_runs/adapted_32cell_diagnostic_pending/code/docs/history/codex_claude_conversation_md/codex_agree_disagree_136_claude_plan.md	30,104,196,208
absolute-path	MAIN	/home/hphung/ce25_scratch2/Claude_DeepRL_Population_Models/real_ecology_runs/adapted_32cell_diagnostic_pending/code/docs/history/codex_claude_conversation_md/codex_chat_handoff_phase116_future_tasks.md	11
cluster-assumption	MAIN	/home/hphung/ce25_scratch2/Claude_DeepRL_Population_Models/real_ecology_runs/adapted_32cell_diagnostic_pending/code/docs/history/codex_claude_conversation_md/codex_chat_handoff_phase116_future_tasks.md	189,288
cluster-assumption	MAIN	/home/hphung/ce25_scratch2/Claude_DeepRL_Population_Models/real_ecology_runs/adapted_32cell_diagnostic_pending/code/docs/history/codex_experiment_plan.md	94,95,98,99,191,563
absolute-path	MAIN	/home/hphung/ce25_scratch2/Claude_DeepRL_Population_Models/real_ecology_runs/adapted_32cell_diagnostic_pending/code/docs/history/next_chat_selected_algorithm_handoff.md	10,137,365
cluster-assumption	MAIN	/home/hphung/ce25_scratch2/Claude_DeepRL_Population_Models/real_ecology_runs/adapted_32cell_diagnostic_pending/code/docs/history/next_chat_selected_algorithm_handoff.md	138
cluster-assumption	MAIN	/home/hphung/ce25_scratch2/Claude_DeepRL_Population_Models/real_ecology_runs/adapted_32cell_diagnostic_pending/code/docs/history/stress_pomdp_116_continuous_successor_handoff.md	60,64,85,90,95
cluster-assumption	MAIN	/home/hphung/ce25_scratch2/Claude_DeepRL_Population_Models/real_ecology_runs/adapted_32cell_diagnostic_pending/code/docs/real_ecology_history/29_6_claude_runner_verification.md	13,24,38,49,50,60,76
cluster-assumption	MAIN	/home/hphung/ce25_scratch2/Claude_DeepRL_Population_Models/real_ecology_runs/adapted_32cell_diagnostic_pending/code/docs/real_ecology_history/29_6_codex_gpu_cpu_backend_audit.md	15,141,149,151,161,163,167,222,230
cluster-assumption	MAIN	/home/hphung/ce25_scratch2/Claude_DeepRL_Population_Models/real_ecology_runs/adapted_32cell_diagnostic_pending/code/docs/real_ecology_history/29_6_codex_gpu_cpu_backend_fixes.md	69,74
cluster-assumption	MAIN	/home/hphung/ce25_scratch2/Claude_DeepRL_Population_Models/real_ecology_runs/adapted_32cell_diagnostic_pending/code/docs/real_ecology_history/29_6_codex_real_ecology_experiment_and_scripts_plan.md	127,130,298,316,324,328,339,356,359,362,366,387,390,393,396,400
cluster-assumption	MAIN	/home/hphung/ce25_scratch2/Claude_DeepRL_Population_Models/real_ecology_runs/adapted_32cell_diagnostic_pending/code/docs/real_ecology_history/29_6_codex_response_to_claude_runner_verification.md	29
cluster-assumption	MAIN	/home/hphung/ce25_scratch2/Claude_DeepRL_Population_Models/real_ecology_runs/adapted_32cell_diagnostic_pending/code/docs/real_ecology_history/29_6_gpu_cpu_backend_implementation_plan.md	276,277,285,286,287
cluster-assumption	MAIN	/home/hphung/ce25_scratch2/Claude_DeepRL_Population_Models/real_ecology_runs/adapted_32cell_diagnostic_pending/code/scripts/phase2_launch.py	365
cluster-assumption	MAIN	/home/hphung/ce25_scratch2/Claude_DeepRL_Population_Models/real_ecology_runs/adapted_32cell_diagnostic_pending/code/scripts/phase2_one_cpu_equivalence_probe.py	38,39,40
cluster-assumption	MAIN	/home/hphung/ce25_scratch2/Claude_DeepRL_Population_Models/real_ecology_runs/adapted_32cell_diagnostic_pending/code/scripts/phase2_thread_entry.py	21,22,23
cluster-assumption	MAIN	/home/hphung/ce25_scratch2/Claude_DeepRL_Population_Models/real_ecology_runs/adapted_32cell_diagnostic_pending/code/scripts/shard_manifest.py	8,15,16,17,58,60,63
cluster-assumption	MAIN	/home/hphung/ce25_scratch2/Claude_DeepRL_Population_Models/real_ecology_runs/adapted_32cell_diagnostic_pending/code/scripts/slurm/capture_trajectories.sh	2,3,4,5,6,7,8,9,12,13,17
cluster-assumption	MAIN	/home/hphung/ce25_scratch2/Claude_DeepRL_Population_Models/real_ecology_runs/adapted_32cell_diagnostic_pending/code/scripts/slurm/launch_cumulative_controls_12h_after_probe.sh	2,3,4,5,6,7,8,12,54,62,75
cluster-assumption	MAIN	/home/hphung/ce25_scratch2/Claude_DeepRL_Population_Models/real_ecology_runs/adapted_32cell_diagnostic_pending/code/scripts/slurm/run_adapted_fit_row.sh	2,3,4,5,6,7,8,15,27,28,29
cluster-assumption	MAIN	/home/hphung/ce25_scratch2/Claude_DeepRL_Population_Models/real_ecology_runs/adapted_32cell_diagnostic_pending/code/scripts/slurm/run_cumulative_controls_12h_aggregate.sh	2,3,4,5,6,7,8,12,18,19,20
cluster-assumption	MAIN	/home/hphung/ce25_scratch2/Claude_DeepRL_Population_Models/real_ecology_runs/adapted_32cell_diagnostic_pending/code/scripts/slurm/run_cumulative_controls_12h_gate_row.sh	2,3,4,5,6,7,8,12,15,33,34,35
cluster-assumption	MAIN	/home/hphung/ce25_scratch2/Claude_DeepRL_Population_Models/real_ecology_runs/adapted_32cell_diagnostic_pending/code/scripts/slurm/run_cumulative_controls_12h_gates.sh	2,3,4,5,6,7,8,12,19,20,21
cluster-assumption	MAIN	/home/hphung/ce25_scratch2/Claude_DeepRL_Population_Models/real_ecology_runs/adapted_32cell_diagnostic_pending/code/scripts/slurm/run_cumulative_controls_12h_row.sh	2,3,4,5,6,7,8,12,16,22,23,24
cluster-assumption	MAIN	/home/hphung/ce25_scratch2/Claude_DeepRL_Population_Models/real_ecology_runs/adapted_32cell_diagnostic_pending/code/scripts/slurm/run_gate_matrix.sh	2,3,4,5,6,7,8,9,13,17,18,19
cluster-assumption	MAIN	/home/hphung/ce25_scratch2/Claude_DeepRL_Population_Models/real_ecology_runs/adapted_32cell_diagnostic_pending/code/scripts/slurm/run_manifest_row.sh	2,3,4,5,6,7,8,9,13,15,19,20,21
cluster-assumption	MAIN	/home/hphung/ce25_scratch2/Claude_DeepRL_Population_Models/real_ecology_runs/adapted_32cell_diagnostic_pending/code/scripts/slurm/run_paper_faithful_row.sh	2,3,4,5,6,7,8,15,27,28,29
cluster-assumption	MAIN	/home/hphung/ce25_scratch2/Claude_DeepRL_Population_Models/real_ecology_runs/adapted_32cell_diagnostic_pending/code/scripts/slurm/run_real_aggregate.sh	2,3,4,5,6,7,8,14,15,24,25,26
cluster-assumption	MAIN	/home/hphung/ce25_scratch2/Claude_DeepRL_Population_Models/real_ecology_runs/adapted_32cell_diagnostic_pending/code/scripts/slurm/run_real_gate_row.sh	2,3,4,5,6,7,8,14,15,21,28,29,30
cluster-assumption	MAIN	/home/hphung/ce25_scratch2/Claude_DeepRL_Population_Models/real_ecology_runs/adapted_32cell_diagnostic_pending/code/scripts/slurm/run_real_row.sh	2,3,4,5,6,7,8,14,15,21,33,34,35
cluster-assumption	MAIN	/home/hphung/ce25_scratch2/Claude_DeepRL_Population_Models/real_ecology_runs/adapted_32cell_diagnostic_pending/code/scripts/slurm/run_real_row_gpu.sh	5,6,8,16,17,18,19,20,21,22,28,29,35,46,50,51,52
cluster-assumption	MAIN	/home/hphung/ce25_scratch2/Claude_DeepRL_Population_Models/real_ecology_runs/adapted_32cell_diagnostic_pending/code/scripts/slurm/submit_full.sh	10,11
absolute-path	MAIN	/home/hphung/ce25_scratch2/Claude_DeepRL_Population_Models/real_ecology_runs/adapted_32cell_diagnostic_pending/provenance/SCHEDULER_DIAGNOSIS_AND_LOWER_RESOURCE_ALTERNATIVES_20260719.md	8
cluster-assumption	MAIN	/home/hphung/ce25_scratch2/Claude_DeepRL_Population_Models/real_ecology_runs/adapted_32cell_diagnostic_pending/provenance/SCHEDULER_DIAGNOSIS_AND_LOWER_RESOURCE_ALTERNATIVES_20260719.md	8,11,15,27,44,45,46,54,78
cluster-assumption	MAIN	/home/hphung/ce25_scratch2/Claude_DeepRL_Population_Models/real_ecology_runs/adapted_plus_moor_corrected_canary_20260717_v1/code/scripts/shard_manifest.py	8,15,16,17,58,60,63
cluster-assumption	MAIN	/home/hphung/ce25_scratch2/Claude_DeepRL_Population_Models/real_ecology_runs/adapted_plus_moor_corrected_canary_20260717_v1/code/scripts/slurm/capture_trajectories.sh	2,3,4,5,6,7,8,9,12,13,17
cluster-assumption	MAIN	/home/hphung/ce25_scratch2/Claude_DeepRL_Population_Models/real_ecology_runs/adapted_plus_moor_corrected_canary_20260717_v1/code/scripts/slurm/launch_cumulative_controls_12h_after_probe.sh	2,3,4,5,6,7,8,12,54,62,75
cluster-assumption	MAIN	/home/hphung/ce25_scratch2/Claude_DeepRL_Population_Models/real_ecology_runs/adapted_plus_moor_corrected_canary_20260717_v1/code/scripts/slurm/run_adapted_fit_row.sh	2,3,4,5,6,7,8,15,27,28,29
cluster-assumption	MAIN	/home/hphung/ce25_scratch2/Claude_DeepRL_Population_Models/real_ecology_runs/adapted_plus_moor_corrected_canary_20260717_v1/code/scripts/slurm/run_cumulative_controls_12h_aggregate.sh	2,3,4,5,6,7,8,12,18,19,20
cluster-assumption	MAIN	/home/hphung/ce25_scratch2/Claude_DeepRL_Population_Models/real_ecology_runs/adapted_plus_moor_corrected_canary_20260717_v1/code/scripts/slurm/run_cumulative_controls_12h_gate_row.sh	2,3,4,5,6,7,8,12,15,33,34,35
cluster-assumption	MAIN	/home/hphung/ce25_scratch2/Claude_DeepRL_Population_Models/real_ecology_runs/adapted_plus_moor_corrected_canary_20260717_v1/code/scripts/slurm/run_cumulative_controls_12h_gates.sh	2,3,4,5,6,7,8,12,19,20,21
cluster-assumption	MAIN	/home/hphung/ce25_scratch2/Claude_DeepRL_Population_Models/real_ecology_runs/adapted_plus_moor_corrected_canary_20260717_v1/code/scripts/slurm/run_cumulative_controls_12h_row.sh	2,3,4,5,6,7,8,12,16,22,23,24
cluster-assumption	MAIN	/home/hphung/ce25_scratch2/Claude_DeepRL_Population_Models/real_ecology_runs/adapted_plus_moor_corrected_canary_20260717_v1/code/scripts/slurm/run_gate_matrix.sh	2,3,4,5,6,7,8,9,13,17,18,19
cluster-assumption	MAIN	/home/hphung/ce25_scratch2/Claude_DeepRL_Population_Models/real_ecology_runs/adapted_plus_moor_corrected_canary_20260717_v1/code/scripts/slurm/run_manifest_row.sh	2,3,4,5,6,7,8,9,13,15,19,20,21
cluster-assumption	MAIN	/home/hphung/ce25_scratch2/Claude_DeepRL_Population_Models/real_ecology_runs/adapted_plus_moor_corrected_canary_20260717_v1/code/scripts/slurm/run_paper_faithful_row.sh	2,3,4,5,6,7,8,15,27,28,29
cluster-assumption	MAIN	/home/hphung/ce25_scratch2/Claude_DeepRL_Population_Models/real_ecology_runs/adapted_plus_moor_corrected_canary_20260717_v1/code/scripts/slurm/run_real_aggregate.sh	2,3,4,5,6,7,8,14,15,24,25,26
cluster-assumption	MAIN	/home/hphung/ce25_scratch2/Claude_DeepRL_Population_Models/real_ecology_runs/adapted_plus_moor_corrected_canary_20260717_v1/code/scripts/slurm/run_real_gate_row.sh	2,3,4,5,6,7,8,14,15,21,28,29,30
cluster-assumption	MAIN	/home/hphung/ce25_scratch2/Claude_DeepRL_Population_Models/real_ecology_runs/adapted_plus_moor_corrected_canary_20260717_v1/code/scripts/slurm/run_real_row.sh	2,3,4,5,6,7,8,14,15,21,33,34,35
cluster-assumption	MAIN	/home/hphung/ce25_scratch2/Claude_DeepRL_Population_Models/real_ecology_runs/adapted_plus_moor_corrected_canary_20260717_v1/code/scripts/slurm/run_real_row_gpu.sh	5,6,8,16,17,18,19,20,21,22,28,29,35,46,50,51,52
cluster-assumption	MAIN	/home/hphung/ce25_scratch2/Claude_DeepRL_Population_Models/real_ecology_runs/adapted_plus_moor_corrected_canary_20260717_v1/code/scripts/slurm/submit_full.sh	10,11
absolute-path	MAIN	/home/hphung/ce25_scratch2/Claude_DeepRL_Population_Models/real_ecology_runs/adapted_plus_moor_corrected_canary_20260717_v1/manifests/registration.json	40
cluster-assumption	MAIN	/home/hphung/ce25_scratch2/Claude_DeepRL_Population_Models/real_ecology_runs/general_audit_20260712/code/docs/benchmark/SERVER_PLAN_general_method_audit.md	199
cluster-assumption	MAIN	/home/hphung/ce25_scratch2/Claude_DeepRL_Population_Models/real_ecology_runs/general_audit_20260712/code/docs/benchmark/SERVER_PLAN_motivation_native_run.md	47,133,134,135,136,138,189
absolute-path	MAIN	/home/hphung/ce25_scratch2/Claude_DeepRL_Population_Models/real_ecology_runs/general_audit_20260712/code/docs/benchmark/SERVER_STATUS_motivation_native_launch_readiness.md	29,73
cluster-assumption	MAIN	/home/hphung/ce25_scratch2/Claude_DeepRL_Population_Models/real_ecology_runs/general_audit_20260712/code/docs/benchmark/SERVER_STATUS_motivation_native_launch_readiness.md	23,77
cluster-assumption	MAIN	/home/hphung/ce25_scratch2/Claude_DeepRL_Population_Models/real_ecology_runs/general_audit_20260712/code/run_analysis.sh	2,3,4,5,6,7,8
cluster-assumption	MAIN	/home/hphung/ce25_scratch2/Claude_DeepRL_Population_Models/real_ecology_runs/general_audit_20260712/code/run_rows.sh	2,3,4,5,6,7,24
cluster-assumption	MAIN	/home/hphung/ce25_scratch2/Claude_DeepRL_Population_Models/real_ecology_runs/general_audit_20260712/code/scripts/shard_manifest.py	8,15,16,17,58,60,63
cluster-assumption	MAIN	/home/hphung/ce25_scratch2/Claude_DeepRL_Population_Models/real_ecology_runs/general_audit_20260712/code/scripts/slurm/capture_trajectories.sh	2,3,4,5,6,7,8,9,12,13,17
cluster-assumption	MAIN	/home/hphung/ce25_scratch2/Claude_DeepRL_Population_Models/real_ecology_runs/general_audit_20260712/code/scripts/slurm/launch_cumulative_controls_12h_after_probe.sh	2,3,4,5,6,7,8,12,54,62,75
cluster-assumption	MAIN	/home/hphung/ce25_scratch2/Claude_DeepRL_Population_Models/real_ecology_runs/general_audit_20260712/code/scripts/slurm/run_cumulative_controls_12h_aggregate.sh	2,3,4,5,6,7,8,12,18,19,20
cluster-assumption	MAIN	/home/hphung/ce25_scratch2/Claude_DeepRL_Population_Models/real_ecology_runs/general_audit_20260712/code/scripts/slurm/run_cumulative_controls_12h_gate_row.sh	2,3,4,5,6,7,8,12,15,33,34,35
cluster-assumption	MAIN	/home/hphung/ce25_scratch2/Claude_DeepRL_Population_Models/real_ecology_runs/general_audit_20260712/code/scripts/slurm/run_cumulative_controls_12h_gates.sh	2,3,4,5,6,7,8,12,19,20,21
cluster-assumption	MAIN	/home/hphung/ce25_scratch2/Claude_DeepRL_Population_Models/real_ecology_runs/general_audit_20260712/code/scripts/slurm/run_cumulative_controls_12h_row.sh	2,3,4,5,6,7,8,12,16,22,23,24
cluster-assumption	MAIN	/home/hphung/ce25_scratch2/Claude_DeepRL_Population_Models/real_ecology_runs/general_audit_20260712/code/scripts/slurm/run_gate_matrix.sh	2,3,4,5,6,7,8,9,13,17,18,19
cluster-assumption	MAIN	/home/hphung/ce25_scratch2/Claude_DeepRL_Population_Models/real_ecology_runs/general_audit_20260712/code/scripts/slurm/run_manifest_row.sh	2,3,4,5,6,7,8,9,13,15,19,20,21
cluster-assumption	MAIN	/home/hphung/ce25_scratch2/Claude_DeepRL_Population_Models/real_ecology_runs/general_audit_20260712/code/scripts/slurm/run_real_aggregate.sh	2,3,4,5,6,7,8,14,15,24,25,26
cluster-assumption	MAIN	/home/hphung/ce25_scratch2/Claude_DeepRL_Population_Models/real_ecology_runs/general_audit_20260712/code/scripts/slurm/run_real_gate_row.sh	2,3,4,5,6,7,8,14,15,21,28,29,30
cluster-assumption	MAIN	/home/hphung/ce25_scratch2/Claude_DeepRL_Population_Models/real_ecology_runs/general_audit_20260712/code/scripts/slurm/run_real_row.sh	2,3,4,5,6,7,8,14,15,21,33,34,35
cluster-assumption	MAIN	/home/hphung/ce25_scratch2/Claude_DeepRL_Population_Models/real_ecology_runs/general_audit_20260712/code/scripts/slurm/run_real_row_gpu.sh	5,6,8,16,17,18,19,20,21,22,28,29,35,46,50,51,52
cluster-assumption	MAIN	/home/hphung/ce25_scratch2/Claude_DeepRL_Population_Models/real_ecology_runs/general_audit_20260712/code/scripts/slurm/submit_full.sh	10,11
cluster-assumption	MAIN	/home/hphung/ce25_scratch2/Claude_DeepRL_Population_Models/real_ecology_runs/general_audit_20260712/code/submit_blocks.sh	50,71
cluster-assumption	MAIN	/home/hphung/ce25_scratch2/Claude_DeepRL_Population_Models/real_ecology_runs/general_audit_20260712/run_analysis.sh	2,3,4,5,6,7,8
cluster-assumption	MAIN	/home/hphung/ce25_scratch2/Claude_DeepRL_Population_Models/real_ecology_runs/general_audit_20260712/run_block.sh	2,3,4,5,6,7,26,30
cluster-assumption	MAIN	/home/hphung/ce25_scratch2/Claude_DeepRL_Population_Models/real_ecology_runs/general_audit_20260712/run_rows.sh	2,3,4,5,6,7,24
cluster-assumption	MAIN	/home/hphung/ce25_scratch2/Claude_DeepRL_Population_Models/real_ecology_runs/general_audit_20260712/submit_blocks.sh	50,71
absolute-path	MAIN	/home/hphung/ce25_scratch2/Claude_DeepRL_Population_Models/real_ecology_runs/hidden_rk_comparison_20260716/analysis/run_report_trajectory_capture.sh	9
cluster-assumption	MAIN	/home/hphung/ce25_scratch2/Claude_DeepRL_Population_Models/real_ecology_runs/hidden_rk_comparison_20260716/analysis/run_report_trajectory_capture.sh	2,3,4,5,6,11,14
absolute-path	MAIN	/home/hphung/ce25_scratch2/Claude_DeepRL_Population_Models/real_ecology_runs/hidden_rk_comparison_20260716/code/docs/benchmark/SERVER_HANDOFF_hidden_rk_experiment_setting.md	8
cluster-assumption	MAIN	/home/hphung/ce25_scratch2/Claude_DeepRL_Population_Models/real_ecology_runs/hidden_rk_comparison_20260716/code/scripts/shard_manifest.py	8,15,16,17,58,60,63
cluster-assumption	MAIN	/home/hphung/ce25_scratch2/Claude_DeepRL_Population_Models/real_ecology_runs/hidden_rk_comparison_20260716/code/scripts/slurm/capture_trajectories.sh	2,3,4,5,6,7,8,9,12,13,17
cluster-assumption	MAIN	/home/hphung/ce25_scratch2/Claude_DeepRL_Population_Models/real_ecology_runs/hidden_rk_comparison_20260716/code/scripts/slurm/launch_cumulative_controls_12h_after_probe.sh	2,3,4,5,6,7,8,12,54,62,75
cluster-assumption	MAIN	/home/hphung/ce25_scratch2/Claude_DeepRL_Population_Models/real_ecology_runs/hidden_rk_comparison_20260716/code/scripts/slurm/run_cumulative_controls_12h_aggregate.sh	2,3,4,5,6,7,8,12,18,19,20
cluster-assumption	MAIN	/home/hphung/ce25_scratch2/Claude_DeepRL_Population_Models/real_ecology_runs/hidden_rk_comparison_20260716/code/scripts/slurm/run_cumulative_controls_12h_gate_row.sh	2,3,4,5,6,7,8,12,15,33,34,35
cluster-assumption	MAIN	/home/hphung/ce25_scratch2/Claude_DeepRL_Population_Models/real_ecology_runs/hidden_rk_comparison_20260716/code/scripts/slurm/run_cumulative_controls_12h_gates.sh	2,3,4,5,6,7,8,12,19,20,21
cluster-assumption	MAIN	/home/hphung/ce25_scratch2/Claude_DeepRL_Population_Models/real_ecology_runs/hidden_rk_comparison_20260716/code/scripts/slurm/run_cumulative_controls_12h_row.sh	2,3,4,5,6,7,8,12,16,22,23,24
cluster-assumption	MAIN	/home/hphung/ce25_scratch2/Claude_DeepRL_Population_Models/real_ecology_runs/hidden_rk_comparison_20260716/code/scripts/slurm/run_gate_matrix.sh	2,3,4,5,6,7,8,9,13,17,18,19
cluster-assumption	MAIN	/home/hphung/ce25_scratch2/Claude_DeepRL_Population_Models/real_ecology_runs/hidden_rk_comparison_20260716/code/scripts/slurm/run_manifest_row.sh	2,3,4,5,6,7,8,9,13,15,19,20,21
cluster-assumption	MAIN	/home/hphung/ce25_scratch2/Claude_DeepRL_Population_Models/real_ecology_runs/hidden_rk_comparison_20260716/code/scripts/slurm/run_real_aggregate.sh	2,3,4,5,6,7,8,14,15,24,25,26
cluster-assumption	MAIN	/home/hphung/ce25_scratch2/Claude_DeepRL_Population_Models/real_ecology_runs/hidden_rk_comparison_20260716/code/scripts/slurm/run_real_gate_row.sh	2,3,4,5,6,7,8,14,15,21,28,29,30
cluster-assumption	MAIN	/home/hphung/ce25_scratch2/Claude_DeepRL_Population_Models/real_ecology_runs/hidden_rk_comparison_20260716/code/scripts/slurm/run_real_row.sh	2,3,4,5,6,7,8,14,15,21,33,34,35
cluster-assumption	MAIN	/home/hphung/ce25_scratch2/Claude_DeepRL_Population_Models/real_ecology_runs/hidden_rk_comparison_20260716/code/scripts/slurm/run_real_row_gpu.sh	5,6,8,16,17,18,19,20,21,22,28,29,35,46,50,51,52
cluster-assumption	MAIN	/home/hphung/ce25_scratch2/Claude_DeepRL_Population_Models/real_ecology_runs/hidden_rk_comparison_20260716/code/scripts/slurm/submit_full.sh	10,11
cluster-assumption	MAIN	/home/hphung/ce25_scratch2/Claude_DeepRL_Population_Models/real_ecology_runs/hidden_rk_comparison_20260716/run_analysis.sh	3,4,5,6,7,8,9
cluster-assumption	MAIN	/home/hphung/ce25_scratch2/Claude_DeepRL_Population_Models/real_ecology_runs/hidden_rk_comparison_20260716/run_block.sh	3,4,5,6,7,8,16,20
cluster-assumption	MAIN	/home/hphung/ce25_scratch2/Claude_DeepRL_Population_Models/real_ecology_runs/hidden_rk_comparison_20260716/submit_sweep.sh	18,22,26
cluster-assumption	MAIN	/home/hphung/ce25_scratch2/Claude_DeepRL_Population_Models/real_ecology_runs/motivation_native_20260711/code/docs/benchmark/SERVER_PLAN_motivation_native_run.md	47,130,131,132,133,135
cluster-assumption	MAIN	/home/hphung/ce25_scratch2/Claude_DeepRL_Population_Models/real_ecology_runs/motivation_native_20260711/code/scripts/shard_manifest.py	8,15,16,17,58,60,63
cluster-assumption	MAIN	/home/hphung/ce25_scratch2/Claude_DeepRL_Population_Models/real_ecology_runs/motivation_native_20260711/code/scripts/slurm/capture_trajectories.sh	2,3,4,5,6,7,8,9,12,13,17
cluster-assumption	MAIN	/home/hphung/ce25_scratch2/Claude_DeepRL_Population_Models/real_ecology_runs/motivation_native_20260711/code/scripts/slurm/launch_cumulative_controls_12h_after_probe.sh	2,3,4,5,6,7,8,12,54,62,75
cluster-assumption	MAIN	/home/hphung/ce25_scratch2/Claude_DeepRL_Population_Models/real_ecology_runs/motivation_native_20260711/code/scripts/slurm/run_cumulative_controls_12h_aggregate.sh	2,3,4,5,6,7,8,12,18,19,20
cluster-assumption	MAIN	/home/hphung/ce25_scratch2/Claude_DeepRL_Population_Models/real_ecology_runs/motivation_native_20260711/code/scripts/slurm/run_cumulative_controls_12h_gate_row.sh	2,3,4,5,6,7,8,12,15,33,34,35
cluster-assumption	MAIN	/home/hphung/ce25_scratch2/Claude_DeepRL_Population_Models/real_ecology_runs/motivation_native_20260711/code/scripts/slurm/run_cumulative_controls_12h_gates.sh	2,3,4,5,6,7,8,12,19,20,21
cluster-assumption	MAIN	/home/hphung/ce25_scratch2/Claude_DeepRL_Population_Models/real_ecology_runs/motivation_native_20260711/code/scripts/slurm/run_cumulative_controls_12h_row.sh	2,3,4,5,6,7,8,12,16,22,23,24
cluster-assumption	MAIN	/home/hphung/ce25_scratch2/Claude_DeepRL_Population_Models/real_ecology_runs/motivation_native_20260711/code/scripts/slurm/run_gate_matrix.sh	2,3,4,5,6,7,8,9,13,17,18,19
cluster-assumption	MAIN	/home/hphung/ce25_scratch2/Claude_DeepRL_Population_Models/real_ecology_runs/motivation_native_20260711/code/scripts/slurm/run_manifest_row.sh	2,3,4,5,6,7,8,9,13,15,19,20,21
cluster-assumption	MAIN	/home/hphung/ce25_scratch2/Claude_DeepRL_Population_Models/real_ecology_runs/motivation_native_20260711/code/scripts/slurm/run_real_aggregate.sh	2,3,4,5,6,7,8,14,15,24,25,26
cluster-assumption	MAIN	/home/hphung/ce25_scratch2/Claude_DeepRL_Population_Models/real_ecology_runs/motivation_native_20260711/code/scripts/slurm/run_real_gate_row.sh	2,3,4,5,6,7,8,14,15,21,28,29,30
cluster-assumption	MAIN	/home/hphung/ce25_scratch2/Claude_DeepRL_Population_Models/real_ecology_runs/motivation_native_20260711/code/scripts/slurm/run_real_row.sh	2,3,4,5,6,7,8,14,15,21,33,34,35
cluster-assumption	MAIN	/home/hphung/ce25_scratch2/Claude_DeepRL_Population_Models/real_ecology_runs/motivation_native_20260711/code/scripts/slurm/run_real_row_gpu.sh	5,6,8,16,17,18,19,20,21,22,28,29,35,46,50,51,52
cluster-assumption	MAIN	/home/hphung/ce25_scratch2/Claude_DeepRL_Population_Models/real_ecology_runs/motivation_native_20260711/code/scripts/slurm/submit_full.sh	10,11
absolute-path	MAIN	/home/hphung/ce25_scratch2/Claude_DeepRL_Population_Models/real_ecology_runs/motivation_native_20260711/prepare_run.sh	10
cluster-assumption	MAIN	/home/hphung/ce25_scratch2/Claude_DeepRL_Population_Models/real_ecology_runs/motivation_native_20260711/prepare_run.sh	68
cluster-assumption	MAIN	/home/hphung/ce25_scratch2/Claude_DeepRL_Population_Models/real_ecology_runs/motivation_native_20260711/run_analysis.sh	2,3,4,5,6,7,8
cluster-assumption	MAIN	/home/hphung/ce25_scratch2/Claude_DeepRL_Population_Models/real_ecology_runs/motivation_native_20260711/run_block.sh	2,3,4,5,6,7,8,26,32
cluster-assumption	MAIN	/home/hphung/ce25_scratch2/Claude_DeepRL_Population_Models/real_ecology_runs/motivation_native_20260711/submit_blocks.sh	30,51
absolute-path	MAIN	/home/hphung/ce25_scratch2/Claude_DeepRL_Population_Models/real_ecology_runs/option_a_three_species_safe_completion_20260723_v1/acceptance_moor_crab.json	25,26,75,76,125,126,175,176,225,226,275,276,325,326,375,376
absolute-path	MAIN	/home/hphung/ce25_scratch2/Claude_DeepRL_Population_Models/real_ecology_runs/option_a_three_species_safe_completion_20260723_v1/acceptance_plus_alignment.json	25,26,82,83
absolute-path	MAIN	/home/hphung/ce25_scratch2/Claude_DeepRL_Population_Models/real_ecology_runs/option_a_three_species_safe_completion_20260723_v1/analysis_tools/build_matched_144.py	25
absolute-path	MAIN	/home/hphung/ce25_scratch2/Claude_DeepRL_Population_Models/real_ecology_runs/option_a_three_species_safe_completion_20260723_v1/analysis_tools/run_matched_144.sh	3,4
cluster-assumption	MAIN	/home/hphung/ce25_scratch2/Claude_DeepRL_Population_Models/real_ecology_runs/option_a_three_species_safe_completion_20260723_v1/launch_package/scripts/option_a_dispatch.py	281,282,283
absolute-path	MAIN	/home/hphung/ce25_scratch2/Claude_DeepRL_Population_Models/real_ecology_runs/option_a_three_species_safe_completion_20260723_v1/launch_package/scripts/prepare_option_a.py	21
absolute-path	MAIN	/home/hphung/ce25_scratch2/Claude_DeepRL_Population_Models/real_ecology_runs/option_a_three_species_safe_completion_20260723_v1/launch_package/slurm/run_acceptance.sh	5,20
absolute-path	MAIN	/home/hphung/ce25_scratch2/Claude_DeepRL_Population_Models/real_ecology_runs/option_a_three_species_safe_completion_20260723_v1/launch_package/slurm/run_moor_array.sh	7,8
cluster-assumption	MAIN	/home/hphung/ce25_scratch2/Claude_DeepRL_Population_Models/real_ecology_runs/option_a_three_species_safe_completion_20260723_v1/launch_package/slurm/run_moor_array.sh	3,4,5,9
absolute-path	MAIN	/home/hphung/ce25_scratch2/Claude_DeepRL_Population_Models/real_ecology_runs/option_a_three_species_safe_completion_20260723_v1/launch_package/slurm/run_plus_array.sh	7,8
cluster-assumption	MAIN	/home/hphung/ce25_scratch2/Claude_DeepRL_Population_Models/real_ecology_runs/option_a_three_species_safe_completion_20260723_v1/launch_package/slurm/run_plus_array.sh	3,4,5,9
cluster-assumption	MAIN	/home/hphung/ce25_scratch2/Claude_DeepRL_Population_Models/real_ecology_runs/paper_faithful_one_cell_4000_20260717_v1/RUN_HANDOFF.md	62,63
cluster-assumption	MAIN	/home/hphung/ce25_scratch2/Claude_DeepRL_Population_Models/real_ecology_runs/paper_faithful_one_cell_4000_20260717_v1/code/scripts/shard_manifest.py	8,15,16,17,58,60,63
cluster-assumption	MAIN	/home/hphung/ce25_scratch2/Claude_DeepRL_Population_Models/real_ecology_runs/paper_faithful_one_cell_4000_20260717_v1/code/scripts/slurm/capture_trajectories.sh	2,3,4,5,6,7,8,9,12,13,17
cluster-assumption	MAIN	/home/hphung/ce25_scratch2/Claude_DeepRL_Population_Models/real_ecology_runs/paper_faithful_one_cell_4000_20260717_v1/code/scripts/slurm/launch_cumulative_controls_12h_after_probe.sh	2,3,4,5,6,7,8,12,54,62,75
cluster-assumption	MAIN	/home/hphung/ce25_scratch2/Claude_DeepRL_Population_Models/real_ecology_runs/paper_faithful_one_cell_4000_20260717_v1/code/scripts/slurm/run_cumulative_controls_12h_aggregate.sh	2,3,4,5,6,7,8,12,18,19,20
cluster-assumption	MAIN	/home/hphung/ce25_scratch2/Claude_DeepRL_Population_Models/real_ecology_runs/paper_faithful_one_cell_4000_20260717_v1/code/scripts/slurm/run_cumulative_controls_12h_gate_row.sh	2,3,4,5,6,7,8,12,15,33,34,35
cluster-assumption	MAIN	/home/hphung/ce25_scratch2/Claude_DeepRL_Population_Models/real_ecology_runs/paper_faithful_one_cell_4000_20260717_v1/code/scripts/slurm/run_cumulative_controls_12h_gates.sh	2,3,4,5,6,7,8,12,19,20,21
cluster-assumption	MAIN	/home/hphung/ce25_scratch2/Claude_DeepRL_Population_Models/real_ecology_runs/paper_faithful_one_cell_4000_20260717_v1/code/scripts/slurm/run_cumulative_controls_12h_row.sh	2,3,4,5,6,7,8,12,16,22,23,24
cluster-assumption	MAIN	/home/hphung/ce25_scratch2/Claude_DeepRL_Population_Models/real_ecology_runs/paper_faithful_one_cell_4000_20260717_v1/code/scripts/slurm/run_gate_matrix.sh	2,3,4,5,6,7,8,9,13,17,18,19
cluster-assumption	MAIN	/home/hphung/ce25_scratch2/Claude_DeepRL_Population_Models/real_ecology_runs/paper_faithful_one_cell_4000_20260717_v1/code/scripts/slurm/run_manifest_row.sh	2,3,4,5,6,7,8,9,13,15,19,20,21
cluster-assumption	MAIN	/home/hphung/ce25_scratch2/Claude_DeepRL_Population_Models/real_ecology_runs/paper_faithful_one_cell_4000_20260717_v1/code/scripts/slurm/run_paper_faithful_row.sh	2,3,4,5,6,7,8,15,27,28,29
cluster-assumption	MAIN	/home/hphung/ce25_scratch2/Claude_DeepRL_Population_Models/real_ecology_runs/paper_faithful_one_cell_4000_20260717_v1/code/scripts/slurm/run_real_aggregate.sh	2,3,4,5,6,7,8,14,15,24,25,26
cluster-assumption	MAIN	/home/hphung/ce25_scratch2/Claude_DeepRL_Population_Models/real_ecology_runs/paper_faithful_one_cell_4000_20260717_v1/code/scripts/slurm/run_real_gate_row.sh	2,3,4,5,6,7,8,14,15,21,28,29,30
cluster-assumption	MAIN	/home/hphung/ce25_scratch2/Claude_DeepRL_Population_Models/real_ecology_runs/paper_faithful_one_cell_4000_20260717_v1/code/scripts/slurm/run_real_row.sh	2,3,4,5,6,7,8,14,15,21,33,34,35
cluster-assumption	MAIN	/home/hphung/ce25_scratch2/Claude_DeepRL_Population_Models/real_ecology_runs/paper_faithful_one_cell_4000_20260717_v1/code/scripts/slurm/run_real_row_gpu.sh	5,6,8,16,17,18,19,20,21,22,28,29,35,46,50,51,52
cluster-assumption	MAIN	/home/hphung/ce25_scratch2/Claude_DeepRL_Population_Models/real_ecology_runs/paper_faithful_one_cell_4000_20260717_v1/code/scripts/slurm/submit_full.sh	10,11
absolute-path	MAIN	/home/hphung/ce25_scratch2/Claude_DeepRL_Population_Models/real_ecology_runs/paper_faithful_one_cell_4000_20260717_v1/manifests/registration.json	21
cluster-assumption	MAIN	/home/hphung/ce25_scratch2/Claude_DeepRL_Population_Models/real_ecology_runs/paper_faithful_smoke_20260717/code/scripts/shard_manifest.py	8,15,16,17,58,60,63
cluster-assumption	MAIN	/home/hphung/ce25_scratch2/Claude_DeepRL_Population_Models/real_ecology_runs/paper_faithful_smoke_20260717/code/scripts/slurm/capture_trajectories.sh	2,3,4,5,6,7,8,9,12,13,17
cluster-assumption	MAIN	/home/hphung/ce25_scratch2/Claude_DeepRL_Population_Models/real_ecology_runs/paper_faithful_smoke_20260717/code/scripts/slurm/launch_cumulative_controls_12h_after_probe.sh	2,3,4,5,6,7,8,12,54,62,75
cluster-assumption	MAIN	/home/hphung/ce25_scratch2/Claude_DeepRL_Population_Models/real_ecology_runs/paper_faithful_smoke_20260717/code/scripts/slurm/run_cumulative_controls_12h_aggregate.sh	2,3,4,5,6,7,8,12,18,19,20
cluster-assumption	MAIN	/home/hphung/ce25_scratch2/Claude_DeepRL_Population_Models/real_ecology_runs/paper_faithful_smoke_20260717/code/scripts/slurm/run_cumulative_controls_12h_gate_row.sh	2,3,4,5,6,7,8,12,15,33,34,35
cluster-assumption	MAIN	/home/hphung/ce25_scratch2/Claude_DeepRL_Population_Models/real_ecology_runs/paper_faithful_smoke_20260717/code/scripts/slurm/run_cumulative_controls_12h_gates.sh	2,3,4,5,6,7,8,12,19,20,21
cluster-assumption	MAIN	/home/hphung/ce25_scratch2/Claude_DeepRL_Population_Models/real_ecology_runs/paper_faithful_smoke_20260717/code/scripts/slurm/run_cumulative_controls_12h_row.sh	2,3,4,5,6,7,8,12,16,22,23,24
cluster-assumption	MAIN	/home/hphung/ce25_scratch2/Claude_DeepRL_Population_Models/real_ecology_runs/paper_faithful_smoke_20260717/code/scripts/slurm/run_gate_matrix.sh	2,3,4,5,6,7,8,9,13,17,18,19
cluster-assumption	MAIN	/home/hphung/ce25_scratch2/Claude_DeepRL_Population_Models/real_ecology_runs/paper_faithful_smoke_20260717/code/scripts/slurm/run_manifest_row.sh	2,3,4,5,6,7,8,9,13,15,19,20,21
cluster-assumption	MAIN	/home/hphung/ce25_scratch2/Claude_DeepRL_Population_Models/real_ecology_runs/paper_faithful_smoke_20260717/code/scripts/slurm/run_paper_faithful_row.sh	2,3,4,5,6,7,8,15,27,28,29
cluster-assumption	MAIN	/home/hphung/ce25_scratch2/Claude_DeepRL_Population_Models/real_ecology_runs/paper_faithful_smoke_20260717/code/scripts/slurm/run_real_aggregate.sh	2,3,4,5,6,7,8,14,15,24,25,26
cluster-assumption	MAIN	/home/hphung/ce25_scratch2/Claude_DeepRL_Population_Models/real_ecology_runs/paper_faithful_smoke_20260717/code/scripts/slurm/run_real_gate_row.sh	2,3,4,5,6,7,8,14,15,21,28,29,30
cluster-assumption	MAIN	/home/hphung/ce25_scratch2/Claude_DeepRL_Population_Models/real_ecology_runs/paper_faithful_smoke_20260717/code/scripts/slurm/run_real_row.sh	2,3,4,5,6,7,8,14,15,21,33,34,35
cluster-assumption	MAIN	/home/hphung/ce25_scratch2/Claude_DeepRL_Population_Models/real_ecology_runs/paper_faithful_smoke_20260717/code/scripts/slurm/run_real_row_gpu.sh	5,6,8,16,17,18,19,20,21,22,28,29,35,46,50,51,52
cluster-assumption	MAIN	/home/hphung/ce25_scratch2/Claude_DeepRL_Population_Models/real_ecology_runs/paper_faithful_smoke_20260717/code/scripts/slurm/submit_full.sh	10,11
absolute-path	MAIN	/home/hphung/ce25_scratch2/Claude_DeepRL_Population_Models/real_ecology_runs/paper_faithful_smoke_20260717/manifests/registration.json	14
cluster-assumption	MAIN	/home/hphung/ce25_scratch2/Claude_DeepRL_Population_Models/real_ecology_runs/paper_faithful_smoke_20260717_v2/code/scripts/shard_manifest.py	8,15,16,17,58,60,63
cluster-assumption	MAIN	/home/hphung/ce25_scratch2/Claude_DeepRL_Population_Models/real_ecology_runs/paper_faithful_smoke_20260717_v2/code/scripts/slurm/capture_trajectories.sh	2,3,4,5,6,7,8,9,12,13,17
cluster-assumption	MAIN	/home/hphung/ce25_scratch2/Claude_DeepRL_Population_Models/real_ecology_runs/paper_faithful_smoke_20260717_v2/code/scripts/slurm/launch_cumulative_controls_12h_after_probe.sh	2,3,4,5,6,7,8,12,54,62,75
cluster-assumption	MAIN	/home/hphung/ce25_scratch2/Claude_DeepRL_Population_Models/real_ecology_runs/paper_faithful_smoke_20260717_v2/code/scripts/slurm/run_cumulative_controls_12h_aggregate.sh	2,3,4,5,6,7,8,12,18,19,20
cluster-assumption	MAIN	/home/hphung/ce25_scratch2/Claude_DeepRL_Population_Models/real_ecology_runs/paper_faithful_smoke_20260717_v2/code/scripts/slurm/run_cumulative_controls_12h_gate_row.sh	2,3,4,5,6,7,8,12,15,33,34,35
cluster-assumption	MAIN	/home/hphung/ce25_scratch2/Claude_DeepRL_Population_Models/real_ecology_runs/paper_faithful_smoke_20260717_v2/code/scripts/slurm/run_cumulative_controls_12h_gates.sh	2,3,4,5,6,7,8,12,19,20,21
cluster-assumption	MAIN	/home/hphung/ce25_scratch2/Claude_DeepRL_Population_Models/real_ecology_runs/paper_faithful_smoke_20260717_v2/code/scripts/slurm/run_cumulative_controls_12h_row.sh	2,3,4,5,6,7,8,12,16,22,23,24
cluster-assumption	MAIN	/home/hphung/ce25_scratch2/Claude_DeepRL_Population_Models/real_ecology_runs/paper_faithful_smoke_20260717_v2/code/scripts/slurm/run_gate_matrix.sh	2,3,4,5,6,7,8,9,13,17,18,19
cluster-assumption	MAIN	/home/hphung/ce25_scratch2/Claude_DeepRL_Population_Models/real_ecology_runs/paper_faithful_smoke_20260717_v2/code/scripts/slurm/run_manifest_row.sh	2,3,4,5,6,7,8,9,13,15,19,20,21
cluster-assumption	MAIN	/home/hphung/ce25_scratch2/Claude_DeepRL_Population_Models/real_ecology_runs/paper_faithful_smoke_20260717_v2/code/scripts/slurm/run_paper_faithful_row.sh	2,3,4,5,6,7,8,15,27,28,29
cluster-assumption	MAIN	/home/hphung/ce25_scratch2/Claude_DeepRL_Population_Models/real_ecology_runs/paper_faithful_smoke_20260717_v2/code/scripts/slurm/run_real_aggregate.sh	2,3,4,5,6,7,8,14,15,24,25,26
cluster-assumption	MAIN	/home/hphung/ce25_scratch2/Claude_DeepRL_Population_Models/real_ecology_runs/paper_faithful_smoke_20260717_v2/code/scripts/slurm/run_real_gate_row.sh	2,3,4,5,6,7,8,14,15,21,28,29,30
cluster-assumption	MAIN	/home/hphung/ce25_scratch2/Claude_DeepRL_Population_Models/real_ecology_runs/paper_faithful_smoke_20260717_v2/code/scripts/slurm/run_real_row.sh	2,3,4,5,6,7,8,14,15,21,33,34,35
cluster-assumption	MAIN	/home/hphung/ce25_scratch2/Claude_DeepRL_Population_Models/real_ecology_runs/paper_faithful_smoke_20260717_v2/code/scripts/slurm/run_real_row_gpu.sh	5,6,8,16,17,18,19,20,21,22,28,29,35,46,50,51,52
cluster-assumption	MAIN	/home/hphung/ce25_scratch2/Claude_DeepRL_Population_Models/real_ecology_runs/paper_faithful_smoke_20260717_v2/code/scripts/slurm/submit_full.sh	10,11
absolute-path	MAIN	/home/hphung/ce25_scratch2/Claude_DeepRL_Population_Models/real_ecology_runs/paper_faithful_smoke_20260717_v2/manifests/registration.json	14
cluster-assumption	MAIN	/home/hphung/ce25_scratch2/Claude_DeepRL_Population_Models/real_ecology_runs/paper_faithful_smoke_20260717_v3/code/scripts/shard_manifest.py	8,15,16,17,58,60,63
cluster-assumption	MAIN	/home/hphung/ce25_scratch2/Claude_DeepRL_Population_Models/real_ecology_runs/paper_faithful_smoke_20260717_v3/code/scripts/slurm/capture_trajectories.sh	2,3,4,5,6,7,8,9,12,13,17
cluster-assumption	MAIN	/home/hphung/ce25_scratch2/Claude_DeepRL_Population_Models/real_ecology_runs/paper_faithful_smoke_20260717_v3/code/scripts/slurm/launch_cumulative_controls_12h_after_probe.sh	2,3,4,5,6,7,8,12,54,62,75
cluster-assumption	MAIN	/home/hphung/ce25_scratch2/Claude_DeepRL_Population_Models/real_ecology_runs/paper_faithful_smoke_20260717_v3/code/scripts/slurm/run_cumulative_controls_12h_aggregate.sh	2,3,4,5,6,7,8,12,18,19,20
cluster-assumption	MAIN	/home/hphung/ce25_scratch2/Claude_DeepRL_Population_Models/real_ecology_runs/paper_faithful_smoke_20260717_v3/code/scripts/slurm/run_cumulative_controls_12h_gate_row.sh	2,3,4,5,6,7,8,12,15,33,34,35
cluster-assumption	MAIN	/home/hphung/ce25_scratch2/Claude_DeepRL_Population_Models/real_ecology_runs/paper_faithful_smoke_20260717_v3/code/scripts/slurm/run_cumulative_controls_12h_gates.sh	2,3,4,5,6,7,8,12,19,20,21
cluster-assumption	MAIN	/home/hphung/ce25_scratch2/Claude_DeepRL_Population_Models/real_ecology_runs/paper_faithful_smoke_20260717_v3/code/scripts/slurm/run_cumulative_controls_12h_row.sh	2,3,4,5,6,7,8,12,16,22,23,24
cluster-assumption	MAIN	/home/hphung/ce25_scratch2/Claude_DeepRL_Population_Models/real_ecology_runs/paper_faithful_smoke_20260717_v3/code/scripts/slurm/run_gate_matrix.sh	2,3,4,5,6,7,8,9,13,17,18,19
cluster-assumption	MAIN	/home/hphung/ce25_scratch2/Claude_DeepRL_Population_Models/real_ecology_runs/paper_faithful_smoke_20260717_v3/code/scripts/slurm/run_manifest_row.sh	2,3,4,5,6,7,8,9,13,15,19,20,21
cluster-assumption	MAIN	/home/hphung/ce25_scratch2/Claude_DeepRL_Population_Models/real_ecology_runs/paper_faithful_smoke_20260717_v3/code/scripts/slurm/run_paper_faithful_row.sh	2,3,4,5,6,7,8,15,27,28,29
cluster-assumption	MAIN	/home/hphung/ce25_scratch2/Claude_DeepRL_Population_Models/real_ecology_runs/paper_faithful_smoke_20260717_v3/code/scripts/slurm/run_real_aggregate.sh	2,3,4,5,6,7,8,14,15,24,25,26
cluster-assumption	MAIN	/home/hphung/ce25_scratch2/Claude_DeepRL_Population_Models/real_ecology_runs/paper_faithful_smoke_20260717_v3/code/scripts/slurm/run_real_gate_row.sh	2,3,4,5,6,7,8,14,15,21,28,29,30
cluster-assumption	MAIN	/home/hphung/ce25_scratch2/Claude_DeepRL_Population_Models/real_ecology_runs/paper_faithful_smoke_20260717_v3/code/scripts/slurm/run_real_row.sh	2,3,4,5,6,7,8,14,15,21,33,34,35
cluster-assumption	MAIN	/home/hphung/ce25_scratch2/Claude_DeepRL_Population_Models/real_ecology_runs/paper_faithful_smoke_20260717_v3/code/scripts/slurm/run_real_row_gpu.sh	5,6,8,16,17,18,19,20,21,22,28,29,35,46,50,51,52
cluster-assumption	MAIN	/home/hphung/ce25_scratch2/Claude_DeepRL_Population_Models/real_ecology_runs/paper_faithful_smoke_20260717_v3/code/scripts/slurm/submit_full.sh	10,11
absolute-path	MAIN	/home/hphung/ce25_scratch2/Claude_DeepRL_Population_Models/real_ecology_runs/paper_faithful_smoke_20260717_v3/manifests/registration.json	14
cluster-assumption	MAIN	/home/hphung/ce25_scratch2/Claude_DeepRL_Population_Models/real_ecology_runs/paper_faithful_smoke_20260717_v4/code/scripts/shard_manifest.py	8,15,16,17,58,60,63
cluster-assumption	MAIN	/home/hphung/ce25_scratch2/Claude_DeepRL_Population_Models/real_ecology_runs/paper_faithful_smoke_20260717_v4/code/scripts/slurm/capture_trajectories.sh	2,3,4,5,6,7,8,9,12,13,17
cluster-assumption	MAIN	/home/hphung/ce25_scratch2/Claude_DeepRL_Population_Models/real_ecology_runs/paper_faithful_smoke_20260717_v4/code/scripts/slurm/launch_cumulative_controls_12h_after_probe.sh	2,3,4,5,6,7,8,12,54,62,75
cluster-assumption	MAIN	/home/hphung/ce25_scratch2/Claude_DeepRL_Population_Models/real_ecology_runs/paper_faithful_smoke_20260717_v4/code/scripts/slurm/run_cumulative_controls_12h_aggregate.sh	2,3,4,5,6,7,8,12,18,19,20
cluster-assumption	MAIN	/home/hphung/ce25_scratch2/Claude_DeepRL_Population_Models/real_ecology_runs/paper_faithful_smoke_20260717_v4/code/scripts/slurm/run_cumulative_controls_12h_gate_row.sh	2,3,4,5,6,7,8,12,15,33,34,35
cluster-assumption	MAIN	/home/hphung/ce25_scratch2/Claude_DeepRL_Population_Models/real_ecology_runs/paper_faithful_smoke_20260717_v4/code/scripts/slurm/run_cumulative_controls_12h_gates.sh	2,3,4,5,6,7,8,12,19,20,21
cluster-assumption	MAIN	/home/hphung/ce25_scratch2/Claude_DeepRL_Population_Models/real_ecology_runs/paper_faithful_smoke_20260717_v4/code/scripts/slurm/run_cumulative_controls_12h_row.sh	2,3,4,5,6,7,8,12,16,22,23,24
cluster-assumption	MAIN	/home/hphung/ce25_scratch2/Claude_DeepRL_Population_Models/real_ecology_runs/paper_faithful_smoke_20260717_v4/code/scripts/slurm/run_gate_matrix.sh	2,3,4,5,6,7,8,9,13,17,18,19
cluster-assumption	MAIN	/home/hphung/ce25_scratch2/Claude_DeepRL_Population_Models/real_ecology_runs/paper_faithful_smoke_20260717_v4/code/scripts/slurm/run_manifest_row.sh	2,3,4,5,6,7,8,9,13,15,19,20,21
cluster-assumption	MAIN	/home/hphung/ce25_scratch2/Claude_DeepRL_Population_Models/real_ecology_runs/paper_faithful_smoke_20260717_v4/code/scripts/slurm/run_paper_faithful_row.sh	2,3,4,5,6,7,8,15,27,28,29
cluster-assumption	MAIN	/home/hphung/ce25_scratch2/Claude_DeepRL_Population_Models/real_ecology_runs/paper_faithful_smoke_20260717_v4/code/scripts/slurm/run_real_aggregate.sh	2,3,4,5,6,7,8,14,15,24,25,26
cluster-assumption	MAIN	/home/hphung/ce25_scratch2/Claude_DeepRL_Population_Models/real_ecology_runs/paper_faithful_smoke_20260717_v4/code/scripts/slurm/run_real_gate_row.sh	2,3,4,5,6,7,8,14,15,21,28,29,30
cluster-assumption	MAIN	/home/hphung/ce25_scratch2/Claude_DeepRL_Population_Models/real_ecology_runs/paper_faithful_smoke_20260717_v4/code/scripts/slurm/run_real_row.sh	2,3,4,5,6,7,8,14,15,21,33,34,35
cluster-assumption	MAIN	/home/hphung/ce25_scratch2/Claude_DeepRL_Population_Models/real_ecology_runs/paper_faithful_smoke_20260717_v4/code/scripts/slurm/run_real_row_gpu.sh	5,6,8,16,17,18,19,20,21,22,28,29,35,46,50,51,52
cluster-assumption	MAIN	/home/hphung/ce25_scratch2/Claude_DeepRL_Population_Models/real_ecology_runs/paper_faithful_smoke_20260717_v4/code/scripts/slurm/submit_full.sh	10,11
absolute-path	MAIN	/home/hphung/ce25_scratch2/Claude_DeepRL_Population_Models/real_ecology_runs/paper_faithful_smoke_20260717_v4/manifests/registration.json	14
cluster-assumption	MAIN	/home/hphung/ce25_scratch2/Claude_DeepRL_Population_Models/real_ecology_runs/psafe_overnight_20260705/analysis/trajectory_demo_20260705/scripts/run_capture_array.sh	2,3,4,5,6,7,8,14,15,20,22,23,24
cluster-assumption	MAIN	/home/hphung/ce25_scratch2/Claude_DeepRL_Population_Models/real_ecology_runs/psafe_overnight_20260705/analysis/trajectory_demo_20260705/scripts/run_plot.sh	2,3,4,5,6,7,8,14,15
cluster-assumption	MAIN	/home/hphung/ce25_scratch2/Claude_DeepRL_Population_Models/real_ecology_runs/psafe_overnight_20260705/code/real_ecology_cont_obser/docs/29_6_claude_runner_verification.md	13,24,38,49,50,60,76
cluster-assumption	MAIN	/home/hphung/ce25_scratch2/Claude_DeepRL_Population_Models/real_ecology_runs/psafe_overnight_20260705/code/real_ecology_cont_obser/docs/29_6_codex_gpu_cpu_backend_audit.md	15,141,149,151,161,163,167,222,230
cluster-assumption	MAIN	/home/hphung/ce25_scratch2/Claude_DeepRL_Population_Models/real_ecology_runs/psafe_overnight_20260705/code/real_ecology_cont_obser/docs/29_6_codex_gpu_cpu_backend_fixes.md	69,74
cluster-assumption	MAIN	/home/hphung/ce25_scratch2/Claude_DeepRL_Population_Models/real_ecology_runs/psafe_overnight_20260705/code/real_ecology_cont_obser/docs/29_6_codex_real_ecology_experiment_and_scripts_plan.md	127,130,298,316,324,328,339,356,359,362,366,387,390,393,396,400
cluster-assumption	MAIN	/home/hphung/ce25_scratch2/Claude_DeepRL_Population_Models/real_ecology_runs/psafe_overnight_20260705/code/real_ecology_cont_obser/docs/29_6_codex_response_to_claude_runner_verification.md	29
cluster-assumption	MAIN	/home/hphung/ce25_scratch2/Claude_DeepRL_Population_Models/real_ecology_runs/psafe_overnight_20260705/code/real_ecology_cont_obser/docs/29_6_gpu_cpu_backend_implementation_plan.md	276,277,285,286,287
cluster-assumption	MAIN	/home/hphung/ce25_scratch2/Claude_DeepRL_Population_Models/real_ecology_runs/psafe_overnight_20260705/code/real_ecology_cont_obser/scripts/shard_manifest.py	8,15,16,17,58,60,63
cluster-assumption	MAIN	/home/hphung/ce25_scratch2/Claude_DeepRL_Population_Models/real_ecology_runs/psafe_overnight_20260705/code/real_ecology_cont_obser/scripts/slurm/run_real_aggregate.sh	2,3,4,5,6,7,8,14,15,24,25,26
cluster-assumption	MAIN	/home/hphung/ce25_scratch2/Claude_DeepRL_Population_Models/real_ecology_runs/psafe_overnight_20260705/code/real_ecology_cont_obser/scripts/slurm/run_real_gate_row.sh	2,3,4,5,6,7,8,14,15,21,28,29,30
cluster-assumption	MAIN	/home/hphung/ce25_scratch2/Claude_DeepRL_Population_Models/real_ecology_runs/psafe_overnight_20260705/code/real_ecology_cont_obser/scripts/slurm/run_real_row.sh	2,3,4,5,6,7,8,14,15,21,33,34,35
cluster-assumption	MAIN	/home/hphung/ce25_scratch2/Claude_DeepRL_Population_Models/real_ecology_runs/psafe_overnight_20260705/code/real_ecology_cont_obser/scripts/slurm/run_real_row_gpu.sh	5,6,8,16,17,18,19,20,21,22,28,29,35,46,50,51,52
absolute-path	MAIN	/home/hphung/ce25_scratch2/Claude_DeepRL_Population_Models/real_ecology_runs/psafe_overnight_20260705/run_analysis.sh	11
cluster-assumption	MAIN	/home/hphung/ce25_scratch2/Claude_DeepRL_Population_Models/real_ecology_runs/psafe_overnight_20260705/run_analysis.sh	2,3,4,5,6,7,8,15
cluster-assumption	MAIN	/home/hphung/ce25_scratch2/Claude_DeepRL_Population_Models/real_ecology_runs/psafe_overnight_20260705/run_block.sh	2,3,4,5,6,7,8,18,22
absolute-path	MAIN	/home/hphung/ce25_scratch2/Claude_DeepRL_Population_Models/real_ecology_runs/psafe_overnight_20260705/submit_all.sh	8
cluster-assumption	MAIN	/home/hphung/ce25_scratch2/Claude_DeepRL_Population_Models/real_ecology_runs/psafe_overnight_20260705/submit_all.sh	18,39
absolute-path	MAIN	/home/hphung/ce25_scratch2/Claude_DeepRL_Population_Models/real_ecology_runs/psafe_overnight_20260705/submit_blocks.sh	6
cluster-assumption	MAIN	/home/hphung/ce25_scratch2/Claude_DeepRL_Population_Models/real_ecology_runs/psafe_overnight_20260705/submit_blocks.sh	19,35
absolute-path	MAIN	/home/hphung/ce25_scratch2/Claude_DeepRL_Population_Models/real_ecology_runs/psafe_overnight_20260705/watch_run.sh	4
cluster-assumption	MAIN	/home/hphung/ce25_scratch2/Claude_DeepRL_Population_Models/real_ecology_runs/psafe_overnight_20260705/watch_run.sh	16
absolute-path	MAIN	/home/hphung/ce25_scratch2/Claude_DeepRL_Population_Models/real_ecology_runs/ricker_only_plus_72_20260720/analysis/MATCHED_GENERAL_ECOLOGICAL_RESULTS.md	18,21,23,25,27,29,169,170,171,172,173
cluster-assumption	MAIN	/home/hphung/ce25_scratch2/Claude_DeepRL_Population_Models/real_ecology_runs/ricker_only_plus_72_20260720/analysis/MATCHED_GENERAL_ECOLOGICAL_RESULTS.md	235
absolute-path	MAIN	/home/hphung/ce25_scratch2/Claude_DeepRL_Population_Models/real_ecology_runs/ricker_only_plus_72_20260720/runtime_snapshot/docs/benchmark/SERVER_HANDOFF_hidden_rk_experiment_setting.md	8
cluster-assumption	MAIN	/home/hphung/ce25_scratch2/Claude_DeepRL_Population_Models/real_ecology_runs/ricker_only_plus_72_20260720/runtime_snapshot/docs/benchmark/SERVER_PLAN_general_method_audit.md	279
cluster-assumption	MAIN	/home/hphung/ce25_scratch2/Claude_DeepRL_Population_Models/real_ecology_runs/ricker_only_plus_72_20260720/runtime_snapshot/docs/benchmark/SERVER_PLAN_motivation_native_run.md	47,133,134,135,136,138,189
absolute-path	MAIN	/home/hphung/ce25_scratch2/Claude_DeepRL_Population_Models/real_ecology_runs/ricker_only_plus_72_20260720/runtime_snapshot/docs/benchmark/SERVER_STATUS_motivation_native_launch_readiness.md	29,73
cluster-assumption	MAIN	/home/hphung/ce25_scratch2/Claude_DeepRL_Population_Models/real_ecology_runs/ricker_only_plus_72_20260720/runtime_snapshot/docs/benchmark/SERVER_STATUS_motivation_native_launch_readiness.md	23,77
cluster-assumption	MAIN	/home/hphung/ce25_scratch2/Claude_DeepRL_Population_Models/real_ecology_runs/ricker_only_plus_72_20260720/runtime_snapshot/docs/benchmark/hide_r_k/SERVER_RUN_AUDIT_HANDOFF_hidden_rK_20260716.md	52,56,60,69,113
cluster-assumption	MAIN	/home/hphung/ce25_scratch2/Claude_DeepRL_Population_Models/real_ecology_runs/ricker_only_plus_72_20260720/runtime_snapshot/docs/claude_build_report/EXPERIMENT_REPORT.md	5,101,115
cluster-assumption	MAIN	/home/hphung/ce25_scratch2/Claude_DeepRL_Population_Models/real_ecology_runs/ricker_only_plus_72_20260720/runtime_snapshot/docs/claude_build_report/latex/main.tex	25,220,249
absolute-path	MAIN	/home/hphung/ce25_scratch2/Claude_DeepRL_Population_Models/real_ecology_runs/ricker_only_plus_72_20260720/runtime_snapshot/docs/fix_implement_ecology_baseline/PHASE1_AUDIT_REPORT_paper_aligned_plus_moor.md	20
cluster-assumption	MAIN	/home/hphung/ce25_scratch2/Claude_DeepRL_Population_Models/real_ecology_runs/ricker_only_plus_72_20260720/runtime_snapshot/docs/fix_implement_ecology_baseline/archive/CLAUDE_AUDIT_CORRECTED_PLUS_MOOR_IMPLEMENTATION.md	62
cluster-assumption	MAIN	/home/hphung/ce25_scratch2/Claude_DeepRL_Population_Models/real_ecology_runs/ricker_only_plus_72_20260720/runtime_snapshot/docs/fix_implement_ecology_baseline/archive/CLAUDE_AUDIT_CORRECTED_PLUS_MOOR_PLAN.md	21
cluster-assumption	MAIN	/home/hphung/ce25_scratch2/Claude_DeepRL_Population_Models/real_ecology_runs/ricker_only_plus_72_20260720/runtime_snapshot/docs/fix_implement_ecology_baseline/archive/SERVER_HANDOFF_RUN_CORRECTED_ADAPTED_PLUS_MOOR.md	45,192
cluster-assumption	MAIN	/home/hphung/ce25_scratch2/Claude_DeepRL_Population_Models/real_ecology_runs/ricker_only_plus_72_20260720/runtime_snapshot/docs/history/116_refplan_danger_zone_experiment_plan.md	543,547
cluster-assumption	MAIN	/home/hphung/ce25_scratch2/Claude_DeepRL_Population_Models/real_ecology_runs/ricker_only_plus_72_20260720/runtime_snapshot/docs/history/29_6_tier2_continuous_state_implementation_handoff.md	558,559,560
absolute-path	MAIN	/home/hphung/ce25_scratch2/Claude_DeepRL_Population_Models/real_ecology_runs/ricker_only_plus_72_20260720/runtime_snapshot/docs/history/29_6_tier3_12h_experiment_plan.md	221,327
cluster-assumption	MAIN	/home/hphung/ce25_scratch2/Claude_DeepRL_Population_Models/real_ecology_runs/ricker_only_plus_72_20260720/runtime_snapshot/docs/history/29_6_tier3_12h_experiment_plan.md	61,66,269,282,302,312,313,314
absolute-path	MAIN	/home/hphung/ce25_scratch2/Claude_DeepRL_Population_Models/real_ecology_runs/ricker_only_plus_72_20260720/runtime_snapshot/docs/history/HANDOFF_claude_build_removal_and_open_issues_2026-07-09.md	5,6,131,164,206
absolute-path	MAIN	/home/hphung/ce25_scratch2/Claude_DeepRL_Population_Models/real_ecology_runs/ricker_only_plus_72_20260720/runtime_snapshot/docs/history/HANDOFF_promote_benchmark_to_repo_root_2026-07-09.md	5,55,143
absolute-path	MAIN	/home/hphung/ce25_scratch2/Claude_DeepRL_Population_Models/real_ecology_runs/ricker_only_plus_72_20260720/runtime_snapshot/docs/history/HANDOFF_real_ecology_data_setting.md	383
absolute-path	MAIN	/home/hphung/ce25_scratch2/Claude_DeepRL_Population_Models/real_ecology_runs/ricker_only_plus_72_20260720/runtime_snapshot/docs/history/HANDOFF_reduce_duplication_2026-07-09.md	6
absolute-path	MAIN	/home/hphung/ce25_scratch2/Claude_DeepRL_Population_Models/real_ecology_runs/ricker_only_plus_72_20260720/runtime_snapshot/docs/history/HANDOFF_repo_cleanup_discrete_action_cont_obser_2026-07-09.md	4,305,318
absolute-path	MAIN	/home/hphung/ce25_scratch2/Claude_DeepRL_Population_Models/real_ecology_runs/ricker_only_plus_72_20260720/runtime_snapshot/docs/history/HANDOFF_repo_polish_2026-07-09.md	37,214
absolute-path	MAIN	/home/hphung/ce25_scratch2/Claude_DeepRL_Population_Models/real_ecology_runs/ricker_only_plus_72_20260720/runtime_snapshot/docs/history/PLAN_single_real_data_repo_with_dummy_setpoint_2026-07-09.md	316
absolute-path	MAIN	/home/hphung/ce25_scratch2/Claude_DeepRL_Population_Models/real_ecology_runs/ricker_only_plus_72_20260720/runtime_snapshot/docs/history/PLAN_single_real_data_repo_with_dummy_setpoint_REVISED_2026-07-09.md	490
absolute-path	MAIN	/home/hphung/ce25_scratch2/Claude_DeepRL_Population_Models/real_ecology_runs/ricker_only_plus_72_20260720/runtime_snapshot/docs/history/REPO_BRIEF.md	18,128,138,238,241
cluster-assumption	MAIN	/home/hphung/ce25_scratch2/Claude_DeepRL_Population_Models/real_ecology_runs/ricker_only_plus_72_20260720/runtime_snapshot/docs/history/REPO_BRIEF.md	169,175
absolute-path	MAIN	/home/hphung/ce25_scratch2/Claude_DeepRL_Population_Models/real_ecology_runs/ricker_only_plus_72_20260720/runtime_snapshot/docs/history/SPEC_documentation_bundle_2026-07-10.md	6
absolute-path	MAIN	/home/hphung/ce25_scratch2/Claude_DeepRL_Population_Models/real_ecology_runs/ricker_only_plus_72_20260720/runtime_snapshot/docs/history/add_baseline_md/add_bamcts_to_stress116_flow.md	189,219
cluster-assumption	MAIN	/home/hphung/ce25_scratch2/Claude_DeepRL_Population_Models/real_ecology_runs/ricker_only_plus_72_20260720/runtime_snapshot/docs/history/add_baseline_md/add_bamcts_to_stress116_flow.md	204
cluster-assumption	MAIN	/home/hphung/ce25_scratch2/Claude_DeepRL_Population_Models/real_ecology_runs/ricker_only_plus_72_20260720/runtime_snapshot/docs/history/add_baseline_md/add_baseline_deeprl.md	14
absolute-path	MAIN	/home/hphung/ce25_scratch2/Claude_DeepRL_Population_Models/real_ecology_runs/ricker_only_plus_72_20260720/runtime_snapshot/docs/history/add_baseline_md/add_baseline_offlinerl_ecology.md	200
absolute-path	MAIN	/home/hphung/ce25_scratch2/Claude_DeepRL_Population_Models/real_ecology_runs/ricker_only_plus_72_20260720/runtime_snapshot/docs/history/codex_claude_conversation_md/136_claude_ask_codex_modify.md	34
cluster-assumption	MAIN	/home/hphung/ce25_scratch2/Claude_DeepRL_Population_Models/real_ecology_runs/ricker_only_plus_72_20260720/runtime_snapshot/docs/history/codex_claude_conversation_md/136_claude_ask_codex_modify.md	18,29
absolute-path	MAIN	/home/hphung/ce25_scratch2/Claude_DeepRL_Population_Models/real_ecology_runs/ricker_only_plus_72_20260720/runtime_snapshot/docs/history/codex_claude_conversation_md/137_claude_final_benchmark_halfday_config.md	86
cluster-assumption	MAIN	/home/hphung/ce25_scratch2/Claude_DeepRL_Population_Models/real_ecology_runs/ricker_only_plus_72_20260720/runtime_snapshot/docs/history/codex_claude_conversation_md/137_claude_final_benchmark_halfday_config.md	59,89
absolute-path	MAIN	/home/hphung/ce25_scratch2/Claude_DeepRL_Population_Models/real_ecology_runs/ricker_only_plus_72_20260720/runtime_snapshot/docs/history/codex_claude_conversation_md/claude_session_handoff_2026-06-13.md	11,12
cluster-assumption	MAIN	/home/hphung/ce25_scratch2/Claude_DeepRL_Population_Models/real_ecology_runs/ricker_only_plus_72_20260720/runtime_snapshot/docs/history/codex_claude_conversation_md/claude_session_handoff_2026-06-13.md	15,17,173,209
absolute-path	MAIN	/home/hphung/ce25_scratch2/Claude_DeepRL_Population_Models/real_ecology_runs/ricker_only_plus_72_20260720/runtime_snapshot/docs/history/codex_claude_conversation_md/codex_116_full_benchmark_run_status.md	162,174
cluster-assumption	MAIN	/home/hphung/ce25_scratch2/Claude_DeepRL_Population_Models/real_ecology_runs/ricker_only_plus_72_20260720/runtime_snapshot/docs/history/codex_claude_conversation_md/codex_116_full_benchmark_run_status.md	3,161,173
absolute-path	MAIN	/home/hphung/ce25_scratch2/Claude_DeepRL_Population_Models/real_ecology_runs/ricker_only_plus_72_20260720/runtime_snapshot/docs/history/codex_claude_conversation_md/codex_116_full_benchmark_run_status_long_run_5_7_days.md	116,127,139,151
cluster-assumption	MAIN	/home/hphung/ce25_scratch2/Claude_DeepRL_Population_Models/real_ecology_runs/ricker_only_plus_72_20260720/runtime_snapshot/docs/history/codex_claude_conversation_md/codex_116_full_benchmark_run_status_long_run_5_7_days.md	116,126,138,150
cluster-assumption	MAIN	/home/hphung/ce25_scratch2/Claude_DeepRL_Population_Models/real_ecology_runs/ricker_only_plus_72_20260720/runtime_snapshot/docs/history/codex_claude_conversation_md/codex_116_implementation_summary.md	212
cluster-assumption	MAIN	/home/hphung/ce25_scratch2/Claude_DeepRL_Population_Models/real_ecology_runs/ricker_only_plus_72_20260720/runtime_snapshot/docs/history/codex_claude_conversation_md/codex_agree_disagree_136_claude_plan.md	30,104,196,208
absolute-path	MAIN	/home/hphung/ce25_scratch2/Claude_DeepRL_Population_Models/real_ecology_runs/ricker_only_plus_72_20260720/runtime_snapshot/docs/history/codex_claude_conversation_md/codex_chat_handoff_phase116_future_tasks.md	11
cluster-assumption	MAIN	/home/hphung/ce25_scratch2/Claude_DeepRL_Population_Models/real_ecology_runs/ricker_only_plus_72_20260720/runtime_snapshot/docs/history/codex_claude_conversation_md/codex_chat_handoff_phase116_future_tasks.md	189,288
cluster-assumption	MAIN	/home/hphung/ce25_scratch2/Claude_DeepRL_Population_Models/real_ecology_runs/ricker_only_plus_72_20260720/runtime_snapshot/docs/history/codex_experiment_plan.md	94,95,98,99,191,563
absolute-path	MAIN	/home/hphung/ce25_scratch2/Claude_DeepRL_Population_Models/real_ecology_runs/ricker_only_plus_72_20260720/runtime_snapshot/docs/history/next_chat_selected_algorithm_handoff.md	10,137,365
cluster-assumption	MAIN	/home/hphung/ce25_scratch2/Claude_DeepRL_Population_Models/real_ecology_runs/ricker_only_plus_72_20260720/runtime_snapshot/docs/history/next_chat_selected_algorithm_handoff.md	138
cluster-assumption	MAIN	/home/hphung/ce25_scratch2/Claude_DeepRL_Population_Models/real_ecology_runs/ricker_only_plus_72_20260720/runtime_snapshot/docs/history/stress_pomdp_116_continuous_successor_handoff.md	60,64,85,90,95
cluster-assumption	MAIN	/home/hphung/ce25_scratch2/Claude_DeepRL_Population_Models/real_ecology_runs/ricker_only_plus_72_20260720/runtime_snapshot/docs/real_ecology_history/29_6_claude_runner_verification.md	13,24,38,49,50,60,76
cluster-assumption	MAIN	/home/hphung/ce25_scratch2/Claude_DeepRL_Population_Models/real_ecology_runs/ricker_only_plus_72_20260720/runtime_snapshot/docs/real_ecology_history/29_6_codex_gpu_cpu_backend_audit.md	15,141,149,151,161,163,167,222,230
cluster-assumption	MAIN	/home/hphung/ce25_scratch2/Claude_DeepRL_Population_Models/real_ecology_runs/ricker_only_plus_72_20260720/runtime_snapshot/docs/real_ecology_history/29_6_codex_gpu_cpu_backend_fixes.md	69,74
cluster-assumption	MAIN	/home/hphung/ce25_scratch2/Claude_DeepRL_Population_Models/real_ecology_runs/ricker_only_plus_72_20260720/runtime_snapshot/docs/real_ecology_history/29_6_codex_real_ecology_experiment_and_scripts_plan.md	127,130,298,316,324,328,339,356,359,362,366,387,390,393,396,400
cluster-assumption	MAIN	/home/hphung/ce25_scratch2/Claude_DeepRL_Population_Models/real_ecology_runs/ricker_only_plus_72_20260720/runtime_snapshot/docs/real_ecology_history/29_6_codex_response_to_claude_runner_verification.md	29
cluster-assumption	MAIN	/home/hphung/ce25_scratch2/Claude_DeepRL_Population_Models/real_ecology_runs/ricker_only_plus_72_20260720/runtime_snapshot/docs/real_ecology_history/29_6_gpu_cpu_backend_implementation_plan.md	276,277,285,286,287
cluster-assumption	MAIN	/home/hphung/ce25_scratch2/Claude_DeepRL_Population_Models/real_ecology_runs/ricker_only_plus_72_20260720/runtime_snapshot/scripts/ricker_only_thread_entry.py	16,17,18
cluster-assumption	MAIN	/home/hphung/ce25_scratch2/Claude_DeepRL_Population_Models/real_ecology_runs/ricker_only_plus_72_20260720/runtime_snapshot/scripts/shard_manifest.py	8,15,16,17,58,60,63
cluster-assumption	MAIN	/home/hphung/ce25_scratch2/Claude_DeepRL_Population_Models/real_ecology_runs/ricker_only_plus_72_20260720/runtime_snapshot/scripts/slurm/capture_trajectories.sh	2,3,4,5,6,7,8,9,12,13,17
cluster-assumption	MAIN	/home/hphung/ce25_scratch2/Claude_DeepRL_Population_Models/real_ecology_runs/ricker_only_plus_72_20260720/runtime_snapshot/scripts/slurm/launch_cumulative_controls_12h_after_probe.sh	2,3,4,5,6,7,8,12,54,62,75
cluster-assumption	MAIN	/home/hphung/ce25_scratch2/Claude_DeepRL_Population_Models/real_ecology_runs/ricker_only_plus_72_20260720/runtime_snapshot/scripts/slurm/run_adapted_fit_row.sh	2,3,4,5,6,7,8,15,27,28,29
cluster-assumption	MAIN	/home/hphung/ce25_scratch2/Claude_DeepRL_Population_Models/real_ecology_runs/ricker_only_plus_72_20260720/runtime_snapshot/scripts/slurm/run_cumulative_controls_12h_aggregate.sh	2,3,4,5,6,7,8,12,18,19,20
cluster-assumption	MAIN	/home/hphung/ce25_scratch2/Claude_DeepRL_Population_Models/real_ecology_runs/ricker_only_plus_72_20260720/runtime_snapshot/scripts/slurm/run_cumulative_controls_12h_gate_row.sh	2,3,4,5,6,7,8,12,15,33,34,35
cluster-assumption	MAIN	/home/hphung/ce25_scratch2/Claude_DeepRL_Population_Models/real_ecology_runs/ricker_only_plus_72_20260720/runtime_snapshot/scripts/slurm/run_cumulative_controls_12h_gates.sh	2,3,4,5,6,7,8,12,19,20,21
cluster-assumption	MAIN	/home/hphung/ce25_scratch2/Claude_DeepRL_Population_Models/real_ecology_runs/ricker_only_plus_72_20260720/runtime_snapshot/scripts/slurm/run_cumulative_controls_12h_row.sh	2,3,4,5,6,7,8,12,16,22,23,24
cluster-assumption	MAIN	/home/hphung/ce25_scratch2/Claude_DeepRL_Population_Models/real_ecology_runs/ricker_only_plus_72_20260720/runtime_snapshot/scripts/slurm/run_gate_matrix.sh	2,3,4,5,6,7,8,9,13,17,18,19
cluster-assumption	MAIN	/home/hphung/ce25_scratch2/Claude_DeepRL_Population_Models/real_ecology_runs/ricker_only_plus_72_20260720/runtime_snapshot/scripts/slurm/run_manifest_row.sh	2,3,4,5,6,7,8,9,13,15,19,20,21
cluster-assumption	MAIN	/home/hphung/ce25_scratch2/Claude_DeepRL_Population_Models/real_ecology_runs/ricker_only_plus_72_20260720/runtime_snapshot/scripts/slurm/run_paper_faithful_row.sh	2,3,4,5,6,7,8,15,27,28,29
cluster-assumption	MAIN	/home/hphung/ce25_scratch2/Claude_DeepRL_Population_Models/real_ecology_runs/ricker_only_plus_72_20260720/runtime_snapshot/scripts/slurm/run_real_aggregate.sh	2,3,4,5,6,7,8,14,15,24,25,26
cluster-assumption	MAIN	/home/hphung/ce25_scratch2/Claude_DeepRL_Population_Models/real_ecology_runs/ricker_only_plus_72_20260720/runtime_snapshot/scripts/slurm/run_real_gate_row.sh	2,3,4,5,6,7,8,14,15,21,28,29,30
cluster-assumption	MAIN	/home/hphung/ce25_scratch2/Claude_DeepRL_Population_Models/real_ecology_runs/ricker_only_plus_72_20260720/runtime_snapshot/scripts/slurm/run_real_row.sh	2,3,4,5,6,7,8,14,15,21,33,34,35
cluster-assumption	MAIN	/home/hphung/ce25_scratch2/Claude_DeepRL_Population_Models/real_ecology_runs/ricker_only_plus_72_20260720/runtime_snapshot/scripts/slurm/run_real_row_gpu.sh	5,6,8,16,17,18,19,20,21,22,28,29,35,46,50,51,52
cluster-assumption	MAIN	/home/hphung/ce25_scratch2/Claude_DeepRL_Population_Models/real_ecology_runs/ricker_only_plus_72_20260720/runtime_snapshot/scripts/slurm/run_ricker_only_plus_cell.sh	9,12,13,14
cluster-assumption	MAIN	/home/hphung/ce25_scratch2/Claude_DeepRL_Population_Models/real_ecology_runs/ricker_only_plus_72_20260720/runtime_snapshot/scripts/slurm/run_ricker_only_plus_row.sh	9,18,19,20
cluster-assumption	MAIN	/home/hphung/ce25_scratch2/Claude_DeepRL_Population_Models/real_ecology_runs/ricker_only_plus_72_20260720/runtime_snapshot/scripts/slurm/submit_full.sh	10,11
cluster-assumption	MAIN	/home/hphung/ce25_scratch2/Claude_DeepRL_Population_Models/real_ecology_runs/ricker_only_plus_72_20260720/runtime_snapshot/tests/real/test_ricker_only_plus.py	240
absolute-path	MAIN	/home/hphung/ce25_scratch2/Claude_DeepRL_Population_Models/real_ecology_runs/ricker_only_plus_72_20260720/trajectory_overlay/HANDOFF_ECOLOGICAL_TRAJECTORY_OVERLAY.md	35,68
absolute-path	MAIN	/home/hphung/ce25_scratch2/Claude_DeepRL_Population_Models/real_ecology_runs/ricker_only_plus_72_20260720/trajectory_overlay/capture_ricker_only_plus_trajectories.py	55
absolute-path	MAIN	/home/hphung/ce25_scratch2/Claude_DeepRL_Population_Models/real_ecology_runs/ricker_only_plus_72_20260720/trajectory_overlay/run_selected_trajectory_capture.sh	4,5
cluster-assumption	MAIN	/home/hphung/ce25_scratch2/Claude_DeepRL_Population_Models/real_ecology_runs/ricker_only_plus_72_20260720/trajectory_overlay/run_selected_trajectory_capture.sh	6,8,9,10
absolute-path	MAIN	/home/hphung/ce25_scratch2/Claude_DeepRL_Population_Models/real_ecology_runs/three_species_diagnostic_followups_20260727_v1/S6_out/S6_RECEIPT.json	25
cluster-assumption	MAIN	/home/hphung/ce25_scratch2/Claude_DeepRL_Population_Models/real_ecology_runs/three_species_diagnostic_followups_20260727_v1/scripts/aggregate_h12.py	103
absolute-path	MAIN	/home/hphung/ce25_scratch2/Claude_DeepRL_Population_Models/real_ecology_runs/three_species_diagnostic_followups_20260727_v1/scripts/h12_full_array.sbatch	12,25,28
cluster-assumption	MAIN	/home/hphung/ce25_scratch2/Claude_DeepRL_Population_Models/real_ecology_runs/three_species_diagnostic_followups_20260727_v1/scripts/h12_full_array.sbatch	2,3,4,5,6,7,8,9,10,11,12,14,20,28
absolute-path	MAIN	/home/hphung/ce25_scratch2/Claude_DeepRL_Population_Models/real_ecology_runs/three_species_diagnostic_followups_20260727_v1/scripts/h12_m1_array.sbatch	12,18,21
cluster-assumption	MAIN	/home/hphung/ce25_scratch2/Claude_DeepRL_Population_Models/real_ecology_runs/three_species_diagnostic_followups_20260727_v1/scripts/h12_m1_array.sbatch	2,3,4,5,6,7,8,9,10,11,12,14,21
absolute-path	MAIN	/home/hphung/ce25_scratch2/Claude_DeepRL_Population_Models/real_ecology_runs/three_species_diagnostic_followups_20260727_v1/scripts/h12_plus_repair_array.sbatch	12,22,24
cluster-assumption	MAIN	/home/hphung/ce25_scratch2/Claude_DeepRL_Population_Models/real_ecology_runs/three_species_diagnostic_followups_20260727_v1/scripts/h12_plus_repair_array.sbatch	2,3,4,5,6,7,8,9,10,11,12,14,19,24
absolute-path	MAIN	/home/hphung/ce25_scratch2/Claude_DeepRL_Population_Models/real_ecology_runs/three_species_diagnostic_followups_20260727_v1/scripts/h14_remaining_array.sbatch	12,19
cluster-assumption	MAIN	/home/hphung/ce25_scratch2/Claude_DeepRL_Population_Models/real_ecology_runs/three_species_diagnostic_followups_20260727_v1/scripts/h14_remaining_array.sbatch	2,3,4,5,6,7,8,9,10,11,12,14,22
absolute-path	MAIN	/home/hphung/ce25_scratch2/Claude_DeepRL_Population_Models/real_ecology_runs/three_species_diagnostic_followups_20260727_v1/scripts/h14_task.sbatch	11,15
cluster-assumption	MAIN	/home/hphung/ce25_scratch2/Claude_DeepRL_Population_Models/real_ecology_runs/three_species_diagnostic_followups_20260727_v1/scripts/h14_task.sbatch	2,3,4,5,6,7,8,9,10,11,13,18
absolute-path	MAIN	/home/hphung/ce25_scratch2/Claude_DeepRL_Population_Models/real_ecology_runs/three_species_diagnostic_followups_20260727_v1/scripts/postprocess_followups.sbatch	10,14
cluster-assumption	MAIN	/home/hphung/ce25_scratch2/Claude_DeepRL_Population_Models/real_ecology_runs/three_species_diagnostic_followups_20260727_v1/scripts/postprocess_followups.sbatch	2,3,4,5,6,7,8,9,10,12
absolute-path	MAIN	/home/hphung/ce25_scratch2/Claude_DeepRL_Population_Models/real_ecology_runs/three_species_diagnostic_followups_20260727_v1/scripts/reward_screen.sbatch	10,14
cluster-assumption	MAIN	/home/hphung/ce25_scratch2/Claude_DeepRL_Population_Models/real_ecology_runs/three_species_diagnostic_followups_20260727_v1/scripts/reward_screen.sbatch	2,3,4,5,6,7,8,9,10,12,17
absolute-path	MAIN	/home/hphung/ce25_scratch2/Claude_DeepRL_Population_Models/real_ecology_runs/three_species_diagnostic_followups_20260727_v1/scripts/s6_fit_probe.sbatch	10,14,17
cluster-assumption	MAIN	/home/hphung/ce25_scratch2/Claude_DeepRL_Population_Models/real_ecology_runs/three_species_diagnostic_followups_20260727_v1/scripts/s6_fit_probe.sbatch	2,3,4,5,6,7,8,9,10,12,17
absolute-path	MAIN	/home/hphung/ce25_scratch2/Claude_DeepRL_Population_Models/real_ecology_runs/three_species_diagnostic_followups_20260727_v1/scripts/s6_moor_resume.sbatch	10,14,16
cluster-assumption	MAIN	/home/hphung/ce25_scratch2/Claude_DeepRL_Population_Models/real_ecology_runs/three_species_diagnostic_followups_20260727_v1/scripts/s6_moor_resume.sbatch	2,3,4,5,6,7,8,9,10,12,16
cluster-assumption	MAIN	/home/hphung/ce25_scratch2/Claude_DeepRL_Population_Models/real_ecology_runs/three_species_diagnostic_replay_20260726_v1/AGENT_CONTEXT_AND_BUILD_AUTHORIZATION.md	35,87
absolute-path	MAIN	/home/hphung/ce25_scratch2/Claude_DeepRL_Population_Models/real_ecology_runs/three_species_diagnostic_replay_20260726_v1/DIAGNOSTIC_REPLAY_RECEIPT.json	108,109,110
cluster-assumption	MAIN	/home/hphung/ce25_scratch2/Claude_DeepRL_Population_Models/real_ecology_runs/three_species_diagnostic_replay_20260726_v1/DIAGNOSTIC_REPLAY_RECEIPT.json	18,19,20,25,26,27,40,48,228,230
absolute-path	MAIN	/home/hphung/ce25_scratch2/Claude_DeepRL_Population_Models/real_ecology_runs/three_species_diagnostic_replay_20260726_v1/HANDOFF_CONTINUATION.md	60
cluster-assumption	MAIN	/home/hphung/ce25_scratch2/Claude_DeepRL_Population_Models/real_ecology_runs/three_species_diagnostic_replay_20260726_v1/HANDOFF_CONTINUATION.md	36,41,42,80,81
cluster-assumption	MAIN	/home/hphung/ce25_scratch2/Claude_DeepRL_Population_Models/real_ecology_runs/three_species_diagnostic_replay_20260726_v1/SUMMARY.md	26,27
absolute-path	MAIN	/home/hphung/ce25_scratch2/Claude_DeepRL_Population_Models/real_ecology_runs/three_species_diagnostic_replay_20260726_v1/manifest.json	23,24,25
cluster-assumption	MAIN	/home/hphung/ce25_scratch2/Claude_DeepRL_Population_Models/real_ecology_runs/three_species_diagnostic_replay_20260726_v1/manifest.json	97,99,101
absolute-path	MAIN	/home/hphung/ce25_scratch2/Claude_DeepRL_Population_Models/real_ecology_runs/three_species_diagnostic_replay_20260726_v1/scripts/a0_baseline.py	18
absolute-path	MAIN	/home/hphung/ce25_scratch2/Claude_DeepRL_Population_Models/real_ecology_runs/three_species_diagnostic_replay_20260726_v1/scripts/constant_action_sweep.py	16
absolute-path	MAIN	/home/hphung/ce25_scratch2/Claude_DeepRL_Population_Models/real_ecology_runs/three_species_diagnostic_replay_20260726_v1/scripts/replay_array.sbatch	15,20
cluster-assumption	MAIN	/home/hphung/ce25_scratch2/Claude_DeepRL_Population_Models/real_ecology_runs/three_species_diagnostic_replay_20260726_v1/scripts/replay_array.sbatch	3,5,6,7,8,9,10,11,12,13,14,15,17,19,22,24
absolute-path	MAIN	/home/hphung/ce25_scratch2/Claude_DeepRL_Population_Models/real_ecology_runs/three_species_diagnostic_replay_20260726_v1/scripts/replay_task.sbatch	15,19
cluster-assumption	MAIN	/home/hphung/ce25_scratch2/Claude_DeepRL_Population_Models/real_ecology_runs/three_species_diagnostic_replay_20260726_v1/scripts/replay_task.sbatch	2,3,4,6,7,8,9,10,11,12,13,14,15,17,27
absolute-path	MAIN	/home/hphung/ce25_scratch2/Claude_DeepRL_Population_Models/real_ecology_runs/three_species_diagnostic_replay_20260726_v1/scripts/run_diagnostic_replay.py	30
absolute-path	MAIN	/home/hphung/ce25_scratch2/Claude_DeepRL_Population_Models/real_ecology_runs/three_species_diagnostic_replay_20260726_v1/scripts/run_tier_b_replay.py	31
absolute-path	MAIN	/home/hphung/ce25_scratch2/Claude_DeepRL_Population_Models/real_ecology_runs/three_species_diagnostic_replay_20260726_v1/scripts/tier_b_array.sbatch	14,26
cluster-assumption	MAIN	/home/hphung/ce25_scratch2/Claude_DeepRL_Population_Models/real_ecology_runs/three_species_diagnostic_replay_20260726_v1/scripts/tier_b_array.sbatch	4,5,6,7,8,9,10,11,12,13,14,16,17,18,22,23,28,30
cluster-assumption	MAIN	/home/hphung/ce25_scratch2/Claude_DeepRL_Population_Models/real_ecology_runs/three_species_ecological_p10_correction_20260723_v1/SUBMISSION_RECEIPT.json	26,37
absolute-path	MAIN	/home/hphung/ce25_scratch2/Claude_DeepRL_Population_Models/real_ecology_runs/three_species_ecological_p10_correction_20260723_v1/acceptance_moor_p10.json	29,30,97,98,165,166,233,234,301,302,369,370,437,438,505,506,573,574,641,642,709,710,777,778,845,846,913,914,981,982,1049,1050,1117,1118,1185,1186,1253,1254,1321,1322,1389,1390,1457,1458,1525,1526,1593,1594
absolute-path	MAIN	/home/hphung/ce25_scratch2/Claude_DeepRL_Population_Models/real_ecology_runs/three_species_ecological_p10_correction_20260723_v1/acceptance_plus_p10.json	29,30,104,105,179,180,254,255,329,330,404,405,479,480,554,555,629,630,704,705,779,780,854,855,929,930,1004,1005,1079,1080,1154,1155,1229,1230,1304,1305,1379,1380,1454,1455,1529,1530,1604,1605,1679,1680,1754,1755
absolute-path	MAIN	/home/hphung/ce25_scratch2/Claude_DeepRL_Population_Models/real_ecology_runs/three_species_ecological_p10_correction_20260723_v1/analysis/MATCHED_P10_144_RECEIPT.json	75,80
absolute-path	MAIN	/home/hphung/ce25_scratch2/Claude_DeepRL_Population_Models/real_ecology_runs/three_species_ecological_p10_correction_20260723_v1/launch_package/FINAL_FREEZE_RECEIPT.json	2
cluster-assumption	MAIN	/home/hphung/ce25_scratch2/Claude_DeepRL_Population_Models/real_ecology_runs/three_species_ecological_p10_correction_20260723_v1/launch_package/scripts/dispatch_p10_plan.py	244,245,246
absolute-path	MAIN	/home/hphung/ce25_scratch2/Claude_DeepRL_Population_Models/real_ecology_runs/three_species_ecological_p10_correction_20260723_v1/launch_package/scripts/prepare_p10_correction.py	25
absolute-path	MAIN	/home/hphung/ce25_scratch2/Claude_DeepRL_Population_Models/real_ecology_runs/three_species_ecological_p10_correction_20260723_v1/launch_package/slurm/run_acceptance_p10.sh	11
absolute-path	MAIN	/home/hphung/ce25_scratch2/Claude_DeepRL_Population_Models/real_ecology_runs/three_species_ecological_p10_correction_20260723_v1/launch_package/slurm/run_moor_p10.sh	4
cluster-assumption	MAIN	/home/hphung/ce25_scratch2/Claude_DeepRL_Population_Models/real_ecology_runs/three_species_ecological_p10_correction_20260723_v1/launch_package/slurm/run_moor_p10.sh	8,9,10,16
absolute-path	MAIN	/home/hphung/ce25_scratch2/Claude_DeepRL_Population_Models/real_ecology_runs/three_species_ecological_p10_correction_20260723_v1/launch_package/slurm/run_plus_p10.sh	4
cluster-assumption	MAIN	/home/hphung/ce25_scratch2/Claude_DeepRL_Population_Models/real_ecology_runs/three_species_ecological_p10_correction_20260723_v1/launch_package/slurm/run_plus_p10.sh	8,9,10,16
absolute-path	MAIN	/home/hphung/ce25_scratch2/Claude_DeepRL_Population_Models/real_ecology_runs/three_species_ecological_p10_correction_20260723_v1/moor/evaluation/regime_hidden/amur_tiger/allee/sigma_0p1/moor_three_species_matched_p10_v1/data_real/backend_numpy/regime_hidden/reward_safe/moor_adapted_ricker_misspec_pbvi/faithful_internal/manifest_row_resolved.json	67
absolute-path	MAIN	/home/hphung/ce25_scratch2/Claude_DeepRL_Population_Models/real_ecology_runs/three_species_ecological_p10_correction_20260723_v1/moor/evaluation/regime_hidden/amur_tiger/allee/sigma_0p2/moor_three_species_matched_p10_v1/data_real/backend_numpy/regime_hidden/reward_safe/moor_adapted_ricker_misspec_pbvi/faithful_internal/manifest_row_resolved.json	67
absolute-path	MAIN	/home/hphung/ce25_scratch2/Claude_DeepRL_Population_Models/real_ecology_runs/three_species_ecological_p10_correction_20260723_v1/moor/evaluation/regime_hidden/amur_tiger/regime/sigma_0p1/moor_three_species_matched_p10_v1/data_real/backend_numpy/regime_hidden/reward_safe/moor_adapted_ricker_misspec_pbvi/faithful_internal/manifest_row_resolved.json	67
absolute-path	MAIN	/home/hphung/ce25_scratch2/Claude_DeepRL_Population_Models/real_ecology_runs/three_species_ecological_p10_correction_20260723_v1/moor/evaluation/regime_hidden/amur_tiger/regime/sigma_0p2/moor_three_species_matched_p10_v1/data_real/backend_numpy/regime_hidden/reward_safe/moor_adapted_ricker_misspec_pbvi/faithful_internal/manifest_row_resolved.json	67
absolute-path	MAIN	/home/hphung/ce25_scratch2/Claude_DeepRL_Population_Models/real_ecology_runs/three_species_ecological_p10_correction_20260723_v1/moor/evaluation/regime_hidden/amur_tiger/ricker/sigma_0p1/moor_three_species_matched_p10_v1/data_real/backend_numpy/regime_hidden/reward_safe/moor_adapted_ricker_misspec_pbvi/faithful_internal/manifest_row_resolved.json	67
absolute-path	MAIN	/home/hphung/ce25_scratch2/Claude_DeepRL_Population_Models/real_ecology_runs/three_species_ecological_p10_correction_20260723_v1/moor/evaluation/regime_hidden/amur_tiger/ricker/sigma_0p2/moor_three_species_matched_p10_v1/data_real/backend_numpy/regime_hidden/reward_safe/moor_adapted_ricker_misspec_pbvi/faithful_internal/manifest_row_resolved.json	67
absolute-path	MAIN	/home/hphung/ce25_scratch2/Claude_DeepRL_Population_Models/real_ecology_runs/three_species_ecological_p10_correction_20260723_v1/moor/evaluation/regime_hidden/amur_tiger/theta/sigma_0p1/moor_three_species_matched_p10_v1/data_real/backend_numpy/regime_hidden/reward_safe/moor_adapted_ricker_misspec_pbvi/faithful_internal/manifest_row_resolved.json	67
absolute-path	MAIN	/home/hphung/ce25_scratch2/Claude_DeepRL_Population_Models/real_ecology_runs/three_species_ecological_p10_correction_20260723_v1/moor/evaluation/regime_hidden/amur_tiger/theta/sigma_0p2/moor_three_species_matched_p10_v1/data_real/backend_numpy/regime_hidden/reward_safe/moor_adapted_ricker_misspec_pbvi/faithful_internal/manifest_row_resolved.json	67
absolute-path	MAIN	/home/hphung/ce25_scratch2/Claude_DeepRL_Population_Models/real_ecology_runs/three_species_ecological_p10_correction_20260723_v1/moor/evaluation/regime_hidden/crab_eating_fox/allee/sigma_0p1/moor_three_species_matched_p10_v1/data_real/backend_numpy/regime_hidden/reward_safe/moor_adapted_ricker_misspec_pbvi/faithful_internal/manifest_row_resolved.json	67
absolute-path	MAIN	/home/hphung/ce25_scratch2/Claude_DeepRL_Population_Models/real_ecology_runs/three_species_ecological_p10_correction_20260723_v1/moor/evaluation/regime_hidden/crab_eating_fox/allee/sigma_0p2/moor_three_species_matched_p10_v1/data_real/backend_numpy/regime_hidden/reward_safe/moor_adapted_ricker_misspec_pbvi/faithful_internal/manifest_row_resolved.json	67
absolute-path	MAIN	/home/hphung/ce25_scratch2/Claude_DeepRL_Population_Models/real_ecology_runs/three_species_ecological_p10_correction_20260723_v1/moor/evaluation/regime_hidden/crab_eating_fox/regime/sigma_0p1/moor_three_species_matched_p10_v1/data_real/backend_numpy/regime_hidden/reward_safe/moor_adapted_ricker_misspec_pbvi/faithful_internal/manifest_row_resolved.json	67
absolute-path	MAIN	/home/hphung/ce25_scratch2/Claude_DeepRL_Population_Models/real_ecology_runs/three_species_ecological_p10_correction_20260723_v1/moor/evaluation/regime_hidden/crab_eating_fox/regime/sigma_0p2/moor_three_species_matched_p10_v1/data_real/backend_numpy/regime_hidden/reward_safe/moor_adapted_ricker_misspec_pbvi/faithful_internal/manifest_row_resolved.json	67
absolute-path	MAIN	/home/hphung/ce25_scratch2/Claude_DeepRL_Population_Models/real_ecology_runs/three_species_ecological_p10_correction_20260723_v1/moor/evaluation/regime_hidden/crab_eating_fox/ricker/sigma_0p1/moor_three_species_matched_p10_v1/data_real/backend_numpy/regime_hidden/reward_safe/moor_adapted_ricker_misspec_pbvi/faithful_internal/manifest_row_resolved.json	67
absolute-path	MAIN	/home/hphung/ce25_scratch2/Claude_DeepRL_Population_Models/real_ecology_runs/three_species_ecological_p10_correction_20260723_v1/moor/evaluation/regime_hidden/crab_eating_fox/ricker/sigma_0p2/moor_three_species_matched_p10_v1/data_real/backend_numpy/regime_hidden/reward_safe/moor_adapted_ricker_misspec_pbvi/faithful_internal/manifest_row_resolved.json	67
absolute-path	MAIN	/home/hphung/ce25_scratch2/Claude_DeepRL_Population_Models/real_ecology_runs/three_species_ecological_p10_correction_20260723_v1/moor/evaluation/regime_hidden/crab_eating_fox/theta/sigma_0p1/moor_three_species_matched_p10_v1/data_real/backend_numpy/regime_hidden/reward_safe/moor_adapted_ricker_misspec_pbvi/faithful_internal/manifest_row_resolved.json	67
absolute-path	MAIN	/home/hphung/ce25_scratch2/Claude_DeepRL_Population_Models/real_ecology_runs/three_species_ecological_p10_correction_20260723_v1/moor/evaluation/regime_hidden/crab_eating_fox/theta/sigma_0p2/moor_three_species_matched_p10_v1/data_real/backend_numpy/regime_hidden/reward_safe/moor_adapted_ricker_misspec_pbvi/faithful_internal/manifest_row_resolved.json	67
absolute-path	MAIN	/home/hphung/ce25_scratch2/Claude_DeepRL_Population_Models/real_ecology_runs/three_species_ecological_p10_correction_20260723_v1/moor/evaluation/regime_hidden/egyptian_vulture/allee/sigma_0p1/moor_three_species_matched_p10_v1/data_real/backend_numpy/regime_hidden/reward_safe/moor_adapted_ricker_misspec_pbvi/faithful_internal/manifest_row_resolved.json	67
absolute-path	MAIN	/home/hphung/ce25_scratch2/Claude_DeepRL_Population_Models/real_ecology_runs/three_species_ecological_p10_correction_20260723_v1/moor/evaluation/regime_hidden/egyptian_vulture/allee/sigma_0p2/moor_three_species_matched_p10_v1/data_real/backend_numpy/regime_hidden/reward_safe/moor_adapted_ricker_misspec_pbvi/faithful_internal/manifest_row_resolved.json	67
absolute-path	MAIN	/home/hphung/ce25_scratch2/Claude_DeepRL_Population_Models/real_ecology_runs/three_species_ecological_p10_correction_20260723_v1/moor/evaluation/regime_hidden/egyptian_vulture/regime/sigma_0p1/moor_three_species_matched_p10_v1/data_real/backend_numpy/regime_hidden/reward_safe/moor_adapted_ricker_misspec_pbvi/faithful_internal/manifest_row_resolved.json	67
absolute-path	MAIN	/home/hphung/ce25_scratch2/Claude_DeepRL_Population_Models/real_ecology_runs/three_species_ecological_p10_correction_20260723_v1/moor/evaluation/regime_hidden/egyptian_vulture/regime/sigma_0p2/moor_three_species_matched_p10_v1/data_real/backend_numpy/regime_hidden/reward_safe/moor_adapted_ricker_misspec_pbvi/faithful_internal/manifest_row_resolved.json	67
absolute-path	MAIN	/home/hphung/ce25_scratch2/Claude_DeepRL_Population_Models/real_ecology_runs/three_species_ecological_p10_correction_20260723_v1/moor/evaluation/regime_hidden/egyptian_vulture/ricker/sigma_0p1/moor_three_species_matched_p10_v1/data_real/backend_numpy/regime_hidden/reward_safe/moor_adapted_ricker_misspec_pbvi/faithful_internal/manifest_row_resolved.json	67
absolute-path	MAIN	/home/hphung/ce25_scratch2/Claude_DeepRL_Population_Models/real_ecology_runs/three_species_ecological_p10_correction_20260723_v1/moor/evaluation/regime_hidden/egyptian_vulture/ricker/sigma_0p2/moor_three_species_matched_p10_v1/data_real/backend_numpy/regime_hidden/reward_safe/moor_adapted_ricker_misspec_pbvi/faithful_internal/manifest_row_resolved.json	67
absolute-path	MAIN	/home/hphung/ce25_scratch2/Claude_DeepRL_Population_Models/real_ecology_runs/three_species_ecological_p10_correction_20260723_v1/moor/evaluation/regime_hidden/egyptian_vulture/theta/sigma_0p1/moor_three_species_matched_p10_v1/data_real/backend_numpy/regime_hidden/reward_safe/moor_adapted_ricker_misspec_pbvi/faithful_internal/manifest_row_resolved.json	67
absolute-path	MAIN	/home/hphung/ce25_scratch2/Claude_DeepRL_Population_Models/real_ecology_runs/three_species_ecological_p10_correction_20260723_v1/moor/evaluation/regime_hidden/egyptian_vulture/theta/sigma_0p2/moor_three_species_matched_p10_v1/data_real/backend_numpy/regime_hidden/reward_safe/moor_adapted_ricker_misspec_pbvi/faithful_internal/manifest_row_resolved.json	67
absolute-path	MAIN	/home/hphung/ce25_scratch2/Claude_DeepRL_Population_Models/real_ecology_runs/three_species_ecological_p10_correction_20260723_v1/moor/fit_receipts/regime_hidden/reward_safe/amur_tiger/allee/sigma_0p1/moor_adapted_ricker_misspec_pbvi/fit_receipt.json	13,25
absolute-path	MAIN	/home/hphung/ce25_scratch2/Claude_DeepRL_Population_Models/real_ecology_runs/three_species_ecological_p10_correction_20260723_v1/moor/fit_receipts/regime_hidden/reward_safe/amur_tiger/allee/sigma_0p2/moor_adapted_ricker_misspec_pbvi/fit_receipt.json	13,25
absolute-path	MAIN	/home/hphung/ce25_scratch2/Claude_DeepRL_Population_Models/real_ecology_runs/three_species_ecological_p10_correction_20260723_v1/moor/fit_receipts/regime_hidden/reward_safe/amur_tiger/regime/sigma_0p1/moor_adapted_ricker_misspec_pbvi/fit_receipt.json	13,25
absolute-path	MAIN	/home/hphung/ce25_scratch2/Claude_DeepRL_Population_Models/real_ecology_runs/three_species_ecological_p10_correction_20260723_v1/moor/fit_receipts/regime_hidden/reward_safe/amur_tiger/regime/sigma_0p2/moor_adapted_ricker_misspec_pbvi/fit_receipt.json	13,25
absolute-path	MAIN	/home/hphung/ce25_scratch2/Claude_DeepRL_Population_Models/real_ecology_runs/three_species_ecological_p10_correction_20260723_v1/moor/fit_receipts/regime_hidden/reward_safe/amur_tiger/ricker/sigma_0p1/moor_adapted_ricker_misspec_pbvi/fit_receipt.json	13,25
absolute-path	MAIN	/home/hphung/ce25_scratch2/Claude_DeepRL_Population_Models/real_ecology_runs/three_species_ecological_p10_correction_20260723_v1/moor/fit_receipts/regime_hidden/reward_safe/amur_tiger/ricker/sigma_0p2/moor_adapted_ricker_misspec_pbvi/fit_receipt.json	13,25
absolute-path	MAIN	/home/hphung/ce25_scratch2/Claude_DeepRL_Population_Models/real_ecology_runs/three_species_ecological_p10_correction_20260723_v1/moor/fit_receipts/regime_hidden/reward_safe/amur_tiger/theta/sigma_0p1/moor_adapted_ricker_misspec_pbvi/fit_receipt.json	13,25
absolute-path	MAIN	/home/hphung/ce25_scratch2/Claude_DeepRL_Population_Models/real_ecology_runs/three_species_ecological_p10_correction_20260723_v1/moor/fit_receipts/regime_hidden/reward_safe/amur_tiger/theta/sigma_0p2/moor_adapted_ricker_misspec_pbvi/fit_receipt.json	13,25
absolute-path	MAIN	/home/hphung/ce25_scratch2/Claude_DeepRL_Population_Models/real_ecology_runs/three_species_ecological_p10_correction_20260723_v1/moor/fit_receipts/regime_hidden/reward_safe/crab_eating_fox/allee/sigma_0p1/moor_adapted_ricker_misspec_pbvi/fit_receipt.json	13,25
absolute-path	MAIN	/home/hphung/ce25_scratch2/Claude_DeepRL_Population_Models/real_ecology_runs/three_species_ecological_p10_correction_20260723_v1/moor/fit_receipts/regime_hidden/reward_safe/crab_eating_fox/allee/sigma_0p2/moor_adapted_ricker_misspec_pbvi/fit_receipt.json	13,25
absolute-path	MAIN	/home/hphung/ce25_scratch2/Claude_DeepRL_Population_Models/real_ecology_runs/three_species_ecological_p10_correction_20260723_v1/moor/fit_receipts/regime_hidden/reward_safe/crab_eating_fox/regime/sigma_0p1/moor_adapted_ricker_misspec_pbvi/fit_receipt.json	13,25
absolute-path	MAIN	/home/hphung/ce25_scratch2/Claude_DeepRL_Population_Models/real_ecology_runs/three_species_ecological_p10_correction_20260723_v1/moor/fit_receipts/regime_hidden/reward_safe/crab_eating_fox/regime/sigma_0p2/moor_adapted_ricker_misspec_pbvi/fit_receipt.json	13,25
absolute-path	MAIN	/home/hphung/ce25_scratch2/Claude_DeepRL_Population_Models/real_ecology_runs/three_species_ecological_p10_correction_20260723_v1/moor/fit_receipts/regime_hidden/reward_safe/crab_eating_fox/ricker/sigma_0p1/moor_adapted_ricker_misspec_pbvi/fit_receipt.json	13,25
absolute-path	MAIN	/home/hphung/ce25_scratch2/Claude_DeepRL_Population_Models/real_ecology_runs/three_species_ecological_p10_correction_20260723_v1/moor/fit_receipts/regime_hidden/reward_safe/crab_eating_fox/ricker/sigma_0p2/moor_adapted_ricker_misspec_pbvi/fit_receipt.json	13,25
absolute-path	MAIN	/home/hphung/ce25_scratch2/Claude_DeepRL_Population_Models/real_ecology_runs/three_species_ecological_p10_correction_20260723_v1/moor/fit_receipts/regime_hidden/reward_safe/crab_eating_fox/theta/sigma_0p1/moor_adapted_ricker_misspec_pbvi/fit_receipt.json	13,25
absolute-path	MAIN	/home/hphung/ce25_scratch2/Claude_DeepRL_Population_Models/real_ecology_runs/three_species_ecological_p10_correction_20260723_v1/moor/fit_receipts/regime_hidden/reward_safe/crab_eating_fox/theta/sigma_0p2/moor_adapted_ricker_misspec_pbvi/fit_receipt.json	13,25
absolute-path	MAIN	/home/hphung/ce25_scratch2/Claude_DeepRL_Population_Models/real_ecology_runs/three_species_ecological_p10_correction_20260723_v1/moor/fit_receipts/regime_hidden/reward_safe/egyptian_vulture/allee/sigma_0p1/moor_adapted_ricker_misspec_pbvi/fit_receipt.json	13,25
absolute-path	MAIN	/home/hphung/ce25_scratch2/Claude_DeepRL_Population_Models/real_ecology_runs/three_species_ecological_p10_correction_20260723_v1/moor/fit_receipts/regime_hidden/reward_safe/egyptian_vulture/allee/sigma_0p2/moor_adapted_ricker_misspec_pbvi/fit_receipt.json	13,25
absolute-path	MAIN	/home/hphung/ce25_scratch2/Claude_DeepRL_Population_Models/real_ecology_runs/three_species_ecological_p10_correction_20260723_v1/moor/fit_receipts/regime_hidden/reward_safe/egyptian_vulture/regime/sigma_0p1/moor_adapted_ricker_misspec_pbvi/fit_receipt.json	13,25
absolute-path	MAIN	/home/hphung/ce25_scratch2/Claude_DeepRL_Population_Models/real_ecology_runs/three_species_ecological_p10_correction_20260723_v1/moor/fit_receipts/regime_hidden/reward_safe/egyptian_vulture/regime/sigma_0p2/moor_adapted_ricker_misspec_pbvi/fit_receipt.json	13,25
absolute-path	MAIN	/home/hphung/ce25_scratch2/Claude_DeepRL_Population_Models/real_ecology_runs/three_species_ecological_p10_correction_20260723_v1/moor/fit_receipts/regime_hidden/reward_safe/egyptian_vulture/ricker/sigma_0p1/moor_adapted_ricker_misspec_pbvi/fit_receipt.json	13,25
absolute-path	MAIN	/home/hphung/ce25_scratch2/Claude_DeepRL_Population_Models/real_ecology_runs/three_species_ecological_p10_correction_20260723_v1/moor/fit_receipts/regime_hidden/reward_safe/egyptian_vulture/ricker/sigma_0p2/moor_adapted_ricker_misspec_pbvi/fit_receipt.json	13,25
absolute-path	MAIN	/home/hphung/ce25_scratch2/Claude_DeepRL_Population_Models/real_ecology_runs/three_species_ecological_p10_correction_20260723_v1/moor/fit_receipts/regime_hidden/reward_safe/egyptian_vulture/theta/sigma_0p1/moor_adapted_ricker_misspec_pbvi/fit_receipt.json	13,25
absolute-path	MAIN	/home/hphung/ce25_scratch2/Claude_DeepRL_Population_Models/real_ecology_runs/three_species_ecological_p10_correction_20260723_v1/moor/fit_receipts/regime_hidden/reward_safe/egyptian_vulture/theta/sigma_0p2/moor_adapted_ricker_misspec_pbvi/fit_receipt.json	13,25
absolute-path	MAIN	/home/hphung/ce25_scratch2/Claude_DeepRL_Population_Models/real_ecology_runs/three_species_ecological_p10_correction_20260723_v1/plus/evaluation/regime_hidden/amur_tiger/allee/sigma_0p1/plus_three_species_matched_p10_v1/data_real/backend_numpy/regime_hidden/reward_safe/plus_adapted_ricker_only_pbvi/faithful_internal/manifest_row_resolved.json	63
absolute-path	MAIN	/home/hphung/ce25_scratch2/Claude_DeepRL_Population_Models/real_ecology_runs/three_species_ecological_p10_correction_20260723_v1/plus/evaluation/regime_hidden/amur_tiger/allee/sigma_0p2/plus_three_species_matched_p10_v1/data_real/backend_numpy/regime_hidden/reward_safe/plus_adapted_ricker_only_pbvi/faithful_internal/manifest_row_resolved.json	63
absolute-path	MAIN	/home/hphung/ce25_scratch2/Claude_DeepRL_Population_Models/real_ecology_runs/three_species_ecological_p10_correction_20260723_v1/plus/evaluation/regime_hidden/amur_tiger/regime/sigma_0p1/plus_three_species_matched_p10_v1/data_real/backend_numpy/regime_hidden/reward_safe/plus_adapted_ricker_only_pbvi/faithful_internal/manifest_row_resolved.json	63
absolute-path	MAIN	/home/hphung/ce25_scratch2/Claude_DeepRL_Population_Models/real_ecology_runs/three_species_ecological_p10_correction_20260723_v1/plus/evaluation/regime_hidden/amur_tiger/regime/sigma_0p2/plus_three_species_matched_p10_v1/data_real/backend_numpy/regime_hidden/reward_safe/plus_adapted_ricker_only_pbvi/faithful_internal/manifest_row_resolved.json	63
absolute-path	MAIN	/home/hphung/ce25_scratch2/Claude_DeepRL_Population_Models/real_ecology_runs/three_species_ecological_p10_correction_20260723_v1/plus/evaluation/regime_hidden/amur_tiger/ricker/sigma_0p1/plus_three_species_matched_p10_v1/data_real/backend_numpy/regime_hidden/reward_safe/plus_adapted_ricker_only_pbvi/faithful_internal/manifest_row_resolved.json	63
absolute-path	MAIN	/home/hphung/ce25_scratch2/Claude_DeepRL_Population_Models/real_ecology_runs/three_species_ecological_p10_correction_20260723_v1/plus/evaluation/regime_hidden/amur_tiger/ricker/sigma_0p2/plus_three_species_matched_p10_v1/data_real/backend_numpy/regime_hidden/reward_safe/plus_adapted_ricker_only_pbvi/faithful_internal/manifest_row_resolved.json	63
absolute-path	MAIN	/home/hphung/ce25_scratch2/Claude_DeepRL_Population_Models/real_ecology_runs/three_species_ecological_p10_correction_20260723_v1/plus/evaluation/regime_hidden/amur_tiger/theta/sigma_0p1/plus_three_species_matched_p10_v1/data_real/backend_numpy/regime_hidden/reward_safe/plus_adapted_ricker_only_pbvi/faithful_internal/manifest_row_resolved.json	63
absolute-path	MAIN	/home/hphung/ce25_scratch2/Claude_DeepRL_Population_Models/real_ecology_runs/three_species_ecological_p10_correction_20260723_v1/plus/evaluation/regime_hidden/amur_tiger/theta/sigma_0p2/plus_three_species_matched_p10_v1/data_real/backend_numpy/regime_hidden/reward_safe/plus_adapted_ricker_only_pbvi/faithful_internal/manifest_row_resolved.json	63
absolute-path	MAIN	/home/hphung/ce25_scratch2/Claude_DeepRL_Population_Models/real_ecology_runs/three_species_ecological_p10_correction_20260723_v1/plus/evaluation/regime_hidden/crab_eating_fox/allee/sigma_0p1/plus_three_species_matched_p10_v1/data_real/backend_numpy/regime_hidden/reward_safe/plus_adapted_ricker_only_pbvi/faithful_internal/manifest_row_resolved.json	63
absolute-path	MAIN	/home/hphung/ce25_scratch2/Claude_DeepRL_Population_Models/real_ecology_runs/three_species_ecological_p10_correction_20260723_v1/plus/evaluation/regime_hidden/crab_eating_fox/allee/sigma_0p2/plus_three_species_matched_p10_v1/data_real/backend_numpy/regime_hidden/reward_safe/plus_adapted_ricker_only_pbvi/faithful_internal/manifest_row_resolved.json	63
absolute-path	MAIN	/home/hphung/ce25_scratch2/Claude_DeepRL_Population_Models/real_ecology_runs/three_species_ecological_p10_correction_20260723_v1/plus/evaluation/regime_hidden/crab_eating_fox/regime/sigma_0p1/plus_three_species_matched_p10_v1/data_real/backend_numpy/regime_hidden/reward_safe/plus_adapted_ricker_only_pbvi/faithful_internal/manifest_row_resolved.json	63
absolute-path	MAIN	/home/hphung/ce25_scratch2/Claude_DeepRL_Population_Models/real_ecology_runs/three_species_ecological_p10_correction_20260723_v1/plus/evaluation/regime_hidden/crab_eating_fox/regime/sigma_0p2/plus_three_species_matched_p10_v1/data_real/backend_numpy/regime_hidden/reward_safe/plus_adapted_ricker_only_pbvi/faithful_internal/manifest_row_resolved.json	63
absolute-path	MAIN	/home/hphung/ce25_scratch2/Claude_DeepRL_Population_Models/real_ecology_runs/three_species_ecological_p10_correction_20260723_v1/plus/evaluation/regime_hidden/crab_eating_fox/ricker/sigma_0p1/plus_three_species_matched_p10_v1/data_real/backend_numpy/regime_hidden/reward_safe/plus_adapted_ricker_only_pbvi/faithful_internal/manifest_row_resolved.json	63
absolute-path	MAIN	/home/hphung/ce25_scratch2/Claude_DeepRL_Population_Models/real_ecology_runs/three_species_ecological_p10_correction_20260723_v1/plus/evaluation/regime_hidden/crab_eating_fox/ricker/sigma_0p2/plus_three_species_matched_p10_v1/data_real/backend_numpy/regime_hidden/reward_safe/plus_adapted_ricker_only_pbvi/faithful_internal/manifest_row_resolved.json	63
absolute-path	MAIN	/home/hphung/ce25_scratch2/Claude_DeepRL_Population_Models/real_ecology_runs/three_species_ecological_p10_correction_20260723_v1/plus/evaluation/regime_hidden/crab_eating_fox/theta/sigma_0p1/plus_three_species_matched_p10_v1/data_real/backend_numpy/regime_hidden/reward_safe/plus_adapted_ricker_only_pbvi/faithful_internal/manifest_row_resolved.json	63
absolute-path	MAIN	/home/hphung/ce25_scratch2/Claude_DeepRL_Population_Models/real_ecology_runs/three_species_ecological_p10_correction_20260723_v1/plus/evaluation/regime_hidden/crab_eating_fox/theta/sigma_0p2/plus_three_species_matched_p10_v1/data_real/backend_numpy/regime_hidden/reward_safe/plus_adapted_ricker_only_pbvi/faithful_internal/manifest_row_resolved.json	63
absolute-path	MAIN	/home/hphung/ce25_scratch2/Claude_DeepRL_Population_Models/real_ecology_runs/three_species_ecological_p10_correction_20260723_v1/plus/evaluation/regime_hidden/egyptian_vulture/allee/sigma_0p1/plus_three_species_matched_p10_v1/data_real/backend_numpy/regime_hidden/reward_safe/plus_adapted_ricker_only_pbvi/faithful_internal/manifest_row_resolved.json	63
absolute-path	MAIN	/home/hphung/ce25_scratch2/Claude_DeepRL_Population_Models/real_ecology_runs/three_species_ecological_p10_correction_20260723_v1/plus/evaluation/regime_hidden/egyptian_vulture/allee/sigma_0p2/plus_three_species_matched_p10_v1/data_real/backend_numpy/regime_hidden/reward_safe/plus_adapted_ricker_only_pbvi/faithful_internal/manifest_row_resolved.json	63
absolute-path	MAIN	/home/hphung/ce25_scratch2/Claude_DeepRL_Population_Models/real_ecology_runs/three_species_ecological_p10_correction_20260723_v1/plus/evaluation/regime_hidden/egyptian_vulture/regime/sigma_0p1/plus_three_species_matched_p10_v1/data_real/backend_numpy/regime_hidden/reward_safe/plus_adapted_ricker_only_pbvi/faithful_internal/manifest_row_resolved.json	63
absolute-path	MAIN	/home/hphung/ce25_scratch2/Claude_DeepRL_Population_Models/real_ecology_runs/three_species_ecological_p10_correction_20260723_v1/plus/evaluation/regime_hidden/egyptian_vulture/regime/sigma_0p2/plus_three_species_matched_p10_v1/data_real/backend_numpy/regime_hidden/reward_safe/plus_adapted_ricker_only_pbvi/faithful_internal/manifest_row_resolved.json	63
absolute-path	MAIN	/home/hphung/ce25_scratch2/Claude_DeepRL_Population_Models/real_ecology_runs/three_species_ecological_p10_correction_20260723_v1/plus/evaluation/regime_hidden/egyptian_vulture/ricker/sigma_0p1/plus_three_species_matched_p10_v1/data_real/backend_numpy/regime_hidden/reward_safe/plus_adapted_ricker_only_pbvi/faithful_internal/manifest_row_resolved.json	63
absolute-path	MAIN	/home/hphung/ce25_scratch2/Claude_DeepRL_Population_Models/real_ecology_runs/three_species_ecological_p10_correction_20260723_v1/plus/evaluation/regime_hidden/egyptian_vulture/ricker/sigma_0p2/plus_three_species_matched_p10_v1/data_real/backend_numpy/regime_hidden/reward_safe/plus_adapted_ricker_only_pbvi/faithful_internal/manifest_row_resolved.json	63
absolute-path	MAIN	/home/hphung/ce25_scratch2/Claude_DeepRL_Population_Models/real_ecology_runs/three_species_ecological_p10_correction_20260723_v1/plus/evaluation/regime_hidden/egyptian_vulture/theta/sigma_0p1/plus_three_species_matched_p10_v1/data_real/backend_numpy/regime_hidden/reward_safe/plus_adapted_ricker_only_pbvi/faithful_internal/manifest_row_resolved.json	63
absolute-path	MAIN	/home/hphung/ce25_scratch2/Claude_DeepRL_Population_Models/real_ecology_runs/three_species_ecological_p10_correction_20260723_v1/plus/evaluation/regime_hidden/egyptian_vulture/theta/sigma_0p2/plus_three_species_matched_p10_v1/data_real/backend_numpy/regime_hidden/reward_safe/plus_adapted_ricker_only_pbvi/faithful_internal/manifest_row_resolved.json	63
absolute-path	MAIN	/home/hphung/ce25_scratch2/Claude_DeepRL_Population_Models/real_ecology_runs/three_species_ecological_p10_correction_20260723_v1/plus/fit_receipts/regime_hidden/reward_safe/amur_tiger/allee/sigma_0p1/plus_adapted_ricker_only_pbvi/fit_receipt.json	27,46
absolute-path	MAIN	/home/hphung/ce25_scratch2/Claude_DeepRL_Population_Models/real_ecology_runs/three_species_ecological_p10_correction_20260723_v1/plus/fit_receipts/regime_hidden/reward_safe/amur_tiger/allee/sigma_0p2/plus_adapted_ricker_only_pbvi/fit_receipt.json	27,46
absolute-path	MAIN	/home/hphung/ce25_scratch2/Claude_DeepRL_Population_Models/real_ecology_runs/three_species_ecological_p10_correction_20260723_v1/plus/fit_receipts/regime_hidden/reward_safe/amur_tiger/regime/sigma_0p1/plus_adapted_ricker_only_pbvi/fit_receipt.json	27,46
absolute-path	MAIN	/home/hphung/ce25_scratch2/Claude_DeepRL_Population_Models/real_ecology_runs/three_species_ecological_p10_correction_20260723_v1/plus/fit_receipts/regime_hidden/reward_safe/amur_tiger/regime/sigma_0p2/plus_adapted_ricker_only_pbvi/fit_receipt.json	27,46
absolute-path	MAIN	/home/hphung/ce25_scratch2/Claude_DeepRL_Population_Models/real_ecology_runs/three_species_ecological_p10_correction_20260723_v1/plus/fit_receipts/regime_hidden/reward_safe/amur_tiger/ricker/sigma_0p1/plus_adapted_ricker_only_pbvi/fit_receipt.json	27,46
absolute-path	MAIN	/home/hphung/ce25_scratch2/Claude_DeepRL_Population_Models/real_ecology_runs/three_species_ecological_p10_correction_20260723_v1/plus/fit_receipts/regime_hidden/reward_safe/amur_tiger/ricker/sigma_0p2/plus_adapted_ricker_only_pbvi/fit_receipt.json	27,46
absolute-path	MAIN	/home/hphung/ce25_scratch2/Claude_DeepRL_Population_Models/real_ecology_runs/three_species_ecological_p10_correction_20260723_v1/plus/fit_receipts/regime_hidden/reward_safe/amur_tiger/theta/sigma_0p1/plus_adapted_ricker_only_pbvi/fit_receipt.json	27,46
absolute-path	MAIN	/home/hphung/ce25_scratch2/Claude_DeepRL_Population_Models/real_ecology_runs/three_species_ecological_p10_correction_20260723_v1/plus/fit_receipts/regime_hidden/reward_safe/amur_tiger/theta/sigma_0p2/plus_adapted_ricker_only_pbvi/fit_receipt.json	27,46
absolute-path	MAIN	/home/hphung/ce25_scratch2/Claude_DeepRL_Population_Models/real_ecology_runs/three_species_ecological_p10_correction_20260723_v1/plus/fit_receipts/regime_hidden/reward_safe/crab_eating_fox/allee/sigma_0p1/plus_adapted_ricker_only_pbvi/fit_receipt.json	27,46
absolute-path	MAIN	/home/hphung/ce25_scratch2/Claude_DeepRL_Population_Models/real_ecology_runs/three_species_ecological_p10_correction_20260723_v1/plus/fit_receipts/regime_hidden/reward_safe/crab_eating_fox/allee/sigma_0p2/plus_adapted_ricker_only_pbvi/fit_receipt.json	27,46
absolute-path	MAIN	/home/hphung/ce25_scratch2/Claude_DeepRL_Population_Models/real_ecology_runs/three_species_ecological_p10_correction_20260723_v1/plus/fit_receipts/regime_hidden/reward_safe/crab_eating_fox/regime/sigma_0p1/plus_adapted_ricker_only_pbvi/fit_receipt.json	27,46
absolute-path	MAIN	/home/hphung/ce25_scratch2/Claude_DeepRL_Population_Models/real_ecology_runs/three_species_ecological_p10_correction_20260723_v1/plus/fit_receipts/regime_hidden/reward_safe/crab_eating_fox/regime/sigma_0p2/plus_adapted_ricker_only_pbvi/fit_receipt.json	27,46
absolute-path	MAIN	/home/hphung/ce25_scratch2/Claude_DeepRL_Population_Models/real_ecology_runs/three_species_ecological_p10_correction_20260723_v1/plus/fit_receipts/regime_hidden/reward_safe/crab_eating_fox/ricker/sigma_0p1/plus_adapted_ricker_only_pbvi/fit_receipt.json	27,46
absolute-path	MAIN	/home/hphung/ce25_scratch2/Claude_DeepRL_Population_Models/real_ecology_runs/three_species_ecological_p10_correction_20260723_v1/plus/fit_receipts/regime_hidden/reward_safe/crab_eating_fox/ricker/sigma_0p2/plus_adapted_ricker_only_pbvi/fit_receipt.json	27,46
absolute-path	MAIN	/home/hphung/ce25_scratch2/Claude_DeepRL_Population_Models/real_ecology_runs/three_species_ecological_p10_correction_20260723_v1/plus/fit_receipts/regime_hidden/reward_safe/crab_eating_fox/theta/sigma_0p1/plus_adapted_ricker_only_pbvi/fit_receipt.json	27,46
absolute-path	MAIN	/home/hphung/ce25_scratch2/Claude_DeepRL_Population_Models/real_ecology_runs/three_species_ecological_p10_correction_20260723_v1/plus/fit_receipts/regime_hidden/reward_safe/crab_eating_fox/theta/sigma_0p2/plus_adapted_ricker_only_pbvi/fit_receipt.json	27,46
absolute-path	MAIN	/home/hphung/ce25_scratch2/Claude_DeepRL_Population_Models/real_ecology_runs/three_species_ecological_p10_correction_20260723_v1/plus/fit_receipts/regime_hidden/reward_safe/egyptian_vulture/allee/sigma_0p1/plus_adapted_ricker_only_pbvi/fit_receipt.json	27,46
absolute-path	MAIN	/home/hphung/ce25_scratch2/Claude_DeepRL_Population_Models/real_ecology_runs/three_species_ecological_p10_correction_20260723_v1/plus/fit_receipts/regime_hidden/reward_safe/egyptian_vulture/allee/sigma_0p2/plus_adapted_ricker_only_pbvi/fit_receipt.json	27,46
absolute-path	MAIN	/home/hphung/ce25_scratch2/Claude_DeepRL_Population_Models/real_ecology_runs/three_species_ecological_p10_correction_20260723_v1/plus/fit_receipts/regime_hidden/reward_safe/egyptian_vulture/regime/sigma_0p1/plus_adapted_ricker_only_pbvi/fit_receipt.json	27,46
absolute-path	MAIN	/home/hphung/ce25_scratch2/Claude_DeepRL_Population_Models/real_ecology_runs/three_species_ecological_p10_correction_20260723_v1/plus/fit_receipts/regime_hidden/reward_safe/egyptian_vulture/regime/sigma_0p2/plus_adapted_ricker_only_pbvi/fit_receipt.json	27,46
absolute-path	MAIN	/home/hphung/ce25_scratch2/Claude_DeepRL_Population_Models/real_ecology_runs/three_species_ecological_p10_correction_20260723_v1/plus/fit_receipts/regime_hidden/reward_safe/egyptian_vulture/ricker/sigma_0p1/plus_adapted_ricker_only_pbvi/fit_receipt.json	27,46
absolute-path	MAIN	/home/hphung/ce25_scratch2/Claude_DeepRL_Population_Models/real_ecology_runs/three_species_ecological_p10_correction_20260723_v1/plus/fit_receipts/regime_hidden/reward_safe/egyptian_vulture/ricker/sigma_0p2/plus_adapted_ricker_only_pbvi/fit_receipt.json	27,46
absolute-path	MAIN	/home/hphung/ce25_scratch2/Claude_DeepRL_Population_Models/real_ecology_runs/three_species_ecological_p10_correction_20260723_v1/plus/fit_receipts/regime_hidden/reward_safe/egyptian_vulture/theta/sigma_0p1/plus_adapted_ricker_only_pbvi/fit_receipt.json	27,46
absolute-path	MAIN	/home/hphung/ce25_scratch2/Claude_DeepRL_Population_Models/real_ecology_runs/three_species_ecological_p10_correction_20260723_v1/plus/fit_receipts/regime_hidden/reward_safe/egyptian_vulture/theta/sigma_0p2/plus_adapted_ricker_only_pbvi/fit_receipt.json	27,46
absolute-path	MAIN	/home/hphung/ce25_scratch2/Claude_DeepRL_Population_Models/scripts/build_three_species_p10_merged_report.py	22,24,760
cluster-assumption	MAIN	/home/hphung/ce25_scratch2/Claude_DeepRL_Population_Models/scripts/shard_manifest.py	8,15,16,17,58,60,63
cluster-assumption	MAIN	/home/hphung/ce25_scratch2/Claude_DeepRL_Population_Models/scripts/slurm/capture_trajectories.sh	2,3,4,5,6,7,8,9,12,13,17
cluster-assumption	MAIN	/home/hphung/ce25_scratch2/Claude_DeepRL_Population_Models/scripts/slurm/launch_cumulative_controls_12h_after_probe.sh	2,3,4,5,6,7,8,12,54,62,75
cluster-assumption	MAIN	/home/hphung/ce25_scratch2/Claude_DeepRL_Population_Models/scripts/slurm/run_adapted_fit_row.sh	2,3,4,5,6,7,8,15,27,28,29
cluster-assumption	MAIN	/home/hphung/ce25_scratch2/Claude_DeepRL_Population_Models/scripts/slurm/run_cumulative_controls_12h_aggregate.sh	2,3,4,5,6,7,8,12,18,19,20
cluster-assumption	MAIN	/home/hphung/ce25_scratch2/Claude_DeepRL_Population_Models/scripts/slurm/run_cumulative_controls_12h_gate_row.sh	2,3,4,5,6,7,8,12,15,33,34,35
cluster-assumption	MAIN	/home/hphung/ce25_scratch2/Claude_DeepRL_Population_Models/scripts/slurm/run_cumulative_controls_12h_gates.sh	2,3,4,5,6,7,8,12,19,20,21
cluster-assumption	MAIN	/home/hphung/ce25_scratch2/Claude_DeepRL_Population_Models/scripts/slurm/run_cumulative_controls_12h_row.sh	2,3,4,5,6,7,8,12,16,22,23,24
cluster-assumption	MAIN	/home/hphung/ce25_scratch2/Claude_DeepRL_Population_Models/scripts/slurm/run_gate_matrix.sh	2,3,4,5,6,7,8,9,13,17,18,19
cluster-assumption	MAIN	/home/hphung/ce25_scratch2/Claude_DeepRL_Population_Models/scripts/slurm/run_manifest_row.sh	2,3,4,5,6,7,8,9,13,15,19,20,21
cluster-assumption	MAIN	/home/hphung/ce25_scratch2/Claude_DeepRL_Population_Models/scripts/slurm/run_paper_faithful_row.sh	2,3,4,5,6,7,8,15,27,28,29
cluster-assumption	MAIN	/home/hphung/ce25_scratch2/Claude_DeepRL_Population_Models/scripts/slurm/run_real_aggregate.sh	2,3,4,5,6,7,8,14,15,24,25,26
cluster-assumption	MAIN	/home/hphung/ce25_scratch2/Claude_DeepRL_Population_Models/scripts/slurm/run_real_gate_row.sh	2,3,4,5,6,7,8,14,15,21,28,29,30
cluster-assumption	MAIN	/home/hphung/ce25_scratch2/Claude_DeepRL_Population_Models/scripts/slurm/run_real_row.sh	2,3,4,5,6,7,8,14,15,21,33,34,35
cluster-assumption	MAIN	/home/hphung/ce25_scratch2/Claude_DeepRL_Population_Models/scripts/slurm/run_real_row_gpu.sh	5,6,8,16,17,18,19,20,21,22,28,29,35,46,50,51,52
cluster-assumption	MAIN	/home/hphung/ce25_scratch2/Claude_DeepRL_Population_Models/scripts/slurm/submit_full.sh	10,11
