sha256	size_bytes	copies	origin	source_path
01ba4719c80b6fe911b091a7c05124b64eeece964e09c058ef8f9805daca546b	1	15	ECO_FROZEN	/home/hphung/ce25_scratch2/Claude_DeepRL_Population_Models/real_ecology_runs/ricker_only_plus_72_20260720/runtime_snapshot_routing_fix/tests/dummy/__init__.py
01ba4719c80b6fe911b091a7c05124b64eeece964e09c058ef8f9805daca546b	1	15	ECO_FROZEN	/home/hphung/ce25_scratch2/Claude_DeepRL_Population_Models/real_ecology_runs/ricker_only_plus_72_20260720/runtime_snapshot_routing_fix/tests/real/__init__.py
01ba4719c80b6fe911b091a7c05124b64eeece964e09c058ef8f9805daca546b	1	15	ECO_FROZEN	/home/hphung/ce25_scratch2/Claude_DeepRL_Population_Models/real_ecology_runs/ricker_only_plus_72_20260720/runtime_snapshot_routing_fix/tests/synthetic/__init__.py
01ba4719c80b6fe911b091a7c05124b64eeece964e09c058ef8f9805daca546b	1	15	GENERAL_FROZEN	/home/hphung/ce25_scratch2/general_rl_phase2_iso/real_ecology_runs/general_phase2e_full_sigma01_02_20260720_v1/code/tests/dummy/__init__.py
01ba4719c80b6fe911b091a7c05124b64eeece964e09c058ef8f9805daca546b	1	15	GENERAL_FROZEN	/home/hphung/ce25_scratch2/general_rl_phase2_iso/real_ecology_runs/general_phase2e_full_sigma01_02_20260720_v1/code/tests/real/__init__.py
01ba4719c80b6fe911b091a7c05124b64eeece964e09c058ef8f9805daca546b	1	15	GENERAL_FROZEN	/home/hphung/ce25_scratch2/general_rl_phase2_iso/real_ecology_runs/general_phase2e_full_sigma01_02_20260720_v1/code/tests/synthetic/__init__.py
01ba4719c80b6fe911b091a7c05124b64eeece964e09c058ef8f9805daca546b	1	15	MAIN	/home/hphung/ce25_scratch2/Claude_DeepRL_Population_Models/real_ecology_runs/adapted_32cell_diagnostic_pending/code/tests/dummy/__init__.py
01ba4719c80b6fe911b091a7c05124b64eeece964e09c058ef8f9805daca546b	1	15	MAIN	/home/hphung/ce25_scratch2/Claude_DeepRL_Population_Models/real_ecology_runs/adapted_32cell_diagnostic_pending/code/tests/real/__init__.py
01ba4719c80b6fe911b091a7c05124b64eeece964e09c058ef8f9805daca546b	1	15	MAIN	/home/hphung/ce25_scratch2/Claude_DeepRL_Population_Models/real_ecology_runs/adapted_32cell_diagnostic_pending/code/tests/synthetic/__init__.py
01ba4719c80b6fe911b091a7c05124b64eeece964e09c058ef8f9805daca546b	1	15	MAIN	/home/hphung/ce25_scratch2/Claude_DeepRL_Population_Models/real_ecology_runs/ricker_only_plus_72_20260720/runtime_snapshot/tests/dummy/__init__.py
01ba4719c80b6fe911b091a7c05124b64eeece964e09c058ef8f9805daca546b	1	15	MAIN	/home/hphung/ce25_scratch2/Claude_DeepRL_Population_Models/real_ecology_runs/ricker_only_plus_72_20260720/runtime_snapshot/tests/real/__init__.py
01ba4719c80b6fe911b091a7c05124b64eeece964e09c058ef8f9805daca546b	1	15	MAIN	/home/hphung/ce25_scratch2/Claude_DeepRL_Population_Models/real_ecology_runs/ricker_only_plus_72_20260720/runtime_snapshot/tests/synthetic/__init__.py
01ba4719c80b6fe911b091a7c05124b64eeece964e09c058ef8f9805daca546b	1	15	MAIN	/home/hphung/ce25_scratch2/Claude_DeepRL_Population_Models/tests/dummy/__init__.py
01ba4719c80b6fe911b091a7c05124b64eeece964e09c058ef8f9805daca546b	1	15	MAIN	/home/hphung/ce25_scratch2/Claude_DeepRL_Population_Models/tests/real/__init__.py
01ba4719c80b6fe911b091a7c05124b64eeece964e09c058ef8f9805daca546b	1	15	MAIN	/home/hphung/ce25_scratch2/Claude_DeepRL_Population_Models/tests/synthetic/__init__.py
0d0ac60c498240479073ec9818f55e12c1f30d2c2318f36b98823e45abf33ed7	2602	15	ECO_FROZEN	/home/hphung/ce25_scratch2/Claude_DeepRL_Population_Models/real_ecology_runs/ricker_only_plus_72_20260720/runtime_snapshot_routing_fix/scripts/slurm/run_real_row_gpu.sh
0d0ac60c498240479073ec9818f55e12c1f30d2c2318f36b98823e45abf33ed7	2602	15	GENERAL_FROZEN	/home/hphung/ce25_scratch2/general_rl_phase2_iso/real_ecology_runs/general_phase2e_full_sigma01_02_20260720_v1/code/scripts/slurm/run_real_row_gpu.sh
0d0ac60c498240479073ec9818f55e12c1f30d2c2318f36b98823e45abf33ed7	2602	15	MAIN	/home/hphung/ce25_scratch2/Claude_DeepRL_Population_Models/real_ecology_runs/adapted_32cell_diagnostic_pending/code/scripts/slurm/run_real_row_gpu.sh
0d0ac60c498240479073ec9818f55e12c1f30d2c2318f36b98823e45abf33ed7	2602	15	MAIN	/home/hphung/ce25_scratch2/Claude_DeepRL_Population_Models/real_ecology_runs/adapted_plus_moor_corrected_canary_20260717_v1/code/scripts/slurm/run_real_row_gpu.sh
0d0ac60c498240479073ec9818f55e12c1f30d2c2318f36b98823e45abf33ed7	2602	15	MAIN	/home/hphung/ce25_scratch2/Claude_DeepRL_Population_Models/real_ecology_runs/general_audit_20260712/code/scripts/slurm/run_real_row_gpu.sh
0d0ac60c498240479073ec9818f55e12c1f30d2c2318f36b98823e45abf33ed7	2602	15	MAIN	/home/hphung/ce25_scratch2/Claude_DeepRL_Population_Models/real_ecology_runs/hidden_rk_comparison_20260716/code/scripts/slurm/run_real_row_gpu.sh
0d0ac60c498240479073ec9818f55e12c1f30d2c2318f36b98823e45abf33ed7	2602	15	MAIN	/home/hphung/ce25_scratch2/Claude_DeepRL_Population_Models/real_ecology_runs/motivation_native_20260711/code/scripts/slurm/run_real_row_gpu.sh
0d0ac60c498240479073ec9818f55e12c1f30d2c2318f36b98823e45abf33ed7	2602	15	MAIN	/home/hphung/ce25_scratch2/Claude_DeepRL_Population_Models/real_ecology_runs/paper_faithful_one_cell_4000_20260717_v1/code/scripts/slurm/run_real_row_gpu.sh
0d0ac60c498240479073ec9818f55e12c1f30d2c2318f36b98823e45abf33ed7	2602	15	MAIN	/home/hphung/ce25_scratch2/Claude_DeepRL_Population_Models/real_ecology_runs/paper_faithful_smoke_20260717/code/scripts/slurm/run_real_row_gpu.sh
0d0ac60c498240479073ec9818f55e12c1f30d2c2318f36b98823e45abf33ed7	2602	15	MAIN	/home/hphung/ce25_scratch2/Claude_DeepRL_Population_Models/real_ecology_runs/paper_faithful_smoke_20260717_v2/code/scripts/slurm/run_real_row_gpu.sh
0d0ac60c498240479073ec9818f55e12c1f30d2c2318f36b98823e45abf33ed7	2602	15	MAIN	/home/hphung/ce25_scratch2/Claude_DeepRL_Population_Models/real_ecology_runs/paper_faithful_smoke_20260717_v3/code/scripts/slurm/run_real_row_gpu.sh
0d0ac60c498240479073ec9818f55e12c1f30d2c2318f36b98823e45abf33ed7	2602	15	MAIN	/home/hphung/ce25_scratch2/Claude_DeepRL_Population_Models/real_ecology_runs/paper_faithful_smoke_20260717_v4/code/scripts/slurm/run_real_row_gpu.sh
0d0ac60c498240479073ec9818f55e12c1f30d2c2318f36b98823e45abf33ed7	2602	15	MAIN	/home/hphung/ce25_scratch2/Claude_DeepRL_Population_Models/real_ecology_runs/psafe_overnight_20260705/code/real_ecology_cont_obser/scripts/slurm/run_real_row_gpu.sh
0d0ac60c498240479073ec9818f55e12c1f30d2c2318f36b98823e45abf33ed7	2602	15	MAIN	/home/hphung/ce25_scratch2/Claude_DeepRL_Population_Models/real_ecology_runs/ricker_only_plus_72_20260720/runtime_snapshot/scripts/slurm/run_real_row_gpu.sh
0d0ac60c498240479073ec9818f55e12c1f30d2c2318f36b98823e45abf33ed7	2602	15	MAIN	/home/hphung/ce25_scratch2/Claude_DeepRL_Population_Models/scripts/slurm/run_real_row_gpu.sh
11cf323249f4ba4e79c9fb7660c0979fc91a3822bc5362286376b69808b41195	31	15	ECO_FROZEN	/home/hphung/ce25_scratch2/Claude_DeepRL_Population_Models/real_ecology_runs/ricker_only_plus_72_20260720/runtime_snapshot_routing_fix/src/real_ecology_benchmark/__main__.py
11cf323249f4ba4e79c9fb7660c0979fc91a3822bc5362286376b69808b41195	31	15	GENERAL_FROZEN	/home/hphung/ce25_scratch2/general_rl_phase2_iso/real_ecology_runs/general_phase2e_full_sigma01_02_20260720_v1/code/src/real_ecology_benchmark/__main__.py
11cf323249f4ba4e79c9fb7660c0979fc91a3822bc5362286376b69808b41195	31	15	MAIN	/home/hphung/ce25_scratch2/Claude_DeepRL_Population_Models/real_ecology_runs/adapted_32cell_diagnostic_pending/code/src/real_ecology_benchmark/__main__.py
11cf323249f4ba4e79c9fb7660c0979fc91a3822bc5362286376b69808b41195	31	15	MAIN	/home/hphung/ce25_scratch2/Claude_DeepRL_Population_Models/real_ecology_runs/adapted_plus_moor_corrected_canary_20260717_v1/code/src/real_ecology_benchmark/__main__.py
11cf323249f4ba4e79c9fb7660c0979fc91a3822bc5362286376b69808b41195	31	15	MAIN	/home/hphung/ce25_scratch2/Claude_DeepRL_Population_Models/real_ecology_runs/general_audit_20260712/code/src/real_ecology_benchmark/__main__.py
11cf323249f4ba4e79c9fb7660c0979fc91a3822bc5362286376b69808b41195	31	15	MAIN	/home/hphung/ce25_scratch2/Claude_DeepRL_Population_Models/real_ecology_runs/hidden_rk_comparison_20260716/code/src/real_ecology_benchmark/__main__.py
11cf323249f4ba4e79c9fb7660c0979fc91a3822bc5362286376b69808b41195	31	15	MAIN	/home/hphung/ce25_scratch2/Claude_DeepRL_Population_Models/real_ecology_runs/motivation_native_20260711/code/src/real_ecology_benchmark/__main__.py
11cf323249f4ba4e79c9fb7660c0979fc91a3822bc5362286376b69808b41195	31	15	MAIN	/home/hphung/ce25_scratch2/Claude_DeepRL_Population_Models/real_ecology_runs/paper_faithful_one_cell_4000_20260717_v1/code/src/real_ecology_benchmark/__main__.py
11cf323249f4ba4e79c9fb7660c0979fc91a3822bc5362286376b69808b41195	31	15	MAIN	/home/hphung/ce25_scratch2/Claude_DeepRL_Population_Models/real_ecology_runs/paper_faithful_smoke_20260717/code/src/real_ecology_benchmark/__main__.py
11cf323249f4ba4e79c9fb7660c0979fc91a3822bc5362286376b69808b41195	31	15	MAIN	/home/hphung/ce25_scratch2/Claude_DeepRL_Population_Models/real_ecology_runs/paper_faithful_smoke_20260717_v2/code/src/real_ecology_benchmark/__main__.py
11cf323249f4ba4e79c9fb7660c0979fc91a3822bc5362286376b69808b41195	31	15	MAIN	/home/hphung/ce25_scratch2/Claude_DeepRL_Population_Models/real_ecology_runs/paper_faithful_smoke_20260717_v3/code/src/real_ecology_benchmark/__main__.py
11cf323249f4ba4e79c9fb7660c0979fc91a3822bc5362286376b69808b41195	31	15	MAIN	/home/hphung/ce25_scratch2/Claude_DeepRL_Population_Models/real_ecology_runs/paper_faithful_smoke_20260717_v4/code/src/real_ecology_benchmark/__main__.py
11cf323249f4ba4e79c9fb7660c0979fc91a3822bc5362286376b69808b41195	31	15	MAIN	/home/hphung/ce25_scratch2/Claude_DeepRL_Population_Models/real_ecology_runs/psafe_overnight_20260705/code/real_ecology_cont_obser/src/real_ecology_benchmark/__main__.py
11cf323249f4ba4e79c9fb7660c0979fc91a3822bc5362286376b69808b41195	31	15	MAIN	/home/hphung/ce25_scratch2/Claude_DeepRL_Population_Models/real_ecology_runs/ricker_only_plus_72_20260720/runtime_snapshot/src/real_ecology_benchmark/__main__.py
11cf323249f4ba4e79c9fb7660c0979fc91a3822bc5362286376b69808b41195	31	15	MAIN	/home/hphung/ce25_scratch2/Claude_DeepRL_Population_Models/src/real_ecology_benchmark/__main__.py
35f1816ee9b38206753bde6882485bf29283e33ae37e9635ef7a80b8c723cdc9	2453	15	ECO_FROZEN	/home/hphung/ce25_scratch2/Claude_DeepRL_Population_Models/real_ecology_runs/ricker_only_plus_72_20260720/runtime_snapshot_routing_fix/src/real_ecology_benchmark/methods/value.py
35f1816ee9b38206753bde6882485bf29283e33ae37e9635ef7a80b8c723cdc9	2453	15	GENERAL_FROZEN	/home/hphung/ce25_scratch2/general_rl_phase2_iso/real_ecology_runs/general_phase2e_full_sigma01_02_20260720_v1/code/src/real_ecology_benchmark/methods/value.py
35f1816ee9b38206753bde6882485bf29283e33ae37e9635ef7a80b8c723cdc9	2453	15	MAIN	/home/hphung/ce25_scratch2/Claude_DeepRL_Population_Models/real_ecology_runs/adapted_32cell_diagnostic_pending/code/src/real_ecology_benchmark/methods/value.py
35f1816ee9b38206753bde6882485bf29283e33ae37e9635ef7a80b8c723cdc9	2453	15	MAIN	/home/hphung/ce25_scratch2/Claude_DeepRL_Population_Models/real_ecology_runs/adapted_plus_moor_corrected_canary_20260717_v1/code/src/real_ecology_benchmark/methods/value.py
35f1816ee9b38206753bde6882485bf29283e33ae37e9635ef7a80b8c723cdc9	2453	15	MAIN	/home/hphung/ce25_scratch2/Claude_DeepRL_Population_Models/real_ecology_runs/general_audit_20260712/code/src/real_ecology_benchmark/methods/value.py
35f1816ee9b38206753bde6882485bf29283e33ae37e9635ef7a80b8c723cdc9	2453	15	MAIN	/home/hphung/ce25_scratch2/Claude_DeepRL_Population_Models/real_ecology_runs/hidden_rk_comparison_20260716/code/src/real_ecology_benchmark/methods/value.py
35f1816ee9b38206753bde6882485bf29283e33ae37e9635ef7a80b8c723cdc9	2453	15	MAIN	/home/hphung/ce25_scratch2/Claude_DeepRL_Population_Models/real_ecology_runs/motivation_native_20260711/code/src/real_ecology_benchmark/methods/value.py
35f1816ee9b38206753bde6882485bf29283e33ae37e9635ef7a80b8c723cdc9	2453	15	MAIN	/home/hphung/ce25_scratch2/Claude_DeepRL_Population_Models/real_ecology_runs/paper_faithful_one_cell_4000_20260717_v1/code/src/real_ecology_benchmark/methods/value.py
35f1816ee9b38206753bde6882485bf29283e33ae37e9635ef7a80b8c723cdc9	2453	15	MAIN	/home/hphung/ce25_scratch2/Claude_DeepRL_Population_Models/real_ecology_runs/paper_faithful_smoke_20260717/code/src/real_ecology_benchmark/methods/value.py
35f1816ee9b38206753bde6882485bf29283e33ae37e9635ef7a80b8c723cdc9	2453	15	MAIN	/home/hphung/ce25_scratch2/Claude_DeepRL_Population_Models/real_ecology_runs/paper_faithful_smoke_20260717_v2/code/src/real_ecology_benchmark/methods/value.py
35f1816ee9b38206753bde6882485bf29283e33ae37e9635ef7a80b8c723cdc9	2453	15	MAIN	/home/hphung/ce25_scratch2/Claude_DeepRL_Population_Models/real_ecology_runs/paper_faithful_smoke_20260717_v3/code/src/real_ecology_benchmark/methods/value.py
35f1816ee9b38206753bde6882485bf29283e33ae37e9635ef7a80b8c723cdc9	2453	15	MAIN	/home/hphung/ce25_scratch2/Claude_DeepRL_Population_Models/real_ecology_runs/paper_faithful_smoke_20260717_v4/code/src/real_ecology_benchmark/methods/value.py
35f1816ee9b38206753bde6882485bf29283e33ae37e9635ef7a80b8c723cdc9	2453	15	MAIN	/home/hphung/ce25_scratch2/Claude_DeepRL_Population_Models/real_ecology_runs/psafe_overnight_20260705/code/real_ecology_cont_obser/src/real_ecology_benchmark/methods/value.py
35f1816ee9b38206753bde6882485bf29283e33ae37e9635ef7a80b8c723cdc9	2453	15	MAIN	/home/hphung/ce25_scratch2/Claude_DeepRL_Population_Models/real_ecology_runs/ricker_only_plus_72_20260720/runtime_snapshot/src/real_ecology_benchmark/methods/value.py
35f1816ee9b38206753bde6882485bf29283e33ae37e9635ef7a80b8c723cdc9	2453	15	MAIN	/home/hphung/ce25_scratch2/Claude_DeepRL_Population_Models/src/real_ecology_benchmark/methods/value.py
55f09bdbe7663fa2ccc00480aa63f7e743318c9f28fc58d5f72a56358c75831b	7740	15	ECO_FROZEN	/home/hphung/ce25_scratch2/Claude_DeepRL_Population_Models/real_ecology_runs/ricker_only_plus_72_20260720/runtime_snapshot_routing_fix/src/real_ecology_benchmark/planning.py
55f09bdbe7663fa2ccc00480aa63f7e743318c9f28fc58d5f72a56358c75831b	7740	15	GENERAL_FROZEN	/home/hphung/ce25_scratch2/general_rl_phase2_iso/real_ecology_runs/general_phase2e_full_sigma01_02_20260720_v1/code/src/real_ecology_benchmark/planning.py
55f09bdbe7663fa2ccc00480aa63f7e743318c9f28fc58d5f72a56358c75831b	7740	15	MAIN	/home/hphung/ce25_scratch2/Claude_DeepRL_Population_Models/real_ecology_runs/adapted_32cell_diagnostic_pending/code/src/real_ecology_benchmark/planning.py
55f09bdbe7663fa2ccc00480aa63f7e743318c9f28fc58d5f72a56358c75831b	7740	15	MAIN	/home/hphung/ce25_scratch2/Claude_DeepRL_Population_Models/real_ecology_runs/adapted_plus_moor_corrected_canary_20260717_v1/code/src/real_ecology_benchmark/planning.py
55f09bdbe7663fa2ccc00480aa63f7e743318c9f28fc58d5f72a56358c75831b	7740	15	MAIN	/home/hphung/ce25_scratch2/Claude_DeepRL_Population_Models/real_ecology_runs/general_audit_20260712/code/src/real_ecology_benchmark/planning.py
55f09bdbe7663fa2ccc00480aa63f7e743318c9f28fc58d5f72a56358c75831b	7740	15	MAIN	/home/hphung/ce25_scratch2/Claude_DeepRL_Population_Models/real_ecology_runs/hidden_rk_comparison_20260716/code/src/real_ecology_benchmark/planning.py
55f09bdbe7663fa2ccc00480aa63f7e743318c9f28fc58d5f72a56358c75831b	7740	15	MAIN	/home/hphung/ce25_scratch2/Claude_DeepRL_Population_Models/real_ecology_runs/motivation_native_20260711/code/src/real_ecology_benchmark/planning.py
55f09bdbe7663fa2ccc00480aa63f7e743318c9f28fc58d5f72a56358c75831b	7740	15	MAIN	/home/hphung/ce25_scratch2/Claude_DeepRL_Population_Models/real_ecology_runs/paper_faithful_one_cell_4000_20260717_v1/code/src/real_ecology_benchmark/planning.py
55f09bdbe7663fa2ccc00480aa63f7e743318c9f28fc58d5f72a56358c75831b	7740	15	MAIN	/home/hphung/ce25_scratch2/Claude_DeepRL_Population_Models/real_ecology_runs/paper_faithful_smoke_20260717/code/src/real_ecology_benchmark/planning.py
55f09bdbe7663fa2ccc00480aa63f7e743318c9f28fc58d5f72a56358c75831b	7740	15	MAIN	/home/hphung/ce25_scratch2/Claude_DeepRL_Population_Models/real_ecology_runs/paper_faithful_smoke_20260717_v2/code/src/real_ecology_benchmark/planning.py
55f09bdbe7663fa2ccc00480aa63f7e743318c9f28fc58d5f72a56358c75831b	7740	15	MAIN	/home/hphung/ce25_scratch2/Claude_DeepRL_Population_Models/real_ecology_runs/paper_faithful_smoke_20260717_v3/code/src/real_ecology_benchmark/planning.py
55f09bdbe7663fa2ccc00480aa63f7e743318c9f28fc58d5f72a56358c75831b	7740	15	MAIN	/home/hphung/ce25_scratch2/Claude_DeepRL_Population_Models/real_ecology_runs/paper_faithful_smoke_20260717_v4/code/src/real_ecology_benchmark/planning.py
55f09bdbe7663fa2ccc00480aa63f7e743318c9f28fc58d5f72a56358c75831b	7740	15	MAIN	/home/hphung/ce25_scratch2/Claude_DeepRL_Population_Models/real_ecology_runs/psafe_overnight_20260705/code/real_ecology_cont_obser/src/real_ecology_benchmark/planning.py
55f09bdbe7663fa2ccc00480aa63f7e743318c9f28fc58d5f72a56358c75831b	7740	15	MAIN	/home/hphung/ce25_scratch2/Claude_DeepRL_Population_Models/real_ecology_runs/ricker_only_plus_72_20260720/runtime_snapshot/src/real_ecology_benchmark/planning.py
55f09bdbe7663fa2ccc00480aa63f7e743318c9f28fc58d5f72a56358c75831b	7740	15	MAIN	/home/hphung/ce25_scratch2/Claude_DeepRL_Population_Models/src/real_ecology_benchmark/planning.py
55f0afc4f425751b69f9f53fadf014c086a20e6e5be49278fa2ebbe0a812f2ab	1870	15	ECO_FROZEN	/home/hphung/ce25_scratch2/Claude_DeepRL_Population_Models/real_ecology_runs/ricker_only_plus_72_20260720/runtime_snapshot_routing_fix/scripts/run_real_gate_row.py
55f0afc4f425751b69f9f53fadf014c086a20e6e5be49278fa2ebbe0a812f2ab	1870	15	GENERAL_FROZEN	/home/hphung/ce25_scratch2/general_rl_phase2_iso/real_ecology_runs/general_phase2e_full_sigma01_02_20260720_v1/code/scripts/run_real_gate_row.py
55f0afc4f425751b69f9f53fadf014c086a20e6e5be49278fa2ebbe0a812f2ab	1870	15	MAIN	/home/hphung/ce25_scratch2/Claude_DeepRL_Population_Models/real_ecology_runs/adapted_32cell_diagnostic_pending/code/scripts/run_real_gate_row.py
55f0afc4f425751b69f9f53fadf014c086a20e6e5be49278fa2ebbe0a812f2ab	1870	15	MAIN	/home/hphung/ce25_scratch2/Claude_DeepRL_Population_Models/real_ecology_runs/adapted_plus_moor_corrected_canary_20260717_v1/code/scripts/run_real_gate_row.py
55f0afc4f425751b69f9f53fadf014c086a20e6e5be49278fa2ebbe0a812f2ab	1870	15	MAIN	/home/hphung/ce25_scratch2/Claude_DeepRL_Population_Models/real_ecology_runs/general_audit_20260712/code/scripts/run_real_gate_row.py
55f0afc4f425751b69f9f53fadf014c086a20e6e5be49278fa2ebbe0a812f2ab	1870	15	MAIN	/home/hphung/ce25_scratch2/Claude_DeepRL_Population_Models/real_ecology_runs/hidden_rk_comparison_20260716/code/scripts/run_real_gate_row.py
55f0afc4f425751b69f9f53fadf014c086a20e6e5be49278fa2ebbe0a812f2ab	1870	15	MAIN	/home/hphung/ce25_scratch2/Claude_DeepRL_Population_Models/real_ecology_runs/motivation_native_20260711/code/scripts/run_real_gate_row.py
55f0afc4f425751b69f9f53fadf014c086a20e6e5be49278fa2ebbe0a812f2ab	1870	15	MAIN	/home/hphung/ce25_scratch2/Claude_DeepRL_Population_Models/real_ecology_runs/paper_faithful_one_cell_4000_20260717_v1/code/scripts/run_real_gate_row.py
55f0afc4f425751b69f9f53fadf014c086a20e6e5be49278fa2ebbe0a812f2ab	1870	15	MAIN	/home/hphung/ce25_scratch2/Claude_DeepRL_Population_Models/real_ecology_runs/paper_faithful_smoke_20260717/code/scripts/run_real_gate_row.py
55f0afc4f425751b69f9f53fadf014c086a20e6e5be49278fa2ebbe0a812f2ab	1870	15	MAIN	/home/hphung/ce25_scratch2/Claude_DeepRL_Population_Models/real_ecology_runs/paper_faithful_smoke_20260717_v2/code/scripts/run_real_gate_row.py
55f0afc4f425751b69f9f53fadf014c086a20e6e5be49278fa2ebbe0a812f2ab	1870	15	MAIN	/home/hphung/ce25_scratch2/Claude_DeepRL_Population_Models/real_ecology_runs/paper_faithful_smoke_20260717_v3/code/scripts/run_real_gate_row.py
55f0afc4f425751b69f9f53fadf014c086a20e6e5be49278fa2ebbe0a812f2ab	1870	15	MAIN	/home/hphung/ce25_scratch2/Claude_DeepRL_Population_Models/real_ecology_runs/paper_faithful_smoke_20260717_v4/code/scripts/run_real_gate_row.py
55f0afc4f425751b69f9f53fadf014c086a20e6e5be49278fa2ebbe0a812f2ab	1870	15	MAIN	/home/hphung/ce25_scratch2/Claude_DeepRL_Population_Models/real_ecology_runs/psafe_overnight_20260705/code/real_ecology_cont_obser/scripts/run_real_gate_row.py
55f0afc4f425751b69f9f53fadf014c086a20e6e5be49278fa2ebbe0a812f2ab	1870	15	MAIN	/home/hphung/ce25_scratch2/Claude_DeepRL_Population_Models/real_ecology_runs/ricker_only_plus_72_20260720/runtime_snapshot/scripts/run_real_gate_row.py
55f0afc4f425751b69f9f53fadf014c086a20e6e5be49278fa2ebbe0a812f2ab	1870	15	MAIN	/home/hphung/ce25_scratch2/Claude_DeepRL_Population_Models/scripts/run_real_gate_row.py
692f6429e7fa4ca4a7293377c97edf5b12ee683d374afca235f0c8686376d20d	3608	15	ECO_FROZEN	/home/hphung/ce25_scratch2/Claude_DeepRL_Population_Models/real_ecology_runs/ricker_only_plus_72_20260720/runtime_snapshot_routing_fix/scripts/shard_manifest.py
692f6429e7fa4ca4a7293377c97edf5b12ee683d374afca235f0c8686376d20d	3608	15	GENERAL_FROZEN	/home/hphung/ce25_scratch2/general_rl_phase2_iso/real_ecology_runs/general_phase2e_full_sigma01_02_20260720_v1/code/scripts/shard_manifest.py
692f6429e7fa4ca4a7293377c97edf5b12ee683d374afca235f0c8686376d20d	3608	15	MAIN	/home/hphung/ce25_scratch2/Claude_DeepRL_Population_Models/real_ecology_runs/adapted_32cell_diagnostic_pending/code/scripts/shard_manifest.py
692f6429e7fa4ca4a7293377c97edf5b12ee683d374afca235f0c8686376d20d	3608	15	MAIN	/home/hphung/ce25_scratch2/Claude_DeepRL_Population_Models/real_ecology_runs/adapted_plus_moor_corrected_canary_20260717_v1/code/scripts/shard_manifest.py
692f6429e7fa4ca4a7293377c97edf5b12ee683d374afca235f0c8686376d20d	3608	15	MAIN	/home/hphung/ce25_scratch2/Claude_DeepRL_Population_Models/real_ecology_runs/general_audit_20260712/code/scripts/shard_manifest.py
692f6429e7fa4ca4a7293377c97edf5b12ee683d374afca235f0c8686376d20d	3608	15	MAIN	/home/hphung/ce25_scratch2/Claude_DeepRL_Population_Models/real_ecology_runs/hidden_rk_comparison_20260716/code/scripts/shard_manifest.py
692f6429e7fa4ca4a7293377c97edf5b12ee683d374afca235f0c8686376d20d	3608	15	MAIN	/home/hphung/ce25_scratch2/Claude_DeepRL_Population_Models/real_ecology_runs/motivation_native_20260711/code/scripts/shard_manifest.py
692f6429e7fa4ca4a7293377c97edf5b12ee683d374afca235f0c8686376d20d	3608	15	MAIN	/home/hphung/ce25_scratch2/Claude_DeepRL_Population_Models/real_ecology_runs/paper_faithful_one_cell_4000_20260717_v1/code/scripts/shard_manifest.py
692f6429e7fa4ca4a7293377c97edf5b12ee683d374afca235f0c8686376d20d	3608	15	MAIN	/home/hphung/ce25_scratch2/Claude_DeepRL_Population_Models/real_ecology_runs/paper_faithful_smoke_20260717/code/scripts/shard_manifest.py
692f6429e7fa4ca4a7293377c97edf5b12ee683d374afca235f0c8686376d20d	3608	15	MAIN	/home/hphung/ce25_scratch2/Claude_DeepRL_Population_Models/real_ecology_runs/paper_faithful_smoke_20260717_v2/code/scripts/shard_manifest.py
692f6429e7fa4ca4a7293377c97edf5b12ee683d374afca235f0c8686376d20d	3608	15	MAIN	/home/hphung/ce25_scratch2/Claude_DeepRL_Population_Models/real_ecology_runs/paper_faithful_smoke_20260717_v3/code/scripts/shard_manifest.py
692f6429e7fa4ca4a7293377c97edf5b12ee683d374afca235f0c8686376d20d	3608	15	MAIN	/home/hphung/ce25_scratch2/Claude_DeepRL_Population_Models/real_ecology_runs/paper_faithful_smoke_20260717_v4/code/scripts/shard_manifest.py
692f6429e7fa4ca4a7293377c97edf5b12ee683d374afca235f0c8686376d20d	3608	15	MAIN	/home/hphung/ce25_scratch2/Claude_DeepRL_Population_Models/real_ecology_runs/psafe_overnight_20260705/code/real_ecology_cont_obser/scripts/shard_manifest.py
692f6429e7fa4ca4a7293377c97edf5b12ee683d374afca235f0c8686376d20d	3608	15	MAIN	/home/hphung/ce25_scratch2/Claude_DeepRL_Population_Models/real_ecology_runs/ricker_only_plus_72_20260720/runtime_snapshot/scripts/shard_manifest.py
692f6429e7fa4ca4a7293377c97edf5b12ee683d374afca235f0c8686376d20d	3608	15	MAIN	/home/hphung/ce25_scratch2/Claude_DeepRL_Population_Models/scripts/shard_manifest.py
7f183b851c717d3c7a6690af3cf723f209be788573f0ea9973aee8f92cf6f664	768	15	ECO_FROZEN	/home/hphung/ce25_scratch2/Claude_DeepRL_Population_Models/real_ecology_runs/ricker_only_plus_72_20260720/runtime_snapshot_routing_fix/src/real_ecology_benchmark/telemetry.py
7f183b851c717d3c7a6690af3cf723f209be788573f0ea9973aee8f92cf6f664	768	15	GENERAL_FROZEN	/home/hphung/ce25_scratch2/general_rl_phase2_iso/real_ecology_runs/general_phase2e_full_sigma01_02_20260720_v1/code/src/real_ecology_benchmark/telemetry.py
7f183b851c717d3c7a6690af3cf723f209be788573f0ea9973aee8f92cf6f664	768	15	MAIN	/home/hphung/ce25_scratch2/Claude_DeepRL_Population_Models/real_ecology_runs/adapted_32cell_diagnostic_pending/code/src/real_ecology_benchmark/telemetry.py
7f183b851c717d3c7a6690af3cf723f209be788573f0ea9973aee8f92cf6f664	768	15	MAIN	/home/hphung/ce25_scratch2/Claude_DeepRL_Population_Models/real_ecology_runs/adapted_plus_moor_corrected_canary_20260717_v1/code/src/real_ecology_benchmark/telemetry.py
7f183b851c717d3c7a6690af3cf723f209be788573f0ea9973aee8f92cf6f664	768	15	MAIN	/home/hphung/ce25_scratch2/Claude_DeepRL_Population_Models/real_ecology_runs/general_audit_20260712/code/src/real_ecology_benchmark/telemetry.py
7f183b851c717d3c7a6690af3cf723f209be788573f0ea9973aee8f92cf6f664	768	15	MAIN	/home/hphung/ce25_scratch2/Claude_DeepRL_Population_Models/real_ecology_runs/hidden_rk_comparison_20260716/code/src/real_ecology_benchmark/telemetry.py
7f183b851c717d3c7a6690af3cf723f209be788573f0ea9973aee8f92cf6f664	768	15	MAIN	/home/hphung/ce25_scratch2/Claude_DeepRL_Population_Models/real_ecology_runs/motivation_native_20260711/code/src/real_ecology_benchmark/telemetry.py
7f183b851c717d3c7a6690af3cf723f209be788573f0ea9973aee8f92cf6f664	768	15	MAIN	/home/hphung/ce25_scratch2/Claude_DeepRL_Population_Models/real_ecology_runs/paper_faithful_one_cell_4000_20260717_v1/code/src/real_ecology_benchmark/telemetry.py
7f183b851c717d3c7a6690af3cf723f209be788573f0ea9973aee8f92cf6f664	768	15	MAIN	/home/hphung/ce25_scratch2/Claude_DeepRL_Population_Models/real_ecology_runs/paper_faithful_smoke_20260717/code/src/real_ecology_benchmark/telemetry.py
7f183b851c717d3c7a6690af3cf723f209be788573f0ea9973aee8f92cf6f664	768	15	MAIN	/home/hphung/ce25_scratch2/Claude_DeepRL_Population_Models/real_ecology_runs/paper_faithful_smoke_20260717_v2/code/src/real_ecology_benchmark/telemetry.py
7f183b851c717d3c7a6690af3cf723f209be788573f0ea9973aee8f92cf6f664	768	15	MAIN	/home/hphung/ce25_scratch2/Claude_DeepRL_Population_Models/real_ecology_runs/paper_faithful_smoke_20260717_v3/code/src/real_ecology_benchmark/telemetry.py
7f183b851c717d3c7a6690af3cf723f209be788573f0ea9973aee8f92cf6f664	768	15	MAIN	/home/hphung/ce25_scratch2/Claude_DeepRL_Population_Models/real_ecology_runs/paper_faithful_smoke_20260717_v4/code/src/real_ecology_benchmark/telemetry.py
7f183b851c717d3c7a6690af3cf723f209be788573f0ea9973aee8f92cf6f664	768	15	MAIN	/home/hphung/ce25_scratch2/Claude_DeepRL_Population_Models/real_ecology_runs/psafe_overnight_20260705/code/real_ecology_cont_obser/src/real_ecology_benchmark/telemetry.py
7f183b851c717d3c7a6690af3cf723f209be788573f0ea9973aee8f92cf6f664	768	15	MAIN	/home/hphung/ce25_scratch2/Claude_DeepRL_Population_Models/real_ecology_runs/ricker_only_plus_72_20260720/runtime_snapshot/src/real_ecology_benchmark/telemetry.py
7f183b851c717d3c7a6690af3cf723f209be788573f0ea9973aee8f92cf6f664	768	15	MAIN	/home/hphung/ce25_scratch2/Claude_DeepRL_Population_Models/src/real_ecology_benchmark/telemetry.py
8126bc60e71d91c85ac652e2b1038fbf099b500ea7e70201a1d52a4c65f69049	1724	15	ECO_FROZEN	/home/hphung/ce25_scratch2/Claude_DeepRL_Population_Models/real_ecology_runs/ricker_only_plus_72_20260720/runtime_snapshot_routing_fix/scripts/slurm/run_real_row.sh
8126bc60e71d91c85ac652e2b1038fbf099b500ea7e70201a1d52a4c65f69049	1724	15	GENERAL_FROZEN	/home/hphung/ce25_scratch2/general_rl_phase2_iso/real_ecology_runs/general_phase2e_full_sigma01_02_20260720_v1/code/scripts/slurm/run_real_row.sh
8126bc60e71d91c85ac652e2b1038fbf099b500ea7e70201a1d52a4c65f69049	1724	15	MAIN	/home/hphung/ce25_scratch2/Claude_DeepRL_Population_Models/real_ecology_runs/adapted_32cell_diagnostic_pending/code/scripts/slurm/run_real_row.sh
8126bc60e71d91c85ac652e2b1038fbf099b500ea7e70201a1d52a4c65f69049	1724	15	MAIN	/home/hphung/ce25_scratch2/Claude_DeepRL_Population_Models/real_ecology_runs/adapted_plus_moor_corrected_canary_20260717_v1/code/scripts/slurm/run_real_row.sh
8126bc60e71d91c85ac652e2b1038fbf099b500ea7e70201a1d52a4c65f69049	1724	15	MAIN	/home/hphung/ce25_scratch2/Claude_DeepRL_Population_Models/real_ecology_runs/general_audit_20260712/code/scripts/slurm/run_real_row.sh
8126bc60e71d91c85ac652e2b1038fbf099b500ea7e70201a1d52a4c65f69049	1724	15	MAIN	/home/hphung/ce25_scratch2/Claude_DeepRL_Population_Models/real_ecology_runs/hidden_rk_comparison_20260716/code/scripts/slurm/run_real_row.sh
8126bc60e71d91c85ac652e2b1038fbf099b500ea7e70201a1d52a4c65f69049	1724	15	MAIN	/home/hphung/ce25_scratch2/Claude_DeepRL_Population_Models/real_ecology_runs/motivation_native_20260711/code/scripts/slurm/run_real_row.sh
8126bc60e71d91c85ac652e2b1038fbf099b500ea7e70201a1d52a4c65f69049	1724	15	MAIN	/home/hphung/ce25_scratch2/Claude_DeepRL_Population_Models/real_ecology_runs/paper_faithful_one_cell_4000_20260717_v1/code/scripts/slurm/run_real_row.sh
8126bc60e71d91c85ac652e2b1038fbf099b500ea7e70201a1d52a4c65f69049	1724	15	MAIN	/home/hphung/ce25_scratch2/Claude_DeepRL_Population_Models/real_ecology_runs/paper_faithful_smoke_20260717/code/scripts/slurm/run_real_row.sh
8126bc60e71d91c85ac652e2b1038fbf099b500ea7e70201a1d52a4c65f69049	1724	15	MAIN	/home/hphung/ce25_scratch2/Claude_DeepRL_Population_Models/real_ecology_runs/paper_faithful_smoke_20260717_v2/code/scripts/slurm/run_real_row.sh
8126bc60e71d91c85ac652e2b1038fbf099b500ea7e70201a1d52a4c65f69049	1724	15	MAIN	/home/hphung/ce25_scratch2/Claude_DeepRL_Population_Models/real_ecology_runs/paper_faithful_smoke_20260717_v3/code/scripts/slurm/run_real_row.sh
8126bc60e71d91c85ac652e2b1038fbf099b500ea7e70201a1d52a4c65f69049	1724	15	MAIN	/home/hphung/ce25_scratch2/Claude_DeepRL_Population_Models/real_ecology_runs/paper_faithful_smoke_20260717_v4/code/scripts/slurm/run_real_row.sh
8126bc60e71d91c85ac652e2b1038fbf099b500ea7e70201a1d52a4c65f69049	1724	15	MAIN	/home/hphung/ce25_scratch2/Claude_DeepRL_Population_Models/real_ecology_runs/psafe_overnight_20260705/code/real_ecology_cont_obser/scripts/slurm/run_real_row.sh
8126bc60e71d91c85ac652e2b1038fbf099b500ea7e70201a1d52a4c65f69049	1724	15	MAIN	/home/hphung/ce25_scratch2/Claude_DeepRL_Population_Models/real_ecology_runs/ricker_only_plus_72_20260720/runtime_snapshot/scripts/slurm/run_real_row.sh
8126bc60e71d91c85ac652e2b1038fbf099b500ea7e70201a1d52a4c65f69049	1724	15	MAIN	/home/hphung/ce25_scratch2/Claude_DeepRL_Population_Models/scripts/slurm/run_real_row.sh
8b4968c649df984cd389dda45b9bcb4ab8326d714cd0412404955d5e3e9dd770	5354	15	ECO_FROZEN	/home/hphung/ce25_scratch2/Claude_DeepRL_Population_Models/real_ecology_runs/ricker_only_plus_72_20260720/runtime_snapshot_routing_fix/scripts/summarize_real_outputs.py
8b4968c649df984cd389dda45b9bcb4ab8326d714cd0412404955d5e3e9dd770	5354	15	GENERAL_FROZEN	/home/hphung/ce25_scratch2/general_rl_phase2_iso/real_ecology_runs/general_phase2e_full_sigma01_02_20260720_v1/code/scripts/summarize_real_outputs.py
8b4968c649df984cd389dda45b9bcb4ab8326d714cd0412404955d5e3e9dd770	5354	15	MAIN	/home/hphung/ce25_scratch2/Claude_DeepRL_Population_Models/real_ecology_runs/adapted_32cell_diagnostic_pending/code/scripts/summarize_real_outputs.py
8b4968c649df984cd389dda45b9bcb4ab8326d714cd0412404955d5e3e9dd770	5354	15	MAIN	/home/hphung/ce25_scratch2/Claude_DeepRL_Population_Models/real_ecology_runs/adapted_plus_moor_corrected_canary_20260717_v1/code/scripts/summarize_real_outputs.py
8b4968c649df984cd389dda45b9bcb4ab8326d714cd0412404955d5e3e9dd770	5354	15	MAIN	/home/hphung/ce25_scratch2/Claude_DeepRL_Population_Models/real_ecology_runs/general_audit_20260712/code/scripts/summarize_real_outputs.py
8b4968c649df984cd389dda45b9bcb4ab8326d714cd0412404955d5e3e9dd770	5354	15	MAIN	/home/hphung/ce25_scratch2/Claude_DeepRL_Population_Models/real_ecology_runs/hidden_rk_comparison_20260716/code/scripts/summarize_real_outputs.py
8b4968c649df984cd389dda45b9bcb4ab8326d714cd0412404955d5e3e9dd770	5354	15	MAIN	/home/hphung/ce25_scratch2/Claude_DeepRL_Population_Models/real_ecology_runs/motivation_native_20260711/code/scripts/summarize_real_outputs.py
8b4968c649df984cd389dda45b9bcb4ab8326d714cd0412404955d5e3e9dd770	5354	15	MAIN	/home/hphung/ce25_scratch2/Claude_DeepRL_Population_Models/real_ecology_runs/paper_faithful_one_cell_4000_20260717_v1/code/scripts/summarize_real_outputs.py
8b4968c649df984cd389dda45b9bcb4ab8326d714cd0412404955d5e3e9dd770	5354	15	MAIN	/home/hphung/ce25_scratch2/Claude_DeepRL_Population_Models/real_ecology_runs/paper_faithful_smoke_20260717/code/scripts/summarize_real_outputs.py
8b4968c649df984cd389dda45b9bcb4ab8326d714cd0412404955d5e3e9dd770	5354	15	MAIN	/home/hphung/ce25_scratch2/Claude_DeepRL_Population_Models/real_ecology_runs/paper_faithful_smoke_20260717_v2/code/scripts/summarize_real_outputs.py
8b4968c649df984cd389dda45b9bcb4ab8326d714cd0412404955d5e3e9dd770	5354	15	MAIN	/home/hphung/ce25_scratch2/Claude_DeepRL_Population_Models/real_ecology_runs/paper_faithful_smoke_20260717_v3/code/scripts/summarize_real_outputs.py
8b4968c649df984cd389dda45b9bcb4ab8326d714cd0412404955d5e3e9dd770	5354	15	MAIN	/home/hphung/ce25_scratch2/Claude_DeepRL_Population_Models/real_ecology_runs/paper_faithful_smoke_20260717_v4/code/scripts/summarize_real_outputs.py
8b4968c649df984cd389dda45b9bcb4ab8326d714cd0412404955d5e3e9dd770	5354	15	MAIN	/home/hphung/ce25_scratch2/Claude_DeepRL_Population_Models/real_ecology_runs/psafe_overnight_20260705/code/real_ecology_cont_obser/scripts/summarize_real_outputs.py
8b4968c649df984cd389dda45b9bcb4ab8326d714cd0412404955d5e3e9dd770	5354	15	MAIN	/home/hphung/ce25_scratch2/Claude_DeepRL_Population_Models/real_ecology_runs/ricker_only_plus_72_20260720/runtime_snapshot/scripts/summarize_real_outputs.py
8b4968c649df984cd389dda45b9bcb4ab8326d714cd0412404955d5e3e9dd770	5354	15	MAIN	/home/hphung/ce25_scratch2/Claude_DeepRL_Population_Models/scripts/summarize_real_outputs.py
a80248bdecc7fc6ca617455ec3557603d114dab1e84d591b57e37f170bc72f8c	7132	15	ECO_FROZEN	/home/hphung/ce25_scratch2/Claude_DeepRL_Population_Models/real_ecology_runs/ricker_only_plus_72_20260720/runtime_snapshot_routing_fix/src/real_ecology_benchmark/dynamics.py
a80248bdecc7fc6ca617455ec3557603d114dab1e84d591b57e37f170bc72f8c	7132	15	GENERAL_FROZEN	/home/hphung/ce25_scratch2/general_rl_phase2_iso/real_ecology_runs/general_phase2e_full_sigma01_02_20260720_v1/code/src/real_ecology_benchmark/dynamics.py
a80248bdecc7fc6ca617455ec3557603d114dab1e84d591b57e37f170bc72f8c	7132	15	MAIN	/home/hphung/ce25_scratch2/Claude_DeepRL_Population_Models/real_ecology_runs/adapted_32cell_diagnostic_pending/code/src/real_ecology_benchmark/dynamics.py
a80248bdecc7fc6ca617455ec3557603d114dab1e84d591b57e37f170bc72f8c	7132	15	MAIN	/home/hphung/ce25_scratch2/Claude_DeepRL_Population_Models/real_ecology_runs/adapted_plus_moor_corrected_canary_20260717_v1/code/src/real_ecology_benchmark/dynamics.py
a80248bdecc7fc6ca617455ec3557603d114dab1e84d591b57e37f170bc72f8c	7132	15	MAIN	/home/hphung/ce25_scratch2/Claude_DeepRL_Population_Models/real_ecology_runs/general_audit_20260712/code/src/real_ecology_benchmark/dynamics.py
a80248bdecc7fc6ca617455ec3557603d114dab1e84d591b57e37f170bc72f8c	7132	15	MAIN	/home/hphung/ce25_scratch2/Claude_DeepRL_Population_Models/real_ecology_runs/hidden_rk_comparison_20260716/code/src/real_ecology_benchmark/dynamics.py
a80248bdecc7fc6ca617455ec3557603d114dab1e84d591b57e37f170bc72f8c	7132	15	MAIN	/home/hphung/ce25_scratch2/Claude_DeepRL_Population_Models/real_ecology_runs/motivation_native_20260711/code/src/real_ecology_benchmark/dynamics.py
a80248bdecc7fc6ca617455ec3557603d114dab1e84d591b57e37f170bc72f8c	7132	15	MAIN	/home/hphung/ce25_scratch2/Claude_DeepRL_Population_Models/real_ecology_runs/paper_faithful_one_cell_4000_20260717_v1/code/src/real_ecology_benchmark/dynamics.py
a80248bdecc7fc6ca617455ec3557603d114dab1e84d591b57e37f170bc72f8c	7132	15	MAIN	/home/hphung/ce25_scratch2/Claude_DeepRL_Population_Models/real_ecology_runs/paper_faithful_smoke_20260717/code/src/real_ecology_benchmark/dynamics.py
a80248bdecc7fc6ca617455ec3557603d114dab1e84d591b57e37f170bc72f8c	7132	15	MAIN	/home/hphung/ce25_scratch2/Claude_DeepRL_Population_Models/real_ecology_runs/paper_faithful_smoke_20260717_v2/code/src/real_ecology_benchmark/dynamics.py
a80248bdecc7fc6ca617455ec3557603d114dab1e84d591b57e37f170bc72f8c	7132	15	MAIN	/home/hphung/ce25_scratch2/Claude_DeepRL_Population_Models/real_ecology_runs/paper_faithful_smoke_20260717_v3/code/src/real_ecology_benchmark/dynamics.py
a80248bdecc7fc6ca617455ec3557603d114dab1e84d591b57e37f170bc72f8c	7132	15	MAIN	/home/hphung/ce25_scratch2/Claude_DeepRL_Population_Models/real_ecology_runs/paper_faithful_smoke_20260717_v4/code/src/real_ecology_benchmark/dynamics.py
a80248bdecc7fc6ca617455ec3557603d114dab1e84d591b57e37f170bc72f8c	7132	15	MAIN	/home/hphung/ce25_scratch2/Claude_DeepRL_Population_Models/real_ecology_runs/psafe_overnight_20260705/code/real_ecology_cont_obser/src/real_ecology_benchmark/dynamics.py
a80248bdecc7fc6ca617455ec3557603d114dab1e84d591b57e37f170bc72f8c	7132	15	MAIN	/home/hphung/ce25_scratch2/Claude_DeepRL_Population_Models/real_ecology_runs/ricker_only_plus_72_20260720/runtime_snapshot/src/real_ecology_benchmark/dynamics.py
a80248bdecc7fc6ca617455ec3557603d114dab1e84d591b57e37f170bc72f8c	7132	15	MAIN	/home/hphung/ce25_scratch2/Claude_DeepRL_Population_Models/src/real_ecology_benchmark/dynamics.py
acff558dd970a23fa3363ea4ef151c63ea10e8655c1bbd060fa676efaaf08611	5044	15	ECO_FROZEN	/home/hphung/ce25_scratch2/Claude_DeepRL_Population_Models/real_ecology_runs/ricker_only_plus_72_20260720/runtime_snapshot_routing_fix/real_ecology_data/README.md
acff558dd970a23fa3363ea4ef151c63ea10e8655c1bbd060fa676efaaf08611	5044	15	GENERAL_FROZEN	/home/hphung/ce25_scratch2/general_rl_phase2_iso/real_ecology_runs/general_phase2e_full_sigma01_02_20260720_v1/code/real_ecology_data/README.md
acff558dd970a23fa3363ea4ef151c63ea10e8655c1bbd060fa676efaaf08611	5044	15	MAIN	/home/hphung/ce25_scratch2/Claude_DeepRL_Population_Models/real_ecology_data/README.md
acff558dd970a23fa3363ea4ef151c63ea10e8655c1bbd060fa676efaaf08611	5044	15	MAIN	/home/hphung/ce25_scratch2/Claude_DeepRL_Population_Models/real_ecology_runs/adapted_32cell_diagnostic_pending/code/real_ecology_data/README.md
acff558dd970a23fa3363ea4ef151c63ea10e8655c1bbd060fa676efaaf08611	5044	15	MAIN	/home/hphung/ce25_scratch2/Claude_DeepRL_Population_Models/real_ecology_runs/adapted_plus_moor_corrected_canary_20260717_v1/code/real_ecology_data/README.md
acff558dd970a23fa3363ea4ef151c63ea10e8655c1bbd060fa676efaaf08611	5044	15	MAIN	/home/hphung/ce25_scratch2/Claude_DeepRL_Population_Models/real_ecology_runs/general_audit_20260712/code/real_ecology_data/README.md
acff558dd970a23fa3363ea4ef151c63ea10e8655c1bbd060fa676efaaf08611	5044	15	MAIN	/home/hphung/ce25_scratch2/Claude_DeepRL_Population_Models/real_ecology_runs/hidden_rk_comparison_20260716/code/real_ecology_data/README.md
acff558dd970a23fa3363ea4ef151c63ea10e8655c1bbd060fa676efaaf08611	5044	15	MAIN	/home/hphung/ce25_scratch2/Claude_DeepRL_Population_Models/real_ecology_runs/motivation_native_20260711/code/real_ecology_data/README.md
acff558dd970a23fa3363ea4ef151c63ea10e8655c1bbd060fa676efaaf08611	5044	15	MAIN	/home/hphung/ce25_scratch2/Claude_DeepRL_Population_Models/real_ecology_runs/paper_faithful_one_cell_4000_20260717_v1/code/real_ecology_data/README.md
acff558dd970a23fa3363ea4ef151c63ea10e8655c1bbd060fa676efaaf08611	5044	15	MAIN	/home/hphung/ce25_scratch2/Claude_DeepRL_Population_Models/real_ecology_runs/paper_faithful_smoke_20260717/code/real_ecology_data/README.md
acff558dd970a23fa3363ea4ef151c63ea10e8655c1bbd060fa676efaaf08611	5044	15	MAIN	/home/hphung/ce25_scratch2/Claude_DeepRL_Population_Models/real_ecology_runs/paper_faithful_smoke_20260717_v2/code/real_ecology_data/README.md
acff558dd970a23fa3363ea4ef151c63ea10e8655c1bbd060fa676efaaf08611	5044	15	MAIN	/home/hphung/ce25_scratch2/Claude_DeepRL_Population_Models/real_ecology_runs/paper_faithful_smoke_20260717_v3/code/real_ecology_data/README.md
acff558dd970a23fa3363ea4ef151c63ea10e8655c1bbd060fa676efaaf08611	5044	15	MAIN	/home/hphung/ce25_scratch2/Claude_DeepRL_Population_Models/real_ecology_runs/paper_faithful_smoke_20260717_v4/code/real_ecology_data/README.md
acff558dd970a23fa3363ea4ef151c63ea10e8655c1bbd060fa676efaaf08611	5044	15	MAIN	/home/hphung/ce25_scratch2/Claude_DeepRL_Population_Models/real_ecology_runs/psafe_overnight_20260705/code/real_ecology_data/README.md
acff558dd970a23fa3363ea4ef151c63ea10e8655c1bbd060fa676efaaf08611	5044	15	MAIN	/home/hphung/ce25_scratch2/Claude_DeepRL_Population_Models/real_ecology_runs/ricker_only_plus_72_20260720/runtime_snapshot/real_ecology_data/README.md
af275f2a318ec2eaa61db652f51bcc897c473a25e937fef8a7a3ec07d2d67f73	1074	15	ECO_FROZEN	/home/hphung/ce25_scratch2/Claude_DeepRL_Population_Models/real_ecology_runs/ricker_only_plus_72_20260720/runtime_snapshot_routing_fix/scripts/slurm/run_real_aggregate.sh
af275f2a318ec2eaa61db652f51bcc897c473a25e937fef8a7a3ec07d2d67f73	1074	15	GENERAL_FROZEN	/home/hphung/ce25_scratch2/general_rl_phase2_iso/real_ecology_runs/general_phase2e_full_sigma01_02_20260720_v1/code/scripts/slurm/run_real_aggregate.sh
af275f2a318ec2eaa61db652f51bcc897c473a25e937fef8a7a3ec07d2d67f73	1074	15	MAIN	/home/hphung/ce25_scratch2/Claude_DeepRL_Population_Models/real_ecology_runs/adapted_32cell_diagnostic_pending/code/scripts/slurm/run_real_aggregate.sh
af275f2a318ec2eaa61db652f51bcc897c473a25e937fef8a7a3ec07d2d67f73	1074	15	MAIN	/home/hphung/ce25_scratch2/Claude_DeepRL_Population_Models/real_ecology_runs/adapted_plus_moor_corrected_canary_20260717_v1/code/scripts/slurm/run_real_aggregate.sh
af275f2a318ec2eaa61db652f51bcc897c473a25e937fef8a7a3ec07d2d67f73	1074	15	MAIN	/home/hphung/ce25_scratch2/Claude_DeepRL_Population_Models/real_ecology_runs/general_audit_20260712/code/scripts/slurm/run_real_aggregate.sh
af275f2a318ec2eaa61db652f51bcc897c473a25e937fef8a7a3ec07d2d67f73	1074	15	MAIN	/home/hphung/ce25_scratch2/Claude_DeepRL_Population_Models/real_ecology_runs/hidden_rk_comparison_20260716/code/scripts/slurm/run_real_aggregate.sh
af275f2a318ec2eaa61db652f51bcc897c473a25e937fef8a7a3ec07d2d67f73	1074	15	MAIN	/home/hphung/ce25_scratch2/Claude_DeepRL_Population_Models/real_ecology_runs/motivation_native_20260711/code/scripts/slurm/run_real_aggregate.sh
af275f2a318ec2eaa61db652f51bcc897c473a25e937fef8a7a3ec07d2d67f73	1074	15	MAIN	/home/hphung/ce25_scratch2/Claude_DeepRL_Population_Models/real_ecology_runs/paper_faithful_one_cell_4000_20260717_v1/code/scripts/slurm/run_real_aggregate.sh
af275f2a318ec2eaa61db652f51bcc897c473a25e937fef8a7a3ec07d2d67f73	1074	15	MAIN	/home/hphung/ce25_scratch2/Claude_DeepRL_Population_Models/real_ecology_runs/paper_faithful_smoke_20260717/code/scripts/slurm/run_real_aggregate.sh
af275f2a318ec2eaa61db652f51bcc897c473a25e937fef8a7a3ec07d2d67f73	1074	15	MAIN	/home/hphung/ce25_scratch2/Claude_DeepRL_Population_Models/real_ecology_runs/paper_faithful_smoke_20260717_v2/code/scripts/slurm/run_real_aggregate.sh
af275f2a318ec2eaa61db652f51bcc897c473a25e937fef8a7a3ec07d2d67f73	1074	15	MAIN	/home/hphung/ce25_scratch2/Claude_DeepRL_Population_Models/real_ecology_runs/paper_faithful_smoke_20260717_v3/code/scripts/slurm/run_real_aggregate.sh
af275f2a318ec2eaa61db652f51bcc897c473a25e937fef8a7a3ec07d2d67f73	1074	15	MAIN	/home/hphung/ce25_scratch2/Claude_DeepRL_Population_Models/real_ecology_runs/paper_faithful_smoke_20260717_v4/code/scripts/slurm/run_real_aggregate.sh
af275f2a318ec2eaa61db652f51bcc897c473a25e937fef8a7a3ec07d2d67f73	1074	15	MAIN	/home/hphung/ce25_scratch2/Claude_DeepRL_Population_Models/real_ecology_runs/psafe_overnight_20260705/code/real_ecology_cont_obser/scripts/slurm/run_real_aggregate.sh
af275f2a318ec2eaa61db652f51bcc897c473a25e937fef8a7a3ec07d2d67f73	1074	15	MAIN	/home/hphung/ce25_scratch2/Claude_DeepRL_Population_Models/real_ecology_runs/ricker_only_plus_72_20260720/runtime_snapshot/scripts/slurm/run_real_aggregate.sh
af275f2a318ec2eaa61db652f51bcc897c473a25e937fef8a7a3ec07d2d67f73	1074	15	MAIN	/home/hphung/ce25_scratch2/Claude_DeepRL_Population_Models/scripts/slurm/run_real_aggregate.sh
b88cf2dbcbf0a2ea3d411aca345a004c30522f1705744479e46583d68e5fd74b	2026	15	ECO_FROZEN	/home/hphung/ce25_scratch2/Claude_DeepRL_Population_Models/real_ecology_runs/ricker_only_plus_72_20260720/runtime_snapshot_routing_fix/src/real_ecology_benchmark/observation.py
b88cf2dbcbf0a2ea3d411aca345a004c30522f1705744479e46583d68e5fd74b	2026	15	GENERAL_FROZEN	/home/hphung/ce25_scratch2/general_rl_phase2_iso/real_ecology_runs/general_phase2e_full_sigma01_02_20260720_v1/code/src/real_ecology_benchmark/observation.py
b88cf2dbcbf0a2ea3d411aca345a004c30522f1705744479e46583d68e5fd74b	2026	15	MAIN	/home/hphung/ce25_scratch2/Claude_DeepRL_Population_Models/real_ecology_runs/adapted_32cell_diagnostic_pending/code/src/real_ecology_benchmark/observation.py
b88cf2dbcbf0a2ea3d411aca345a004c30522f1705744479e46583d68e5fd74b	2026	15	MAIN	/home/hphung/ce25_scratch2/Claude_DeepRL_Population_Models/real_ecology_runs/adapted_plus_moor_corrected_canary_20260717_v1/code/src/real_ecology_benchmark/observation.py
b88cf2dbcbf0a2ea3d411aca345a004c30522f1705744479e46583d68e5fd74b	2026	15	MAIN	/home/hphung/ce25_scratch2/Claude_DeepRL_Population_Models/real_ecology_runs/general_audit_20260712/code/src/real_ecology_benchmark/observation.py
b88cf2dbcbf0a2ea3d411aca345a004c30522f1705744479e46583d68e5fd74b	2026	15	MAIN	/home/hphung/ce25_scratch2/Claude_DeepRL_Population_Models/real_ecology_runs/hidden_rk_comparison_20260716/code/src/real_ecology_benchmark/observation.py
b88cf2dbcbf0a2ea3d411aca345a004c30522f1705744479e46583d68e5fd74b	2026	15	MAIN	/home/hphung/ce25_scratch2/Claude_DeepRL_Population_Models/real_ecology_runs/motivation_native_20260711/code/src/real_ecology_benchmark/observation.py
b88cf2dbcbf0a2ea3d411aca345a004c30522f1705744479e46583d68e5fd74b	2026	15	MAIN	/home/hphung/ce25_scratch2/Claude_DeepRL_Population_Models/real_ecology_runs/paper_faithful_one_cell_4000_20260717_v1/code/src/real_ecology_benchmark/observation.py
b88cf2dbcbf0a2ea3d411aca345a004c30522f1705744479e46583d68e5fd74b	2026	15	MAIN	/home/hphung/ce25_scratch2/Claude_DeepRL_Population_Models/real_ecology_runs/paper_faithful_smoke_20260717/code/src/real_ecology_benchmark/observation.py
b88cf2dbcbf0a2ea3d411aca345a004c30522f1705744479e46583d68e5fd74b	2026	15	MAIN	/home/hphung/ce25_scratch2/Claude_DeepRL_Population_Models/real_ecology_runs/paper_faithful_smoke_20260717_v2/code/src/real_ecology_benchmark/observation.py
b88cf2dbcbf0a2ea3d411aca345a004c30522f1705744479e46583d68e5fd74b	2026	15	MAIN	/home/hphung/ce25_scratch2/Claude_DeepRL_Population_Models/real_ecology_runs/paper_faithful_smoke_20260717_v3/code/src/real_ecology_benchmark/observation.py
b88cf2dbcbf0a2ea3d411aca345a004c30522f1705744479e46583d68e5fd74b	2026	15	MAIN	/home/hphung/ce25_scratch2/Claude_DeepRL_Population_Models/real_ecology_runs/paper_faithful_smoke_20260717_v4/code/src/real_ecology_benchmark/observation.py
b88cf2dbcbf0a2ea3d411aca345a004c30522f1705744479e46583d68e5fd74b	2026	15	MAIN	/home/hphung/ce25_scratch2/Claude_DeepRL_Population_Models/real_ecology_runs/psafe_overnight_20260705/code/real_ecology_cont_obser/src/real_ecology_benchmark/observation.py
b88cf2dbcbf0a2ea3d411aca345a004c30522f1705744479e46583d68e5fd74b	2026	15	MAIN	/home/hphung/ce25_scratch2/Claude_DeepRL_Population_Models/real_ecology_runs/ricker_only_plus_72_20260720/runtime_snapshot/src/real_ecology_benchmark/observation.py
b88cf2dbcbf0a2ea3d411aca345a004c30522f1705744479e46583d68e5fd74b	2026	15	MAIN	/home/hphung/ce25_scratch2/Claude_DeepRL_Population_Models/src/real_ecology_benchmark/observation.py
f37e88fc35f33501ac7524291093fddbb53ced6ab701dc1c58c4e7f1c54f3f72	1405	15	ECO_FROZEN	/home/hphung/ce25_scratch2/Claude_DeepRL_Population_Models/real_ecology_runs/ricker_only_plus_72_20260720/runtime_snapshot_routing_fix/scripts/slurm/run_real_gate_row.sh
f37e88fc35f33501ac7524291093fddbb53ced6ab701dc1c58c4e7f1c54f3f72	1405	15	GENERAL_FROZEN	/home/hphung/ce25_scratch2/general_rl_phase2_iso/real_ecology_runs/general_phase2e_full_sigma01_02_20260720_v1/code/scripts/slurm/run_real_gate_row.sh
f37e88fc35f33501ac7524291093fddbb53ced6ab701dc1c58c4e7f1c54f3f72	1405	15	MAIN	/home/hphung/ce25_scratch2/Claude_DeepRL_Population_Models/real_ecology_runs/adapted_32cell_diagnostic_pending/code/scripts/slurm/run_real_gate_row.sh
f37e88fc35f33501ac7524291093fddbb53ced6ab701dc1c58c4e7f1c54f3f72	1405	15	MAIN	/home/hphung/ce25_scratch2/Claude_DeepRL_Population_Models/real_ecology_runs/adapted_plus_moor_corrected_canary_20260717_v1/code/scripts/slurm/run_real_gate_row.sh
f37e88fc35f33501ac7524291093fddbb53ced6ab701dc1c58c4e7f1c54f3f72	1405	15	MAIN	/home/hphung/ce25_scratch2/Claude_DeepRL_Population_Models/real_ecology_runs/general_audit_20260712/code/scripts/slurm/run_real_gate_row.sh
f37e88fc35f33501ac7524291093fddbb53ced6ab701dc1c58c4e7f1c54f3f72	1405	15	MAIN	/home/hphung/ce25_scratch2/Claude_DeepRL_Population_Models/real_ecology_runs/hidden_rk_comparison_20260716/code/scripts/slurm/run_real_gate_row.sh
f37e88fc35f33501ac7524291093fddbb53ced6ab701dc1c58c4e7f1c54f3f72	1405	15	MAIN	/home/hphung/ce25_scratch2/Claude_DeepRL_Population_Models/real_ecology_runs/motivation_native_20260711/code/scripts/slurm/run_real_gate_row.sh
f37e88fc35f33501ac7524291093fddbb53ced6ab701dc1c58c4e7f1c54f3f72	1405	15	MAIN	/home/hphung/ce25_scratch2/Claude_DeepRL_Population_Models/real_ecology_runs/paper_faithful_one_cell_4000_20260717_v1/code/scripts/slurm/run_real_gate_row.sh
f37e88fc35f33501ac7524291093fddbb53ced6ab701dc1c58c4e7f1c54f3f72	1405	15	MAIN	/home/hphung/ce25_scratch2/Claude_DeepRL_Population_Models/real_ecology_runs/paper_faithful_smoke_20260717/code/scripts/slurm/run_real_gate_row.sh
f37e88fc35f33501ac7524291093fddbb53ced6ab701dc1c58c4e7f1c54f3f72	1405	15	MAIN	/home/hphung/ce25_scratch2/Claude_DeepRL_Population_Models/real_ecology_runs/paper_faithful_smoke_20260717_v2/code/scripts/slurm/run_real_gate_row.sh
f37e88fc35f33501ac7524291093fddbb53ced6ab701dc1c58c4e7f1c54f3f72	1405	15	MAIN	/home/hphung/ce25_scratch2/Claude_DeepRL_Population_Models/real_ecology_runs/paper_faithful_smoke_20260717_v3/code/scripts/slurm/run_real_gate_row.sh
f37e88fc35f33501ac7524291093fddbb53ced6ab701dc1c58c4e7f1c54f3f72	1405	15	MAIN	/home/hphung/ce25_scratch2/Claude_DeepRL_Population_Models/real_ecology_runs/paper_faithful_smoke_20260717_v4/code/scripts/slurm/run_real_gate_row.sh
f37e88fc35f33501ac7524291093fddbb53ced6ab701dc1c58c4e7f1c54f3f72	1405	15	MAIN	/home/hphung/ce25_scratch2/Claude_DeepRL_Population_Models/real_ecology_runs/psafe_overnight_20260705/code/real_ecology_cont_obser/scripts/slurm/run_real_gate_row.sh
f37e88fc35f33501ac7524291093fddbb53ced6ab701dc1c58c4e7f1c54f3f72	1405	15	MAIN	/home/hphung/ce25_scratch2/Claude_DeepRL_Population_Models/real_ecology_runs/ricker_only_plus_72_20260720/runtime_snapshot/scripts/slurm/run_real_gate_row.sh
f37e88fc35f33501ac7524291093fddbb53ced6ab701dc1c58c4e7f1c54f3f72	1405	15	MAIN	/home/hphung/ce25_scratch2/Claude_DeepRL_Population_Models/scripts/slurm/run_real_gate_row.sh
f6e50b44ad8ca3fa4b4e1438436c19524971d621bd2739feaeb9cb8cdb7adfcc	2017	15	ECO_FROZEN	/home/hphung/ce25_scratch2/Claude_DeepRL_Population_Models/real_ecology_runs/ricker_only_plus_72_20260720/runtime_snapshot_routing_fix/src/real_ecology_benchmark/rollout.py
f6e50b44ad8ca3fa4b4e1438436c19524971d621bd2739feaeb9cb8cdb7adfcc	2017	15	GENERAL_FROZEN	/home/hphung/ce25_scratch2/general_rl_phase2_iso/real_ecology_runs/general_phase2e_full_sigma01_02_20260720_v1/code/src/real_ecology_benchmark/rollout.py
f6e50b44ad8ca3fa4b4e1438436c19524971d621bd2739feaeb9cb8cdb7adfcc	2017	15	MAIN	/home/hphung/ce25_scratch2/Claude_DeepRL_Population_Models/real_ecology_runs/adapted_32cell_diagnostic_pending/code/src/real_ecology_benchmark/rollout.py
f6e50b44ad8ca3fa4b4e1438436c19524971d621bd2739feaeb9cb8cdb7adfcc	2017	15	MAIN	/home/hphung/ce25_scratch2/Claude_DeepRL_Population_Models/real_ecology_runs/adapted_plus_moor_corrected_canary_20260717_v1/code/src/real_ecology_benchmark/rollout.py
f6e50b44ad8ca3fa4b4e1438436c19524971d621bd2739feaeb9cb8cdb7adfcc	2017	15	MAIN	/home/hphung/ce25_scratch2/Claude_DeepRL_Population_Models/real_ecology_runs/general_audit_20260712/code/src/real_ecology_benchmark/rollout.py
f6e50b44ad8ca3fa4b4e1438436c19524971d621bd2739feaeb9cb8cdb7adfcc	2017	15	MAIN	/home/hphung/ce25_scratch2/Claude_DeepRL_Population_Models/real_ecology_runs/hidden_rk_comparison_20260716/code/src/real_ecology_benchmark/rollout.py
f6e50b44ad8ca3fa4b4e1438436c19524971d621bd2739feaeb9cb8cdb7adfcc	2017	15	MAIN	/home/hphung/ce25_scratch2/Claude_DeepRL_Population_Models/real_ecology_runs/motivation_native_20260711/code/src/real_ecology_benchmark/rollout.py
f6e50b44ad8ca3fa4b4e1438436c19524971d621bd2739feaeb9cb8cdb7adfcc	2017	15	MAIN	/home/hphung/ce25_scratch2/Claude_DeepRL_Population_Models/real_ecology_runs/paper_faithful_one_cell_4000_20260717_v1/code/src/real_ecology_benchmark/rollout.py
f6e50b44ad8ca3fa4b4e1438436c19524971d621bd2739feaeb9cb8cdb7adfcc	2017	15	MAIN	/home/hphung/ce25_scratch2/Claude_DeepRL_Population_Models/real_ecology_runs/paper_faithful_smoke_20260717/code/src/real_ecology_benchmark/rollout.py
f6e50b44ad8ca3fa4b4e1438436c19524971d621bd2739feaeb9cb8cdb7adfcc	2017	15	MAIN	/home/hphung/ce25_scratch2/Claude_DeepRL_Population_Models/real_ecology_runs/paper_faithful_smoke_20260717_v2/code/src/real_ecology_benchmark/rollout.py
f6e50b44ad8ca3fa4b4e1438436c19524971d621bd2739feaeb9cb8cdb7adfcc	2017	15	MAIN	/home/hphung/ce25_scratch2/Claude_DeepRL_Population_Models/real_ecology_runs/paper_faithful_smoke_20260717_v3/code/src/real_ecology_benchmark/rollout.py
f6e50b44ad8ca3fa4b4e1438436c19524971d621bd2739feaeb9cb8cdb7adfcc	2017	15	MAIN	/home/hphung/ce25_scratch2/Claude_DeepRL_Population_Models/real_ecology_runs/paper_faithful_smoke_20260717_v4/code/src/real_ecology_benchmark/rollout.py
f6e50b44ad8ca3fa4b4e1438436c19524971d621bd2739feaeb9cb8cdb7adfcc	2017	15	MAIN	/home/hphung/ce25_scratch2/Claude_DeepRL_Population_Models/real_ecology_runs/psafe_overnight_20260705/code/real_ecology_cont_obser/src/real_ecology_benchmark/rollout.py
f6e50b44ad8ca3fa4b4e1438436c19524971d621bd2739feaeb9cb8cdb7adfcc	2017	15	MAIN	/home/hphung/ce25_scratch2/Claude_DeepRL_Population_Models/real_ecology_runs/ricker_only_plus_72_20260720/runtime_snapshot/src/real_ecology_benchmark/rollout.py
f6e50b44ad8ca3fa4b4e1438436c19524971d621bd2739feaeb9cb8cdb7adfcc	2017	15	MAIN	/home/hphung/ce25_scratch2/Claude_DeepRL_Population_Models/src/real_ecology_benchmark/rollout.py
138197f6f53b30ced6a3359b80bd7bb8daab9238c536c476a06e5fe2ce19be02	3525	14	ECO_FROZEN	/home/hphung/ce25_scratch2/Claude_DeepRL_Population_Models/real_ecology_runs/ricker_only_plus_72_20260720/runtime_snapshot_routing_fix/src/real_ecology_benchmark/dummydata.py
138197f6f53b30ced6a3359b80bd7bb8daab9238c536c476a06e5fe2ce19be02	3525	14	GENERAL_FROZEN	/home/hphung/ce25_scratch2/general_rl_phase2_iso/real_ecology_runs/general_phase2e_full_sigma01_02_20260720_v1/code/src/real_ecology_benchmark/dummydata.py
138197f6f53b30ced6a3359b80bd7bb8daab9238c536c476a06e5fe2ce19be02	3525	14	MAIN	/home/hphung/ce25_scratch2/Claude_DeepRL_Population_Models/real_ecology_runs/adapted_32cell_diagnostic_pending/code/src/real_ecology_benchmark/dummydata.py
138197f6f53b30ced6a3359b80bd7bb8daab9238c536c476a06e5fe2ce19be02	3525	14	MAIN	/home/hphung/ce25_scratch2/Claude_DeepRL_Population_Models/real_ecology_runs/adapted_plus_moor_corrected_canary_20260717_v1/code/src/real_ecology_benchmark/dummydata.py
138197f6f53b30ced6a3359b80bd7bb8daab9238c536c476a06e5fe2ce19be02	3525	14	MAIN	/home/hphung/ce25_scratch2/Claude_DeepRL_Population_Models/real_ecology_runs/general_audit_20260712/code/src/real_ecology_benchmark/dummydata.py
138197f6f53b30ced6a3359b80bd7bb8daab9238c536c476a06e5fe2ce19be02	3525	14	MAIN	/home/hphung/ce25_scratch2/Claude_DeepRL_Population_Models/real_ecology_runs/hidden_rk_comparison_20260716/code/src/real_ecology_benchmark/dummydata.py
138197f6f53b30ced6a3359b80bd7bb8daab9238c536c476a06e5fe2ce19be02	3525	14	MAIN	/home/hphung/ce25_scratch2/Claude_DeepRL_Population_Models/real_ecology_runs/motivation_native_20260711/code/src/real_ecology_benchmark/dummydata.py
138197f6f53b30ced6a3359b80bd7bb8daab9238c536c476a06e5fe2ce19be02	3525	14	MAIN	/home/hphung/ce25_scratch2/Claude_DeepRL_Population_Models/real_ecology_runs/paper_faithful_one_cell_4000_20260717_v1/code/src/real_ecology_benchmark/dummydata.py
138197f6f53b30ced6a3359b80bd7bb8daab9238c536c476a06e5fe2ce19be02	3525	14	MAIN	/home/hphung/ce25_scratch2/Claude_DeepRL_Population_Models/real_ecology_runs/paper_faithful_smoke_20260717/code/src/real_ecology_benchmark/dummydata.py
138197f6f53b30ced6a3359b80bd7bb8daab9238c536c476a06e5fe2ce19be02	3525	14	MAIN	/home/hphung/ce25_scratch2/Claude_DeepRL_Population_Models/real_ecology_runs/paper_faithful_smoke_20260717_v2/code/src/real_ecology_benchmark/dummydata.py
138197f6f53b30ced6a3359b80bd7bb8daab9238c536c476a06e5fe2ce19be02	3525	14	MAIN	/home/hphung/ce25_scratch2/Claude_DeepRL_Population_Models/real_ecology_runs/paper_faithful_smoke_20260717_v3/code/src/real_ecology_benchmark/dummydata.py
138197f6f53b30ced6a3359b80bd7bb8daab9238c536c476a06e5fe2ce19be02	3525	14	MAIN	/home/hphung/ce25_scratch2/Claude_DeepRL_Population_Models/real_ecology_runs/paper_faithful_smoke_20260717_v4/code/src/real_ecology_benchmark/dummydata.py
138197f6f53b30ced6a3359b80bd7bb8daab9238c536c476a06e5fe2ce19be02	3525	14	MAIN	/home/hphung/ce25_scratch2/Claude_DeepRL_Population_Models/real_ecology_runs/ricker_only_plus_72_20260720/runtime_snapshot/src/real_ecology_benchmark/dummydata.py
138197f6f53b30ced6a3359b80bd7bb8daab9238c536c476a06e5fe2ce19be02	3525	14	MAIN	/home/hphung/ce25_scratch2/Claude_DeepRL_Population_Models/src/real_ecology_benchmark/dummydata.py
21acb6771179dc56e82b6ed39face8156850f0a25951e3bf596584e7e945f6be	4094	14	ECO_FROZEN	/home/hphung/ce25_scratch2/Claude_DeepRL_Population_Models/real_ecology_runs/ricker_only_plus_72_20260720/runtime_snapshot_routing_fix/src/real_ecology_benchmark/controls.py
21acb6771179dc56e82b6ed39face8156850f0a25951e3bf596584e7e945f6be	4094	14	GENERAL_FROZEN	/home/hphung/ce25_scratch2/general_rl_phase2_iso/real_ecology_runs/general_phase2e_full_sigma01_02_20260720_v1/code/src/real_ecology_benchmark/controls.py
21acb6771179dc56e82b6ed39face8156850f0a25951e3bf596584e7e945f6be	4094	14	MAIN	/home/hphung/ce25_scratch2/Claude_DeepRL_Population_Models/real_ecology_runs/adapted_32cell_diagnostic_pending/code/src/real_ecology_benchmark/controls.py
21acb6771179dc56e82b6ed39face8156850f0a25951e3bf596584e7e945f6be	4094	14	MAIN	/home/hphung/ce25_scratch2/Claude_DeepRL_Population_Models/real_ecology_runs/adapted_plus_moor_corrected_canary_20260717_v1/code/src/real_ecology_benchmark/controls.py
21acb6771179dc56e82b6ed39face8156850f0a25951e3bf596584e7e945f6be	4094	14	MAIN	/home/hphung/ce25_scratch2/Claude_DeepRL_Population_Models/real_ecology_runs/general_audit_20260712/code/src/real_ecology_benchmark/controls.py
21acb6771179dc56e82b6ed39face8156850f0a25951e3bf596584e7e945f6be	4094	14	MAIN	/home/hphung/ce25_scratch2/Claude_DeepRL_Population_Models/real_ecology_runs/hidden_rk_comparison_20260716/code/src/real_ecology_benchmark/controls.py
21acb6771179dc56e82b6ed39face8156850f0a25951e3bf596584e7e945f6be	4094	14	MAIN	/home/hphung/ce25_scratch2/Claude_DeepRL_Population_Models/real_ecology_runs/motivation_native_20260711/code/src/real_ecology_benchmark/controls.py
21acb6771179dc56e82b6ed39face8156850f0a25951e3bf596584e7e945f6be	4094	14	MAIN	/home/hphung/ce25_scratch2/Claude_DeepRL_Population_Models/real_ecology_runs/paper_faithful_one_cell_4000_20260717_v1/code/src/real_ecology_benchmark/controls.py
21acb6771179dc56e82b6ed39face8156850f0a25951e3bf596584e7e945f6be	4094	14	MAIN	/home/hphung/ce25_scratch2/Claude_DeepRL_Population_Models/real_ecology_runs/paper_faithful_smoke_20260717/code/src/real_ecology_benchmark/controls.py
21acb6771179dc56e82b6ed39face8156850f0a25951e3bf596584e7e945f6be	4094	14	MAIN	/home/hphung/ce25_scratch2/Claude_DeepRL_Population_Models/real_ecology_runs/paper_faithful_smoke_20260717_v2/code/src/real_ecology_benchmark/controls.py
21acb6771179dc56e82b6ed39face8156850f0a25951e3bf596584e7e945f6be	4094	14	MAIN	/home/hphung/ce25_scratch2/Claude_DeepRL_Population_Models/real_ecology_runs/paper_faithful_smoke_20260717_v3/code/src/real_ecology_benchmark/controls.py
21acb6771179dc56e82b6ed39face8156850f0a25951e3bf596584e7e945f6be	4094	14	MAIN	/home/hphung/ce25_scratch2/Claude_DeepRL_Population_Models/real_ecology_runs/paper_faithful_smoke_20260717_v4/code/src/real_ecology_benchmark/controls.py
21acb6771179dc56e82b6ed39face8156850f0a25951e3bf596584e7e945f6be	4094	14	MAIN	/home/hphung/ce25_scratch2/Claude_DeepRL_Population_Models/real_ecology_runs/ricker_only_plus_72_20260720/runtime_snapshot/src/real_ecology_benchmark/controls.py
21acb6771179dc56e82b6ed39face8156850f0a25951e3bf596584e7e945f6be	4094	14	MAIN	/home/hphung/ce25_scratch2/Claude_DeepRL_Population_Models/src/real_ecology_benchmark/controls.py
2a1dcb6fb356d68d65a926606ebbf69f0d410b3b8ec4a12ca66786d8473b10c0	9163	14	ECO_FROZEN	/home/hphung/ce25_scratch2/Claude_DeepRL_Population_Models/real_ecology_runs/ricker_only_plus_72_20260720/runtime_snapshot_routing_fix/scripts/plot_trajectories.py
2a1dcb6fb356d68d65a926606ebbf69f0d410b3b8ec4a12ca66786d8473b10c0	9163	14	GENERAL_FROZEN	/home/hphung/ce25_scratch2/general_rl_phase2_iso/real_ecology_runs/general_phase2e_full_sigma01_02_20260720_v1/code/scripts/plot_trajectories.py
2a1dcb6fb356d68d65a926606ebbf69f0d410b3b8ec4a12ca66786d8473b10c0	9163	14	MAIN	/home/hphung/ce25_scratch2/Claude_DeepRL_Population_Models/real_ecology_runs/adapted_32cell_diagnostic_pending/code/scripts/plot_trajectories.py
2a1dcb6fb356d68d65a926606ebbf69f0d410b3b8ec4a12ca66786d8473b10c0	9163	14	MAIN	/home/hphung/ce25_scratch2/Claude_DeepRL_Population_Models/real_ecology_runs/adapted_plus_moor_corrected_canary_20260717_v1/code/scripts/plot_trajectories.py
2a1dcb6fb356d68d65a926606ebbf69f0d410b3b8ec4a12ca66786d8473b10c0	9163	14	MAIN	/home/hphung/ce25_scratch2/Claude_DeepRL_Population_Models/real_ecology_runs/general_audit_20260712/code/scripts/plot_trajectories.py
2a1dcb6fb356d68d65a926606ebbf69f0d410b3b8ec4a12ca66786d8473b10c0	9163	14	MAIN	/home/hphung/ce25_scratch2/Claude_DeepRL_Population_Models/real_ecology_runs/hidden_rk_comparison_20260716/code/scripts/plot_trajectories.py
2a1dcb6fb356d68d65a926606ebbf69f0d410b3b8ec4a12ca66786d8473b10c0	9163	14	MAIN	/home/hphung/ce25_scratch2/Claude_DeepRL_Population_Models/real_ecology_runs/motivation_native_20260711/code/scripts/plot_trajectories.py
2a1dcb6fb356d68d65a926606ebbf69f0d410b3b8ec4a12ca66786d8473b10c0	9163	14	MAIN	/home/hphung/ce25_scratch2/Claude_DeepRL_Population_Models/real_ecology_runs/paper_faithful_one_cell_4000_20260717_v1/code/scripts/plot_trajectories.py
2a1dcb6fb356d68d65a926606ebbf69f0d410b3b8ec4a12ca66786d8473b10c0	9163	14	MAIN	/home/hphung/ce25_scratch2/Claude_DeepRL_Population_Models/real_ecology_runs/paper_faithful_smoke_20260717/code/scripts/plot_trajectories.py
2a1dcb6fb356d68d65a926606ebbf69f0d410b3b8ec4a12ca66786d8473b10c0	9163	14	MAIN	/home/hphung/ce25_scratch2/Claude_DeepRL_Population_Models/real_ecology_runs/paper_faithful_smoke_20260717_v2/code/scripts/plot_trajectories.py
2a1dcb6fb356d68d65a926606ebbf69f0d410b3b8ec4a12ca66786d8473b10c0	9163	14	MAIN	/home/hphung/ce25_scratch2/Claude_DeepRL_Population_Models/real_ecology_runs/paper_faithful_smoke_20260717_v3/code/scripts/plot_trajectories.py
2a1dcb6fb356d68d65a926606ebbf69f0d410b3b8ec4a12ca66786d8473b10c0	9163	14	MAIN	/home/hphung/ce25_scratch2/Claude_DeepRL_Population_Models/real_ecology_runs/paper_faithful_smoke_20260717_v4/code/scripts/plot_trajectories.py
2a1dcb6fb356d68d65a926606ebbf69f0d410b3b8ec4a12ca66786d8473b10c0	9163	14	MAIN	/home/hphung/ce25_scratch2/Claude_DeepRL_Population_Models/real_ecology_runs/ricker_only_plus_72_20260720/runtime_snapshot/scripts/plot_trajectories.py
2a1dcb6fb356d68d65a926606ebbf69f0d410b3b8ec4a12ca66786d8473b10c0	9163	14	MAIN	/home/hphung/ce25_scratch2/Claude_DeepRL_Population_Models/scripts/plot_trajectories.py
2e5d6fc93b7066a2acf9940b2f9ba8ad1e8ec667178ac1437886bf68f8e0c682	11684	14	ECO_FROZEN	/home/hphung/ce25_scratch2/Claude_DeepRL_Population_Models/real_ecology_runs/ricker_only_plus_72_20260720/runtime_snapshot_routing_fix/src/real_ecology_benchmark/native_solver.py
2e5d6fc93b7066a2acf9940b2f9ba8ad1e8ec667178ac1437886bf68f8e0c682	11684	14	GENERAL_FROZEN	/home/hphung/ce25_scratch2/general_rl_phase2_iso/real_ecology_runs/general_phase2e_full_sigma01_02_20260720_v1/code/src/real_ecology_benchmark/native_solver.py
2e5d6fc93b7066a2acf9940b2f9ba8ad1e8ec667178ac1437886bf68f8e0c682	11684	14	MAIN	/home/hphung/ce25_scratch2/Claude_DeepRL_Population_Models/real_ecology_runs/adapted_32cell_diagnostic_pending/code/src/real_ecology_benchmark/native_solver.py
2e5d6fc93b7066a2acf9940b2f9ba8ad1e8ec667178ac1437886bf68f8e0c682	11684	14	MAIN	/home/hphung/ce25_scratch2/Claude_DeepRL_Population_Models/real_ecology_runs/adapted_plus_moor_corrected_canary_20260717_v1/code/src/real_ecology_benchmark/native_solver.py
2e5d6fc93b7066a2acf9940b2f9ba8ad1e8ec667178ac1437886bf68f8e0c682	11684	14	MAIN	/home/hphung/ce25_scratch2/Claude_DeepRL_Population_Models/real_ecology_runs/general_audit_20260712/code/src/real_ecology_benchmark/native_solver.py
2e5d6fc93b7066a2acf9940b2f9ba8ad1e8ec667178ac1437886bf68f8e0c682	11684	14	MAIN	/home/hphung/ce25_scratch2/Claude_DeepRL_Population_Models/real_ecology_runs/hidden_rk_comparison_20260716/code/src/real_ecology_benchmark/native_solver.py
2e5d6fc93b7066a2acf9940b2f9ba8ad1e8ec667178ac1437886bf68f8e0c682	11684	14	MAIN	/home/hphung/ce25_scratch2/Claude_DeepRL_Population_Models/real_ecology_runs/motivation_native_20260711/code/src/real_ecology_benchmark/native_solver.py
2e5d6fc93b7066a2acf9940b2f9ba8ad1e8ec667178ac1437886bf68f8e0c682	11684	14	MAIN	/home/hphung/ce25_scratch2/Claude_DeepRL_Population_Models/real_ecology_runs/paper_faithful_one_cell_4000_20260717_v1/code/src/real_ecology_benchmark/native_solver.py
2e5d6fc93b7066a2acf9940b2f9ba8ad1e8ec667178ac1437886bf68f8e0c682	11684	14	MAIN	/home/hphung/ce25_scratch2/Claude_DeepRL_Population_Models/real_ecology_runs/paper_faithful_smoke_20260717/code/src/real_ecology_benchmark/native_solver.py
2e5d6fc93b7066a2acf9940b2f9ba8ad1e8ec667178ac1437886bf68f8e0c682	11684	14	MAIN	/home/hphung/ce25_scratch2/Claude_DeepRL_Population_Models/real_ecology_runs/paper_faithful_smoke_20260717_v2/code/src/real_ecology_benchmark/native_solver.py
2e5d6fc93b7066a2acf9940b2f9ba8ad1e8ec667178ac1437886bf68f8e0c682	11684	14	MAIN	/home/hphung/ce25_scratch2/Claude_DeepRL_Population_Models/real_ecology_runs/paper_faithful_smoke_20260717_v3/code/src/real_ecology_benchmark/native_solver.py
2e5d6fc93b7066a2acf9940b2f9ba8ad1e8ec667178ac1437886bf68f8e0c682	11684	14	MAIN	/home/hphung/ce25_scratch2/Claude_DeepRL_Population_Models/real_ecology_runs/paper_faithful_smoke_20260717_v4/code/src/real_ecology_benchmark/native_solver.py
2e5d6fc93b7066a2acf9940b2f9ba8ad1e8ec667178ac1437886bf68f8e0c682	11684	14	MAIN	/home/hphung/ce25_scratch2/Claude_DeepRL_Population_Models/real_ecology_runs/ricker_only_plus_72_20260720/runtime_snapshot/src/real_ecology_benchmark/native_solver.py
2e5d6fc93b7066a2acf9940b2f9ba8ad1e8ec667178ac1437886bf68f8e0c682	11684	14	MAIN	/home/hphung/ce25_scratch2/Claude_DeepRL_Population_Models/src/real_ecology_benchmark/native_solver.py
356d126d23fedc69e3632b923b6e8a9a071896813f7ddf9f5ad509823a8b33d8	4440	14	ECO_FROZEN	/home/hphung/ce25_scratch2/Claude_DeepRL_Population_Models/real_ecology_runs/ricker_only_plus_72_20260720/runtime_snapshot_routing_fix/src/real_ecology_benchmark/reward.py
356d126d23fedc69e3632b923b6e8a9a071896813f7ddf9f5ad509823a8b33d8	4440	14	GENERAL_FROZEN	/home/hphung/ce25_scratch2/general_rl_phase2_iso/real_ecology_runs/general_phase2e_full_sigma01_02_20260720_v1/code/src/real_ecology_benchmark/reward.py
356d126d23fedc69e3632b923b6e8a9a071896813f7ddf9f5ad509823a8b33d8	4440	14	MAIN	/home/hphung/ce25_scratch2/Claude_DeepRL_Population_Models/real_ecology_runs/adapted_32cell_diagnostic_pending/code/src/real_ecology_benchmark/reward.py
356d126d23fedc69e3632b923b6e8a9a071896813f7ddf9f5ad509823a8b33d8	4440	14	MAIN	/home/hphung/ce25_scratch2/Claude_DeepRL_Population_Models/real_ecology_runs/adapted_plus_moor_corrected_canary_20260717_v1/code/src/real_ecology_benchmark/reward.py
356d126d23fedc69e3632b923b6e8a9a071896813f7ddf9f5ad509823a8b33d8	4440	14	MAIN	/home/hphung/ce25_scratch2/Claude_DeepRL_Population_Models/real_ecology_runs/general_audit_20260712/code/src/real_ecology_benchmark/reward.py
356d126d23fedc69e3632b923b6e8a9a071896813f7ddf9f5ad509823a8b33d8	4440	14	MAIN	/home/hphung/ce25_scratch2/Claude_DeepRL_Population_Models/real_ecology_runs/hidden_rk_comparison_20260716/code/src/real_ecology_benchmark/reward.py
356d126d23fedc69e3632b923b6e8a9a071896813f7ddf9f5ad509823a8b33d8	4440	14	MAIN	/home/hphung/ce25_scratch2/Claude_DeepRL_Population_Models/real_ecology_runs/motivation_native_20260711/code/src/real_ecology_benchmark/reward.py
356d126d23fedc69e3632b923b6e8a9a071896813f7ddf9f5ad509823a8b33d8	4440	14	MAIN	/home/hphung/ce25_scratch2/Claude_DeepRL_Population_Models/real_ecology_runs/paper_faithful_one_cell_4000_20260717_v1/code/src/real_ecology_benchmark/reward.py
356d126d23fedc69e3632b923b6e8a9a071896813f7ddf9f5ad509823a8b33d8	4440	14	MAIN	/home/hphung/ce25_scratch2/Claude_DeepRL_Population_Models/real_ecology_runs/paper_faithful_smoke_20260717/code/src/real_ecology_benchmark/reward.py
356d126d23fedc69e3632b923b6e8a9a071896813f7ddf9f5ad509823a8b33d8	4440	14	MAIN	/home/hphung/ce25_scratch2/Claude_DeepRL_Population_Models/real_ecology_runs/paper_faithful_smoke_20260717_v2/code/src/real_ecology_benchmark/reward.py
356d126d23fedc69e3632b923b6e8a9a071896813f7ddf9f5ad509823a8b33d8	4440	14	MAIN	/home/hphung/ce25_scratch2/Claude_DeepRL_Population_Models/real_ecology_runs/paper_faithful_smoke_20260717_v3/code/src/real_ecology_benchmark/reward.py
356d126d23fedc69e3632b923b6e8a9a071896813f7ddf9f5ad509823a8b33d8	4440	14	MAIN	/home/hphung/ce25_scratch2/Claude_DeepRL_Population_Models/real_ecology_runs/paper_faithful_smoke_20260717_v4/code/src/real_ecology_benchmark/reward.py
356d126d23fedc69e3632b923b6e8a9a071896813f7ddf9f5ad509823a8b33d8	4440	14	MAIN	/home/hphung/ce25_scratch2/Claude_DeepRL_Population_Models/real_ecology_runs/ricker_only_plus_72_20260720/runtime_snapshot/src/real_ecology_benchmark/reward.py
356d126d23fedc69e3632b923b6e8a9a071896813f7ddf9f5ad509823a8b33d8	4440	14	MAIN	/home/hphung/ce25_scratch2/Claude_DeepRL_Population_Models/src/real_ecology_benchmark/reward.py
440ec58881ae581b53fffa694b1793e52ebaf650ccec545811657cbad1edf1e8	729	14	ECO_FROZEN	/home/hphung/ce25_scratch2/Claude_DeepRL_Population_Models/real_ecology_runs/ricker_only_plus_72_20260720/runtime_snapshot_routing_fix/configs/dummy_setpoint_smoke.yaml
440ec58881ae581b53fffa694b1793e52ebaf650ccec545811657cbad1edf1e8	729	14	GENERAL_FROZEN	/home/hphung/ce25_scratch2/general_rl_phase2_iso/real_ecology_runs/general_phase2e_full_sigma01_02_20260720_v1/code/configs/dummy_setpoint_smoke.yaml
440ec58881ae581b53fffa694b1793e52ebaf650ccec545811657cbad1edf1e8	729	14	MAIN	/home/hphung/ce25_scratch2/Claude_DeepRL_Population_Models/configs/dummy_setpoint_smoke.yaml
440ec58881ae581b53fffa694b1793e52ebaf650ccec545811657cbad1edf1e8	729	14	MAIN	/home/hphung/ce25_scratch2/Claude_DeepRL_Population_Models/real_ecology_runs/adapted_32cell_diagnostic_pending/code/configs/dummy_setpoint_smoke.yaml
440ec58881ae581b53fffa694b1793e52ebaf650ccec545811657cbad1edf1e8	729	14	MAIN	/home/hphung/ce25_scratch2/Claude_DeepRL_Population_Models/real_ecology_runs/adapted_plus_moor_corrected_canary_20260717_v1/code/configs/dummy_setpoint_smoke.yaml
440ec58881ae581b53fffa694b1793e52ebaf650ccec545811657cbad1edf1e8	729	14	MAIN	/home/hphung/ce25_scratch2/Claude_DeepRL_Population_Models/real_ecology_runs/general_audit_20260712/code/configs/dummy_setpoint_smoke.yaml
440ec58881ae581b53fffa694b1793e52ebaf650ccec545811657cbad1edf1e8	729	14	MAIN	/home/hphung/ce25_scratch2/Claude_DeepRL_Population_Models/real_ecology_runs/hidden_rk_comparison_20260716/code/configs/dummy_setpoint_smoke.yaml
440ec58881ae581b53fffa694b1793e52ebaf650ccec545811657cbad1edf1e8	729	14	MAIN	/home/hphung/ce25_scratch2/Claude_DeepRL_Population_Models/real_ecology_runs/motivation_native_20260711/code/configs/dummy_setpoint_smoke.yaml
440ec58881ae581b53fffa694b1793e52ebaf650ccec545811657cbad1edf1e8	729	14	MAIN	/home/hphung/ce25_scratch2/Claude_DeepRL_Population_Models/real_ecology_runs/paper_faithful_one_cell_4000_20260717_v1/code/configs/dummy_setpoint_smoke.yaml
440ec58881ae581b53fffa694b1793e52ebaf650ccec545811657cbad1edf1e8	729	14	MAIN	/home/hphung/ce25_scratch2/Claude_DeepRL_Population_Models/real_ecology_runs/paper_faithful_smoke_20260717/code/configs/dummy_setpoint_smoke.yaml
440ec58881ae581b53fffa694b1793e52ebaf650ccec545811657cbad1edf1e8	729	14	MAIN	/home/hphung/ce25_scratch2/Claude_DeepRL_Population_Models/real_ecology_runs/paper_faithful_smoke_20260717_v2/code/configs/dummy_setpoint_smoke.yaml
440ec58881ae581b53fffa694b1793e52ebaf650ccec545811657cbad1edf1e8	729	14	MAIN	/home/hphung/ce25_scratch2/Claude_DeepRL_Population_Models/real_ecology_runs/paper_faithful_smoke_20260717_v3/code/configs/dummy_setpoint_smoke.yaml
440ec58881ae581b53fffa694b1793e52ebaf650ccec545811657cbad1edf1e8	729	14	MAIN	/home/hphung/ce25_scratch2/Claude_DeepRL_Population_Models/real_ecology_runs/paper_faithful_smoke_20260717_v4/code/configs/dummy_setpoint_smoke.yaml
440ec58881ae581b53fffa694b1793e52ebaf650ccec545811657cbad1edf1e8	729	14	MAIN	/home/hphung/ce25_scratch2/Claude_DeepRL_Population_Models/real_ecology_runs/ricker_only_plus_72_20260720/runtime_snapshot/configs/dummy_setpoint_smoke.yaml
5303f7191268b9459586145d6d189ca59ccfa0405cb0d675773168e3c8132ccb	1010	14	ECO_FROZEN	/home/hphung/ce25_scratch2/Claude_DeepRL_Population_Models/real_ecology_runs/ricker_only_plus_72_20260720/runtime_snapshot_routing_fix/configs/synthetic_full.yaml
5303f7191268b9459586145d6d189ca59ccfa0405cb0d675773168e3c8132ccb	1010	14	GENERAL_FROZEN	/home/hphung/ce25_scratch2/general_rl_phase2_iso/real_ecology_runs/general_phase2e_full_sigma01_02_20260720_v1/code/configs/synthetic_full.yaml
5303f7191268b9459586145d6d189ca59ccfa0405cb0d675773168e3c8132ccb	1010	14	MAIN	/home/hphung/ce25_scratch2/Claude_DeepRL_Population_Models/configs/synthetic_full.yaml
5303f7191268b9459586145d6d189ca59ccfa0405cb0d675773168e3c8132ccb	1010	14	MAIN	/home/hphung/ce25_scratch2/Claude_DeepRL_Population_Models/real_ecology_runs/adapted_32cell_diagnostic_pending/code/configs/synthetic_full.yaml
5303f7191268b9459586145d6d189ca59ccfa0405cb0d675773168e3c8132ccb	1010	14	MAIN	/home/hphung/ce25_scratch2/Claude_DeepRL_Population_Models/real_ecology_runs/adapted_plus_moor_corrected_canary_20260717_v1/code/configs/synthetic_full.yaml
5303f7191268b9459586145d6d189ca59ccfa0405cb0d675773168e3c8132ccb	1010	14	MAIN	/home/hphung/ce25_scratch2/Claude_DeepRL_Population_Models/real_ecology_runs/general_audit_20260712/code/configs/synthetic_full.yaml
5303f7191268b9459586145d6d189ca59ccfa0405cb0d675773168e3c8132ccb	1010	14	MAIN	/home/hphung/ce25_scratch2/Claude_DeepRL_Population_Models/real_ecology_runs/hidden_rk_comparison_20260716/code/configs/synthetic_full.yaml
5303f7191268b9459586145d6d189ca59ccfa0405cb0d675773168e3c8132ccb	1010	14	MAIN	/home/hphung/ce25_scratch2/Claude_DeepRL_Population_Models/real_ecology_runs/motivation_native_20260711/code/configs/synthetic_full.yaml
5303f7191268b9459586145d6d189ca59ccfa0405cb0d675773168e3c8132ccb	1010	14	MAIN	/home/hphung/ce25_scratch2/Claude_DeepRL_Population_Models/real_ecology_runs/paper_faithful_one_cell_4000_20260717_v1/code/configs/synthetic_full.yaml
5303f7191268b9459586145d6d189ca59ccfa0405cb0d675773168e3c8132ccb	1010	14	MAIN	/home/hphung/ce25_scratch2/Claude_DeepRL_Population_Models/real_ecology_runs/paper_faithful_smoke_20260717/code/configs/synthetic_full.yaml
5303f7191268b9459586145d6d189ca59ccfa0405cb0d675773168e3c8132ccb	1010	14	MAIN	/home/hphung/ce25_scratch2/Claude_DeepRL_Population_Models/real_ecology_runs/paper_faithful_smoke_20260717_v2/code/configs/synthetic_full.yaml
5303f7191268b9459586145d6d189ca59ccfa0405cb0d675773168e3c8132ccb	1010	14	MAIN	/home/hphung/ce25_scratch2/Claude_DeepRL_Population_Models/real_ecology_runs/paper_faithful_smoke_20260717_v3/code/configs/synthetic_full.yaml
5303f7191268b9459586145d6d189ca59ccfa0405cb0d675773168e3c8132ccb	1010	14	MAIN	/home/hphung/ce25_scratch2/Claude_DeepRL_Population_Models/real_ecology_runs/paper_faithful_smoke_20260717_v4/code/configs/synthetic_full.yaml
5303f7191268b9459586145d6d189ca59ccfa0405cb0d675773168e3c8132ccb	1010	14	MAIN	/home/hphung/ce25_scratch2/Claude_DeepRL_Population_Models/real_ecology_runs/ricker_only_plus_72_20260720/runtime_snapshot/configs/synthetic_full.yaml
6689a04488afa8ee1ff793bebe9ff5be0416c88b458df1b565c711e2e922019f	1005	14	ECO_FROZEN	/home/hphung/ce25_scratch2/Claude_DeepRL_Population_Models/real_ecology_runs/ricker_only_plus_72_20260720/runtime_snapshot_routing_fix/configs/synthetic_default.yaml
6689a04488afa8ee1ff793bebe9ff5be0416c88b458df1b565c711e2e922019f	1005	14	GENERAL_FROZEN	/home/hphung/ce25_scratch2/general_rl_phase2_iso/real_ecology_runs/general_phase2e_full_sigma01_02_20260720_v1/code/configs/synthetic_default.yaml
6689a04488afa8ee1ff793bebe9ff5be0416c88b458df1b565c711e2e922019f	1005	14	MAIN	/home/hphung/ce25_scratch2/Claude_DeepRL_Population_Models/configs/synthetic_default.yaml
6689a04488afa8ee1ff793bebe9ff5be0416c88b458df1b565c711e2e922019f	1005	14	MAIN	/home/hphung/ce25_scratch2/Claude_DeepRL_Population_Models/real_ecology_runs/adapted_32cell_diagnostic_pending/code/configs/synthetic_default.yaml
6689a04488afa8ee1ff793bebe9ff5be0416c88b458df1b565c711e2e922019f	1005	14	MAIN	/home/hphung/ce25_scratch2/Claude_DeepRL_Population_Models/real_ecology_runs/adapted_plus_moor_corrected_canary_20260717_v1/code/configs/synthetic_default.yaml
6689a04488afa8ee1ff793bebe9ff5be0416c88b458df1b565c711e2e922019f	1005	14	MAIN	/home/hphung/ce25_scratch2/Claude_DeepRL_Population_Models/real_ecology_runs/general_audit_20260712/code/configs/synthetic_default.yaml
6689a04488afa8ee1ff793bebe9ff5be0416c88b458df1b565c711e2e922019f	1005	14	MAIN	/home/hphung/ce25_scratch2/Claude_DeepRL_Population_Models/real_ecology_runs/hidden_rk_comparison_20260716/code/configs/synthetic_default.yaml
6689a04488afa8ee1ff793bebe9ff5be0416c88b458df1b565c711e2e922019f	1005	14	MAIN	/home/hphung/ce25_scratch2/Claude_DeepRL_Population_Models/real_ecology_runs/motivation_native_20260711/code/configs/synthetic_default.yaml
6689a04488afa8ee1ff793bebe9ff5be0416c88b458df1b565c711e2e922019f	1005	14	MAIN	/home/hphung/ce25_scratch2/Claude_DeepRL_Population_Models/real_ecology_runs/paper_faithful_one_cell_4000_20260717_v1/code/configs/synthetic_default.yaml
6689a04488afa8ee1ff793bebe9ff5be0416c88b458df1b565c711e2e922019f	1005	14	MAIN	/home/hphung/ce25_scratch2/Claude_DeepRL_Population_Models/real_ecology_runs/paper_faithful_smoke_20260717/code/configs/synthetic_default.yaml
6689a04488afa8ee1ff793bebe9ff5be0416c88b458df1b565c711e2e922019f	1005	14	MAIN	/home/hphung/ce25_scratch2/Claude_DeepRL_Population_Models/real_ecology_runs/paper_faithful_smoke_20260717_v2/code/configs/synthetic_default.yaml
6689a04488afa8ee1ff793bebe9ff5be0416c88b458df1b565c711e2e922019f	1005	14	MAIN	/home/hphung/ce25_scratch2/Claude_DeepRL_Population_Models/real_ecology_runs/paper_faithful_smoke_20260717_v3/code/configs/synthetic_default.yaml
6689a04488afa8ee1ff793bebe9ff5be0416c88b458df1b565c711e2e922019f	1005	14	MAIN	/home/hphung/ce25_scratch2/Claude_DeepRL_Population_Models/real_ecology_runs/paper_faithful_smoke_20260717_v4/code/configs/synthetic_default.yaml
6689a04488afa8ee1ff793bebe9ff5be0416c88b458df1b565c711e2e922019f	1005	14	MAIN	/home/hphung/ce25_scratch2/Claude_DeepRL_Population_Models/real_ecology_runs/ricker_only_plus_72_20260720/runtime_snapshot/configs/synthetic_default.yaml
66dc3d4c3fe1c4e1ca13bcd73f762945f5b19ab265ea58e03b38091fa7c09d47	2006	14	ECO_FROZEN	/home/hphung/ce25_scratch2/Claude_DeepRL_Population_Models/real_ecology_runs/ricker_only_plus_72_20260720/runtime_snapshot_routing_fix/scripts/run_gate_matrix.py
66dc3d4c3fe1c4e1ca13bcd73f762945f5b19ab265ea58e03b38091fa7c09d47	2006	14	GENERAL_FROZEN	/home/hphung/ce25_scratch2/general_rl_phase2_iso/real_ecology_runs/general_phase2e_full_sigma01_02_20260720_v1/code/scripts/run_gate_matrix.py
66dc3d4c3fe1c4e1ca13bcd73f762945f5b19ab265ea58e03b38091fa7c09d47	2006	14	MAIN	/home/hphung/ce25_scratch2/Claude_DeepRL_Population_Models/real_ecology_runs/adapted_32cell_diagnostic_pending/code/scripts/run_gate_matrix.py
66dc3d4c3fe1c4e1ca13bcd73f762945f5b19ab265ea58e03b38091fa7c09d47	2006	14	MAIN	/home/hphung/ce25_scratch2/Claude_DeepRL_Population_Models/real_ecology_runs/adapted_plus_moor_corrected_canary_20260717_v1/code/scripts/run_gate_matrix.py
66dc3d4c3fe1c4e1ca13bcd73f762945f5b19ab265ea58e03b38091fa7c09d47	2006	14	MAIN	/home/hphung/ce25_scratch2/Claude_DeepRL_Population_Models/real_ecology_runs/general_audit_20260712/code/scripts/run_gate_matrix.py
66dc3d4c3fe1c4e1ca13bcd73f762945f5b19ab265ea58e03b38091fa7c09d47	2006	14	MAIN	/home/hphung/ce25_scratch2/Claude_DeepRL_Population_Models/real_ecology_runs/hidden_rk_comparison_20260716/code/scripts/run_gate_matrix.py
66dc3d4c3fe1c4e1ca13bcd73f762945f5b19ab265ea58e03b38091fa7c09d47	2006	14	MAIN	/home/hphung/ce25_scratch2/Claude_DeepRL_Population_Models/real_ecology_runs/motivation_native_20260711/code/scripts/run_gate_matrix.py
66dc3d4c3fe1c4e1ca13bcd73f762945f5b19ab265ea58e03b38091fa7c09d47	2006	14	MAIN	/home/hphung/ce25_scratch2/Claude_DeepRL_Population_Models/real_ecology_runs/paper_faithful_one_cell_4000_20260717_v1/code/scripts/run_gate_matrix.py
66dc3d4c3fe1c4e1ca13bcd73f762945f5b19ab265ea58e03b38091fa7c09d47	2006	14	MAIN	/home/hphung/ce25_scratch2/Claude_DeepRL_Population_Models/real_ecology_runs/paper_faithful_smoke_20260717/code/scripts/run_gate_matrix.py
66dc3d4c3fe1c4e1ca13bcd73f762945f5b19ab265ea58e03b38091fa7c09d47	2006	14	MAIN	/home/hphung/ce25_scratch2/Claude_DeepRL_Population_Models/real_ecology_runs/paper_faithful_smoke_20260717_v2/code/scripts/run_gate_matrix.py
66dc3d4c3fe1c4e1ca13bcd73f762945f5b19ab265ea58e03b38091fa7c09d47	2006	14	MAIN	/home/hphung/ce25_scratch2/Claude_DeepRL_Population_Models/real_ecology_runs/paper_faithful_smoke_20260717_v3/code/scripts/run_gate_matrix.py
66dc3d4c3fe1c4e1ca13bcd73f762945f5b19ab265ea58e03b38091fa7c09d47	2006	14	MAIN	/home/hphung/ce25_scratch2/Claude_DeepRL_Population_Models/real_ecology_runs/paper_faithful_smoke_20260717_v4/code/scripts/run_gate_matrix.py
66dc3d4c3fe1c4e1ca13bcd73f762945f5b19ab265ea58e03b38091fa7c09d47	2006	14	MAIN	/home/hphung/ce25_scratch2/Claude_DeepRL_Population_Models/real_ecology_runs/ricker_only_plus_72_20260720/runtime_snapshot/scripts/run_gate_matrix.py
66dc3d4c3fe1c4e1ca13bcd73f762945f5b19ab265ea58e03b38091fa7c09d47	2006	14	MAIN	/home/hphung/ce25_scratch2/Claude_DeepRL_Population_Models/scripts/run_gate_matrix.py
6ac8102acd20c73153e35aaabb7cfc7eb50ba499bc0162de60b26aab44c3de45	8066	14	ECO_FROZEN	/home/hphung/ce25_scratch2/Claude_DeepRL_Population_Models/real_ecology_runs/ricker_only_plus_72_20260720/runtime_snapshot_routing_fix/scripts/calibrate_profiles.py
6ac8102acd20c73153e35aaabb7cfc7eb50ba499bc0162de60b26aab44c3de45	8066	14	GENERAL_FROZEN	/home/hphung/ce25_scratch2/general_rl_phase2_iso/real_ecology_runs/general_phase2e_full_sigma01_02_20260720_v1/code/scripts/calibrate_profiles.py
6ac8102acd20c73153e35aaabb7cfc7eb50ba499bc0162de60b26aab44c3de45	8066	14	MAIN	/home/hphung/ce25_scratch2/Claude_DeepRL_Population_Models/real_ecology_runs/adapted_32cell_diagnostic_pending/code/scripts/calibrate_profiles.py
6ac8102acd20c73153e35aaabb7cfc7eb50ba499bc0162de60b26aab44c3de45	8066	14	MAIN	/home/hphung/ce25_scratch2/Claude_DeepRL_Population_Models/real_ecology_runs/adapted_plus_moor_corrected_canary_20260717_v1/code/scripts/calibrate_profiles.py
6ac8102acd20c73153e35aaabb7cfc7eb50ba499bc0162de60b26aab44c3de45	8066	14	MAIN	/home/hphung/ce25_scratch2/Claude_DeepRL_Population_Models/real_ecology_runs/general_audit_20260712/code/scripts/calibrate_profiles.py
6ac8102acd20c73153e35aaabb7cfc7eb50ba499bc0162de60b26aab44c3de45	8066	14	MAIN	/home/hphung/ce25_scratch2/Claude_DeepRL_Population_Models/real_ecology_runs/hidden_rk_comparison_20260716/code/scripts/calibrate_profiles.py
6ac8102acd20c73153e35aaabb7cfc7eb50ba499bc0162de60b26aab44c3de45	8066	14	MAIN	/home/hphung/ce25_scratch2/Claude_DeepRL_Population_Models/real_ecology_runs/motivation_native_20260711/code/scripts/calibrate_profiles.py
6ac8102acd20c73153e35aaabb7cfc7eb50ba499bc0162de60b26aab44c3de45	8066	14	MAIN	/home/hphung/ce25_scratch2/Claude_DeepRL_Population_Models/real_ecology_runs/paper_faithful_one_cell_4000_20260717_v1/code/scripts/calibrate_profiles.py
6ac8102acd20c73153e35aaabb7cfc7eb50ba499bc0162de60b26aab44c3de45	8066	14	MAIN	/home/hphung/ce25_scratch2/Claude_DeepRL_Population_Models/real_ecology_runs/paper_faithful_smoke_20260717/code/scripts/calibrate_profiles.py
6ac8102acd20c73153e35aaabb7cfc7eb50ba499bc0162de60b26aab44c3de45	8066	14	MAIN	/home/hphung/ce25_scratch2/Claude_DeepRL_Population_Models/real_ecology_runs/paper_faithful_smoke_20260717_v2/code/scripts/calibrate_profiles.py
6ac8102acd20c73153e35aaabb7cfc7eb50ba499bc0162de60b26aab44c3de45	8066	14	MAIN	/home/hphung/ce25_scratch2/Claude_DeepRL_Population_Models/real_ecology_runs/paper_faithful_smoke_20260717_v3/code/scripts/calibrate_profiles.py
6ac8102acd20c73153e35aaabb7cfc7eb50ba499bc0162de60b26aab44c3de45	8066	14	MAIN	/home/hphung/ce25_scratch2/Claude_DeepRL_Population_Models/real_ecology_runs/paper_faithful_smoke_20260717_v4/code/scripts/calibrate_profiles.py
6ac8102acd20c73153e35aaabb7cfc7eb50ba499bc0162de60b26aab44c3de45	8066	14	MAIN	/home/hphung/ce25_scratch2/Claude_DeepRL_Population_Models/real_ecology_runs/ricker_only_plus_72_20260720/runtime_snapshot/scripts/calibrate_profiles.py
6ac8102acd20c73153e35aaabb7cfc7eb50ba499bc0162de60b26aab44c3de45	8066	14	MAIN	/home/hphung/ce25_scratch2/Claude_DeepRL_Population_Models/scripts/calibrate_profiles.py
6c7d0fba96d2ddbf0d0b11497741067845a74b186f94f5aec462fd4e6c073410	2413	14	ECO_FROZEN	/home/hphung/ce25_scratch2/Claude_DeepRL_Population_Models/real_ecology_runs/ricker_only_plus_72_20260720/runtime_snapshot_routing_fix/scripts/slurm/launch_cumulative_controls_12h_after_probe.sh
6c7d0fba96d2ddbf0d0b11497741067845a74b186f94f5aec462fd4e6c073410	2413	14	GENERAL_FROZEN	/home/hphung/ce25_scratch2/general_rl_phase2_iso/real_ecology_runs/general_phase2e_full_sigma01_02_20260720_v1/code/scripts/slurm/launch_cumulative_controls_12h_after_probe.sh
6c7d0fba96d2ddbf0d0b11497741067845a74b186f94f5aec462fd4e6c073410	2413	14	MAIN	/home/hphung/ce25_scratch2/Claude_DeepRL_Population_Models/real_ecology_runs/adapted_32cell_diagnostic_pending/code/scripts/slurm/launch_cumulative_controls_12h_after_probe.sh
6c7d0fba96d2ddbf0d0b11497741067845a74b186f94f5aec462fd4e6c073410	2413	14	MAIN	/home/hphung/ce25_scratch2/Claude_DeepRL_Population_Models/real_ecology_runs/adapted_plus_moor_corrected_canary_20260717_v1/code/scripts/slurm/launch_cumulative_controls_12h_after_probe.sh
6c7d0fba96d2ddbf0d0b11497741067845a74b186f94f5aec462fd4e6c073410	2413	14	MAIN	/home/hphung/ce25_scratch2/Claude_DeepRL_Population_Models/real_ecology_runs/general_audit_20260712/code/scripts/slurm/launch_cumulative_controls_12h_after_probe.sh
6c7d0fba96d2ddbf0d0b11497741067845a74b186f94f5aec462fd4e6c073410	2413	14	MAIN	/home/hphung/ce25_scratch2/Claude_DeepRL_Population_Models/real_ecology_runs/hidden_rk_comparison_20260716/code/scripts/slurm/launch_cumulative_controls_12h_after_probe.sh
6c7d0fba96d2ddbf0d0b11497741067845a74b186f94f5aec462fd4e6c073410	2413	14	MAIN	/home/hphung/ce25_scratch2/Claude_DeepRL_Population_Models/real_ecology_runs/motivation_native_20260711/code/scripts/slurm/launch_cumulative_controls_12h_after_probe.sh
6c7d0fba96d2ddbf0d0b11497741067845a74b186f94f5aec462fd4e6c073410	2413	14	MAIN	/home/hphung/ce25_scratch2/Claude_DeepRL_Population_Models/real_ecology_runs/paper_faithful_one_cell_4000_20260717_v1/code/scripts/slurm/launch_cumulative_controls_12h_after_probe.sh
6c7d0fba96d2ddbf0d0b11497741067845a74b186f94f5aec462fd4e6c073410	2413	14	MAIN	/home/hphung/ce25_scratch2/Claude_DeepRL_Population_Models/real_ecology_runs/paper_faithful_smoke_20260717/code/scripts/slurm/launch_cumulative_controls_12h_after_probe.sh
6c7d0fba96d2ddbf0d0b11497741067845a74b186f94f5aec462fd4e6c073410	2413	14	MAIN	/home/hphung/ce25_scratch2/Claude_DeepRL_Population_Models/real_ecology_runs/paper_faithful_smoke_20260717_v2/code/scripts/slurm/launch_cumulative_controls_12h_after_probe.sh
6c7d0fba96d2ddbf0d0b11497741067845a74b186f94f5aec462fd4e6c073410	2413	14	MAIN	/home/hphung/ce25_scratch2/Claude_DeepRL_Population_Models/real_ecology_runs/paper_faithful_smoke_20260717_v3/code/scripts/slurm/launch_cumulative_controls_12h_after_probe.sh
6c7d0fba96d2ddbf0d0b11497741067845a74b186f94f5aec462fd4e6c073410	2413	14	MAIN	/home/hphung/ce25_scratch2/Claude_DeepRL_Population_Models/real_ecology_runs/paper_faithful_smoke_20260717_v4/code/scripts/slurm/launch_cumulative_controls_12h_after_probe.sh
6c7d0fba96d2ddbf0d0b11497741067845a74b186f94f5aec462fd4e6c073410	2413	14	MAIN	/home/hphung/ce25_scratch2/Claude_DeepRL_Population_Models/real_ecology_runs/ricker_only_plus_72_20260720/runtime_snapshot/scripts/slurm/launch_cumulative_controls_12h_after_probe.sh
6c7d0fba96d2ddbf0d0b11497741067845a74b186f94f5aec462fd4e6c073410	2413	14	MAIN	/home/hphung/ce25_scratch2/Claude_DeepRL_Population_Models/scripts/slurm/launch_cumulative_controls_12h_after_probe.sh
79f6d956808949db7c743d01881f5708ac1361a33d1f040eab28714b1f2d2bf1	1216	14	ECO_FROZEN	/home/hphung/ce25_scratch2/Claude_DeepRL_Population_Models/real_ecology_runs/ricker_only_plus_72_20260720/runtime_snapshot_routing_fix/configs/cumulative_controls_12h.yaml
79f6d956808949db7c743d01881f5708ac1361a33d1f040eab28714b1f2d2bf1	1216	14	GENERAL_FROZEN	/home/hphung/ce25_scratch2/general_rl_phase2_iso/real_ecology_runs/general_phase2e_full_sigma01_02_20260720_v1/code/configs/cumulative_controls_12h.yaml
79f6d956808949db7c743d01881f5708ac1361a33d1f040eab28714b1f2d2bf1	1216	14	MAIN	/home/hphung/ce25_scratch2/Claude_DeepRL_Population_Models/configs/cumulative_controls_12h.yaml
79f6d956808949db7c743d01881f5708ac1361a33d1f040eab28714b1f2d2bf1	1216	14	MAIN	/home/hphung/ce25_scratch2/Claude_DeepRL_Population_Models/real_ecology_runs/adapted_32cell_diagnostic_pending/code/configs/cumulative_controls_12h.yaml
79f6d956808949db7c743d01881f5708ac1361a33d1f040eab28714b1f2d2bf1	1216	14	MAIN	/home/hphung/ce25_scratch2/Claude_DeepRL_Population_Models/real_ecology_runs/adapted_plus_moor_corrected_canary_20260717_v1/code/configs/cumulative_controls_12h.yaml
79f6d956808949db7c743d01881f5708ac1361a33d1f040eab28714b1f2d2bf1	1216	14	MAIN	/home/hphung/ce25_scratch2/Claude_DeepRL_Population_Models/real_ecology_runs/general_audit_20260712/code/configs/cumulative_controls_12h.yaml
79f6d956808949db7c743d01881f5708ac1361a33d1f040eab28714b1f2d2bf1	1216	14	MAIN	/home/hphung/ce25_scratch2/Claude_DeepRL_Population_Models/real_ecology_runs/hidden_rk_comparison_20260716/code/configs/cumulative_controls_12h.yaml
79f6d956808949db7c743d01881f5708ac1361a33d1f040eab28714b1f2d2bf1	1216	14	MAIN	/home/hphung/ce25_scratch2/Claude_DeepRL_Population_Models/real_ecology_runs/motivation_native_20260711/code/configs/cumulative_controls_12h.yaml
79f6d956808949db7c743d01881f5708ac1361a33d1f040eab28714b1f2d2bf1	1216	14	MAIN	/home/hphung/ce25_scratch2/Claude_DeepRL_Population_Models/real_ecology_runs/paper_faithful_one_cell_4000_20260717_v1/code/configs/cumulative_controls_12h.yaml
79f6d956808949db7c743d01881f5708ac1361a33d1f040eab28714b1f2d2bf1	1216	14	MAIN	/home/hphung/ce25_scratch2/Claude_DeepRL_Population_Models/real_ecology_runs/paper_faithful_smoke_20260717/code/configs/cumulative_controls_12h.yaml
79f6d956808949db7c743d01881f5708ac1361a33d1f040eab28714b1f2d2bf1	1216	14	MAIN	/home/hphung/ce25_scratch2/Claude_DeepRL_Population_Models/real_ecology_runs/paper_faithful_smoke_20260717_v2/code/configs/cumulative_controls_12h.yaml
79f6d956808949db7c743d01881f5708ac1361a33d1f040eab28714b1f2d2bf1	1216	14	MAIN	/home/hphung/ce25_scratch2/Claude_DeepRL_Population_Models/real_ecology_runs/paper_faithful_smoke_20260717_v3/code/configs/cumulative_controls_12h.yaml
79f6d956808949db7c743d01881f5708ac1361a33d1f040eab28714b1f2d2bf1	1216	14	MAIN	/home/hphung/ce25_scratch2/Claude_DeepRL_Population_Models/real_ecology_runs/paper_faithful_smoke_20260717_v4/code/configs/cumulative_controls_12h.yaml
79f6d956808949db7c743d01881f5708ac1361a33d1f040eab28714b1f2d2bf1	1216	14	MAIN	/home/hphung/ce25_scratch2/Claude_DeepRL_Population_Models/real_ecology_runs/ricker_only_plus_72_20260720/runtime_snapshot/configs/cumulative_controls_12h.yaml
969f331ceaf7b3f649dc2bfccb067f70c9699dca7dd9e616e2d41508e591e40b	772	14	ECO_FROZEN	/home/hphung/ce25_scratch2/Claude_DeepRL_Population_Models/real_ecology_runs/ricker_only_plus_72_20260720/runtime_snapshot_routing_fix/configs/dummy_setpoint_default.yaml
969f331ceaf7b3f649dc2bfccb067f70c9699dca7dd9e616e2d41508e591e40b	772	14	GENERAL_FROZEN	/home/hphung/ce25_scratch2/general_rl_phase2_iso/real_ecology_runs/general_phase2e_full_sigma01_02_20260720_v1/code/configs/dummy_setpoint_default.yaml
969f331ceaf7b3f649dc2bfccb067f70c9699dca7dd9e616e2d41508e591e40b	772	14	MAIN	/home/hphung/ce25_scratch2/Claude_DeepRL_Population_Models/configs/dummy_setpoint_default.yaml
969f331ceaf7b3f649dc2bfccb067f70c9699dca7dd9e616e2d41508e591e40b	772	14	MAIN	/home/hphung/ce25_scratch2/Claude_DeepRL_Population_Models/real_ecology_runs/adapted_32cell_diagnostic_pending/code/configs/dummy_setpoint_default.yaml
969f331ceaf7b3f649dc2bfccb067f70c9699dca7dd9e616e2d41508e591e40b	772	14	MAIN	/home/hphung/ce25_scratch2/Claude_DeepRL_Population_Models/real_ecology_runs/adapted_plus_moor_corrected_canary_20260717_v1/code/configs/dummy_setpoint_default.yaml
969f331ceaf7b3f649dc2bfccb067f70c9699dca7dd9e616e2d41508e591e40b	772	14	MAIN	/home/hphung/ce25_scratch2/Claude_DeepRL_Population_Models/real_ecology_runs/general_audit_20260712/code/configs/dummy_setpoint_default.yaml
969f331ceaf7b3f649dc2bfccb067f70c9699dca7dd9e616e2d41508e591e40b	772	14	MAIN	/home/hphung/ce25_scratch2/Claude_DeepRL_Population_Models/real_ecology_runs/hidden_rk_comparison_20260716/code/configs/dummy_setpoint_default.yaml
969f331ceaf7b3f649dc2bfccb067f70c9699dca7dd9e616e2d41508e591e40b	772	14	MAIN	/home/hphung/ce25_scratch2/Claude_DeepRL_Population_Models/real_ecology_runs/motivation_native_20260711/code/configs/dummy_setpoint_default.yaml
969f331ceaf7b3f649dc2bfccb067f70c9699dca7dd9e616e2d41508e591e40b	772	14	MAIN	/home/hphung/ce25_scratch2/Claude_DeepRL_Population_Models/real_ecology_runs/paper_faithful_one_cell_4000_20260717_v1/code/configs/dummy_setpoint_default.yaml
969f331ceaf7b3f649dc2bfccb067f70c9699dca7dd9e616e2d41508e591e40b	772	14	MAIN	/home/hphung/ce25_scratch2/Claude_DeepRL_Population_Models/real_ecology_runs/paper_faithful_smoke_20260717/code/configs/dummy_setpoint_default.yaml
969f331ceaf7b3f649dc2bfccb067f70c9699dca7dd9e616e2d41508e591e40b	772	14	MAIN	/home/hphung/ce25_scratch2/Claude_DeepRL_Population_Models/real_ecology_runs/paper_faithful_smoke_20260717_v2/code/configs/dummy_setpoint_default.yaml
969f331ceaf7b3f649dc2bfccb067f70c9699dca7dd9e616e2d41508e591e40b	772	14	MAIN	/home/hphung/ce25_scratch2/Claude_DeepRL_Population_Models/real_ecology_runs/paper_faithful_smoke_20260717_v3/code/configs/dummy_setpoint_default.yaml
969f331ceaf7b3f649dc2bfccb067f70c9699dca7dd9e616e2d41508e591e40b	772	14	MAIN	/home/hphung/ce25_scratch2/Claude_DeepRL_Population_Models/real_ecology_runs/paper_faithful_smoke_20260717_v4/code/configs/dummy_setpoint_default.yaml
969f331ceaf7b3f649dc2bfccb067f70c9699dca7dd9e616e2d41508e591e40b	772	14	MAIN	/home/hphung/ce25_scratch2/Claude_DeepRL_Population_Models/real_ecology_runs/ricker_only_plus_72_20260720/runtime_snapshot/configs/dummy_setpoint_default.yaml
9f07d80d71fd5e249eb687b931d0db8ec595984e4877840248dbc9db0e3ca325	3648	14	ECO_FROZEN	/home/hphung/ce25_scratch2/Claude_DeepRL_Population_Models/real_ecology_runs/ricker_only_plus_72_20260720/runtime_snapshot_routing_fix/scripts/run_manifest_row.py
9f07d80d71fd5e249eb687b931d0db8ec595984e4877840248dbc9db0e3ca325	3648	14	GENERAL_FROZEN	/home/hphung/ce25_scratch2/general_rl_phase2_iso/real_ecology_runs/general_phase2e_full_sigma01_02_20260720_v1/code/scripts/run_manifest_row.py
9f07d80d71fd5e249eb687b931d0db8ec595984e4877840248dbc9db0e3ca325	3648	14	MAIN	/home/hphung/ce25_scratch2/Claude_DeepRL_Population_Models/real_ecology_runs/adapted_32cell_diagnostic_pending/code/scripts/run_manifest_row.py
9f07d80d71fd5e249eb687b931d0db8ec595984e4877840248dbc9db0e3ca325	3648	14	MAIN	/home/hphung/ce25_scratch2/Claude_DeepRL_Population_Models/real_ecology_runs/adapted_plus_moor_corrected_canary_20260717_v1/code/scripts/run_manifest_row.py
9f07d80d71fd5e249eb687b931d0db8ec595984e4877840248dbc9db0e3ca325	3648	14	MAIN	/home/hphung/ce25_scratch2/Claude_DeepRL_Population_Models/real_ecology_runs/general_audit_20260712/code/scripts/run_manifest_row.py
9f07d80d71fd5e249eb687b931d0db8ec595984e4877840248dbc9db0e3ca325	3648	14	MAIN	/home/hphung/ce25_scratch2/Claude_DeepRL_Population_Models/real_ecology_runs/hidden_rk_comparison_20260716/code/scripts/run_manifest_row.py
9f07d80d71fd5e249eb687b931d0db8ec595984e4877840248dbc9db0e3ca325	3648	14	MAIN	/home/hphung/ce25_scratch2/Claude_DeepRL_Population_Models/real_ecology_runs/motivation_native_20260711/code/scripts/run_manifest_row.py
9f07d80d71fd5e249eb687b931d0db8ec595984e4877840248dbc9db0e3ca325	3648	14	MAIN	/home/hphung/ce25_scratch2/Claude_DeepRL_Population_Models/real_ecology_runs/paper_faithful_one_cell_4000_20260717_v1/code/scripts/run_manifest_row.py
9f07d80d71fd5e249eb687b931d0db8ec595984e4877840248dbc9db0e3ca325	3648	14	MAIN	/home/hphung/ce25_scratch2/Claude_DeepRL_Population_Models/real_ecology_runs/paper_faithful_smoke_20260717/code/scripts/run_manifest_row.py
9f07d80d71fd5e249eb687b931d0db8ec595984e4877840248dbc9db0e3ca325	3648	14	MAIN	/home/hphung/ce25_scratch2/Claude_DeepRL_Population_Models/real_ecology_runs/paper_faithful_smoke_20260717_v2/code/scripts/run_manifest_row.py
9f07d80d71fd5e249eb687b931d0db8ec595984e4877840248dbc9db0e3ca325	3648	14	MAIN	/home/hphung/ce25_scratch2/Claude_DeepRL_Population_Models/real_ecology_runs/paper_faithful_smoke_20260717_v3/code/scripts/run_manifest_row.py
9f07d80d71fd5e249eb687b931d0db8ec595984e4877840248dbc9db0e3ca325	3648	14	MAIN	/home/hphung/ce25_scratch2/Claude_DeepRL_Population_Models/real_ecology_runs/paper_faithful_smoke_20260717_v4/code/scripts/run_manifest_row.py
9f07d80d71fd5e249eb687b931d0db8ec595984e4877840248dbc9db0e3ca325	3648	14	MAIN	/home/hphung/ce25_scratch2/Claude_DeepRL_Population_Models/real_ecology_runs/ricker_only_plus_72_20260720/runtime_snapshot/scripts/run_manifest_row.py
9f07d80d71fd5e249eb687b931d0db8ec595984e4877840248dbc9db0e3ca325	3648	14	MAIN	/home/hphung/ce25_scratch2/Claude_DeepRL_Population_Models/scripts/run_manifest_row.py
a1cf7d5a7885af52a2b291b080a99f152759af21ee23753a1dd62bc16c359e43	709	14	ECO_FROZEN	/home/hphung/ce25_scratch2/Claude_DeepRL_Population_Models/real_ecology_runs/ricker_only_plus_72_20260720/runtime_snapshot_routing_fix/scripts/slurm/submit_full.sh
a1cf7d5a7885af52a2b291b080a99f152759af21ee23753a1dd62bc16c359e43	709	14	GENERAL_FROZEN	/home/hphung/ce25_scratch2/general_rl_phase2_iso/real_ecology_runs/general_phase2e_full_sigma01_02_20260720_v1/code/scripts/slurm/submit_full.sh
a1cf7d5a7885af52a2b291b080a99f152759af21ee23753a1dd62bc16c359e43	709	14	MAIN	/home/hphung/ce25_scratch2/Claude_DeepRL_Population_Models/real_ecology_runs/adapted_32cell_diagnostic_pending/code/scripts/slurm/submit_full.sh
a1cf7d5a7885af52a2b291b080a99f152759af21ee23753a1dd62bc16c359e43	709	14	MAIN	/home/hphung/ce25_scratch2/Claude_DeepRL_Population_Models/real_ecology_runs/adapted_plus_moor_corrected_canary_20260717_v1/code/scripts/slurm/submit_full.sh
a1cf7d5a7885af52a2b291b080a99f152759af21ee23753a1dd62bc16c359e43	709	14	MAIN	/home/hphung/ce25_scratch2/Claude_DeepRL_Population_Models/real_ecology_runs/general_audit_20260712/code/scripts/slurm/submit_full.sh
a1cf7d5a7885af52a2b291b080a99f152759af21ee23753a1dd62bc16c359e43	709	14	MAIN	/home/hphung/ce25_scratch2/Claude_DeepRL_Population_Models/real_ecology_runs/hidden_rk_comparison_20260716/code/scripts/slurm/submit_full.sh
a1cf7d5a7885af52a2b291b080a99f152759af21ee23753a1dd62bc16c359e43	709	14	MAIN	/home/hphung/ce25_scratch2/Claude_DeepRL_Population_Models/real_ecology_runs/motivation_native_20260711/code/scripts/slurm/submit_full.sh
a1cf7d5a7885af52a2b291b080a99f152759af21ee23753a1dd62bc16c359e43	709	14	MAIN	/home/hphung/ce25_scratch2/Claude_DeepRL_Population_Models/real_ecology_runs/paper_faithful_one_cell_4000_20260717_v1/code/scripts/slurm/submit_full.sh
a1cf7d5a7885af52a2b291b080a99f152759af21ee23753a1dd62bc16c359e43	709	14	MAIN	/home/hphung/ce25_scratch2/Claude_DeepRL_Population_Models/real_ecology_runs/paper_faithful_smoke_20260717/code/scripts/slurm/submit_full.sh
a1cf7d5a7885af52a2b291b080a99f152759af21ee23753a1dd62bc16c359e43	709	14	MAIN	/home/hphung/ce25_scratch2/Claude_DeepRL_Population_Models/real_ecology_runs/paper_faithful_smoke_20260717_v2/code/scripts/slurm/submit_full.sh
a1cf7d5a7885af52a2b291b080a99f152759af21ee23753a1dd62bc16c359e43	709	14	MAIN	/home/hphung/ce25_scratch2/Claude_DeepRL_Population_Models/real_ecology_runs/paper_faithful_smoke_20260717_v3/code/scripts/slurm/submit_full.sh
a1cf7d5a7885af52a2b291b080a99f152759af21ee23753a1dd62bc16c359e43	709	14	MAIN	/home/hphung/ce25_scratch2/Claude_DeepRL_Population_Models/real_ecology_runs/paper_faithful_smoke_20260717_v4/code/scripts/slurm/submit_full.sh
a1cf7d5a7885af52a2b291b080a99f152759af21ee23753a1dd62bc16c359e43	709	14	MAIN	/home/hphung/ce25_scratch2/Claude_DeepRL_Population_Models/real_ecology_runs/ricker_only_plus_72_20260720/runtime_snapshot/scripts/slurm/submit_full.sh
a1cf7d5a7885af52a2b291b080a99f152759af21ee23753a1dd62bc16c359e43	709	14	MAIN	/home/hphung/ce25_scratch2/Claude_DeepRL_Population_Models/scripts/slurm/submit_full.sh
a3be1ef7b23717b60761c784c24bd16348c24a7539218d92b358e876bfc2b895	1019	14	ECO_FROZEN	/home/hphung/ce25_scratch2/Claude_DeepRL_Population_Models/real_ecology_runs/ricker_only_plus_72_20260720/runtime_snapshot_routing_fix/scripts/slurm/run_cumulative_controls_12h_gates.sh
a3be1ef7b23717b60761c784c24bd16348c24a7539218d92b358e876bfc2b895	1019	14	GENERAL_FROZEN	/home/hphung/ce25_scratch2/general_rl_phase2_iso/real_ecology_runs/general_phase2e_full_sigma01_02_20260720_v1/code/scripts/slurm/run_cumulative_controls_12h_gates.sh
a3be1ef7b23717b60761c784c24bd16348c24a7539218d92b358e876bfc2b895	1019	14	MAIN	/home/hphung/ce25_scratch2/Claude_DeepRL_Population_Models/real_ecology_runs/adapted_32cell_diagnostic_pending/code/scripts/slurm/run_cumulative_controls_12h_gates.sh
a3be1ef7b23717b60761c784c24bd16348c24a7539218d92b358e876bfc2b895	1019	14	MAIN	/home/hphung/ce25_scratch2/Claude_DeepRL_Population_Models/real_ecology_runs/adapted_plus_moor_corrected_canary_20260717_v1/code/scripts/slurm/run_cumulative_controls_12h_gates.sh
a3be1ef7b23717b60761c784c24bd16348c24a7539218d92b358e876bfc2b895	1019	14	MAIN	/home/hphung/ce25_scratch2/Claude_DeepRL_Population_Models/real_ecology_runs/general_audit_20260712/code/scripts/slurm/run_cumulative_controls_12h_gates.sh
a3be1ef7b23717b60761c784c24bd16348c24a7539218d92b358e876bfc2b895	1019	14	MAIN	/home/hphung/ce25_scratch2/Claude_DeepRL_Population_Models/real_ecology_runs/hidden_rk_comparison_20260716/code/scripts/slurm/run_cumulative_controls_12h_gates.sh
a3be1ef7b23717b60761c784c24bd16348c24a7539218d92b358e876bfc2b895	1019	14	MAIN	/home/hphung/ce25_scratch2/Claude_DeepRL_Population_Models/real_ecology_runs/motivation_native_20260711/code/scripts/slurm/run_cumulative_controls_12h_gates.sh
a3be1ef7b23717b60761c784c24bd16348c24a7539218d92b358e876bfc2b895	1019	14	MAIN	/home/hphung/ce25_scratch2/Claude_DeepRL_Population_Models/real_ecology_runs/paper_faithful_one_cell_4000_20260717_v1/code/scripts/slurm/run_cumulative_controls_12h_gates.sh
a3be1ef7b23717b60761c784c24bd16348c24a7539218d92b358e876bfc2b895	1019	14	MAIN	/home/hphung/ce25_scratch2/Claude_DeepRL_Population_Models/real_ecology_runs/paper_faithful_smoke_20260717/code/scripts/slurm/run_cumulative_controls_12h_gates.sh
a3be1ef7b23717b60761c784c24bd16348c24a7539218d92b358e876bfc2b895	1019	14	MAIN	/home/hphung/ce25_scratch2/Claude_DeepRL_Population_Models/real_ecology_runs/paper_faithful_smoke_20260717_v2/code/scripts/slurm/run_cumulative_controls_12h_gates.sh
a3be1ef7b23717b60761c784c24bd16348c24a7539218d92b358e876bfc2b895	1019	14	MAIN	/home/hphung/ce25_scratch2/Claude_DeepRL_Population_Models/real_ecology_runs/paper_faithful_smoke_20260717_v3/code/scripts/slurm/run_cumulative_controls_12h_gates.sh
a3be1ef7b23717b60761c784c24bd16348c24a7539218d92b358e876bfc2b895	1019	14	MAIN	/home/hphung/ce25_scratch2/Claude_DeepRL_Population_Models/real_ecology_runs/paper_faithful_smoke_20260717_v4/code/scripts/slurm/run_cumulative_controls_12h_gates.sh
a3be1ef7b23717b60761c784c24bd16348c24a7539218d92b358e876bfc2b895	1019	14	MAIN	/home/hphung/ce25_scratch2/Claude_DeepRL_Population_Models/real_ecology_runs/ricker_only_plus_72_20260720/runtime_snapshot/scripts/slurm/run_cumulative_controls_12h_gates.sh
a3be1ef7b23717b60761c784c24bd16348c24a7539218d92b358e876bfc2b895	1019	14	MAIN	/home/hphung/ce25_scratch2/Claude_DeepRL_Population_Models/scripts/slurm/run_cumulative_controls_12h_gates.sh
afbb0bf9f576d23c12b2e4d3408b3e51a041b353b15dece622447e6e06d8a343	824	14	ECO_FROZEN	/home/hphung/ce25_scratch2/Claude_DeepRL_Population_Models/real_ecology_runs/ricker_only_plus_72_20260720/runtime_snapshot_routing_fix/scripts/slurm/run_manifest_row.sh
afbb0bf9f576d23c12b2e4d3408b3e51a041b353b15dece622447e6e06d8a343	824	14	GENERAL_FROZEN	/home/hphung/ce25_scratch2/general_rl_phase2_iso/real_ecology_runs/general_phase2e_full_sigma01_02_20260720_v1/code/scripts/slurm/run_manifest_row.sh
afbb0bf9f576d23c12b2e4d3408b3e51a041b353b15dece622447e6e06d8a343	824	14	MAIN	/home/hphung/ce25_scratch2/Claude_DeepRL_Population_Models/real_ecology_runs/adapted_32cell_diagnostic_pending/code/scripts/slurm/run_manifest_row.sh
afbb0bf9f576d23c12b2e4d3408b3e51a041b353b15dece622447e6e06d8a343	824	14	MAIN	/home/hphung/ce25_scratch2/Claude_DeepRL_Population_Models/real_ecology_runs/adapted_plus_moor_corrected_canary_20260717_v1/code/scripts/slurm/run_manifest_row.sh
afbb0bf9f576d23c12b2e4d3408b3e51a041b353b15dece622447e6e06d8a343	824	14	MAIN	/home/hphung/ce25_scratch2/Claude_DeepRL_Population_Models/real_ecology_runs/general_audit_20260712/code/scripts/slurm/run_manifest_row.sh
afbb0bf9f576d23c12b2e4d3408b3e51a041b353b15dece622447e6e06d8a343	824	14	MAIN	/home/hphung/ce25_scratch2/Claude_DeepRL_Population_Models/real_ecology_runs/hidden_rk_comparison_20260716/code/scripts/slurm/run_manifest_row.sh
afbb0bf9f576d23c12b2e4d3408b3e51a041b353b15dece622447e6e06d8a343	824	14	MAIN	/home/hphung/ce25_scratch2/Claude_DeepRL_Population_Models/real_ecology_runs/motivation_native_20260711/code/scripts/slurm/run_manifest_row.sh
afbb0bf9f576d23c12b2e4d3408b3e51a041b353b15dece622447e6e06d8a343	824	14	MAIN	/home/hphung/ce25_scratch2/Claude_DeepRL_Population_Models/real_ecology_runs/paper_faithful_one_cell_4000_20260717_v1/code/scripts/slurm/run_manifest_row.sh
afbb0bf9f576d23c12b2e4d3408b3e51a041b353b15dece622447e6e06d8a343	824	14	MAIN	/home/hphung/ce25_scratch2/Claude_DeepRL_Population_Models/real_ecology_runs/paper_faithful_smoke_20260717/code/scripts/slurm/run_manifest_row.sh
afbb0bf9f576d23c12b2e4d3408b3e51a041b353b15dece622447e6e06d8a343	824	14	MAIN	/home/hphung/ce25_scratch2/Claude_DeepRL_Population_Models/real_ecology_runs/paper_faithful_smoke_20260717_v2/code/scripts/slurm/run_manifest_row.sh
afbb0bf9f576d23c12b2e4d3408b3e51a041b353b15dece622447e6e06d8a343	824	14	MAIN	/home/hphung/ce25_scratch2/Claude_DeepRL_Population_Models/real_ecology_runs/paper_faithful_smoke_20260717_v3/code/scripts/slurm/run_manifest_row.sh
afbb0bf9f576d23c12b2e4d3408b3e51a041b353b15dece622447e6e06d8a343	824	14	MAIN	/home/hphung/ce25_scratch2/Claude_DeepRL_Population_Models/real_ecology_runs/paper_faithful_smoke_20260717_v4/code/scripts/slurm/run_manifest_row.sh
afbb0bf9f576d23c12b2e4d3408b3e51a041b353b15dece622447e6e06d8a343	824	14	MAIN	/home/hphung/ce25_scratch2/Claude_DeepRL_Population_Models/real_ecology_runs/ricker_only_plus_72_20260720/runtime_snapshot/scripts/slurm/run_manifest_row.sh
afbb0bf9f576d23c12b2e4d3408b3e51a041b353b15dece622447e6e06d8a343	824	14	MAIN	/home/hphung/ce25_scratch2/Claude_DeepRL_Population_Models/scripts/slurm/run_manifest_row.sh
b591e63937a3eefe5570de5adf2d479b83b3783e5e83dde864eecbbeaee9a673	8799	14	ECO_FROZEN	/home/hphung/ce25_scratch2/Claude_DeepRL_Population_Models/real_ecology_runs/ricker_only_plus_72_20260720/runtime_snapshot_routing_fix/src/real_ecology_benchmark/actions.py
b591e63937a3eefe5570de5adf2d479b83b3783e5e83dde864eecbbeaee9a673	8799	14	GENERAL_FROZEN	/home/hphung/ce25_scratch2/general_rl_phase2_iso/real_ecology_runs/general_phase2e_full_sigma01_02_20260720_v1/code/src/real_ecology_benchmark/actions.py
b591e63937a3eefe5570de5adf2d479b83b3783e5e83dde864eecbbeaee9a673	8799	14	MAIN	/home/hphung/ce25_scratch2/Claude_DeepRL_Population_Models/real_ecology_runs/adapted_32cell_diagnostic_pending/code/src/real_ecology_benchmark/actions.py
b591e63937a3eefe5570de5adf2d479b83b3783e5e83dde864eecbbeaee9a673	8799	14	MAIN	/home/hphung/ce25_scratch2/Claude_DeepRL_Population_Models/real_ecology_runs/adapted_plus_moor_corrected_canary_20260717_v1/code/src/real_ecology_benchmark/actions.py
b591e63937a3eefe5570de5adf2d479b83b3783e5e83dde864eecbbeaee9a673	8799	14	MAIN	/home/hphung/ce25_scratch2/Claude_DeepRL_Population_Models/real_ecology_runs/general_audit_20260712/code/src/real_ecology_benchmark/actions.py
b591e63937a3eefe5570de5adf2d479b83b3783e5e83dde864eecbbeaee9a673	8799	14	MAIN	/home/hphung/ce25_scratch2/Claude_DeepRL_Population_Models/real_ecology_runs/hidden_rk_comparison_20260716/code/src/real_ecology_benchmark/actions.py
b591e63937a3eefe5570de5adf2d479b83b3783e5e83dde864eecbbeaee9a673	8799	14	MAIN	/home/hphung/ce25_scratch2/Claude_DeepRL_Population_Models/real_ecology_runs/motivation_native_20260711/code/src/real_ecology_benchmark/actions.py
b591e63937a3eefe5570de5adf2d479b83b3783e5e83dde864eecbbeaee9a673	8799	14	MAIN	/home/hphung/ce25_scratch2/Claude_DeepRL_Population_Models/real_ecology_runs/paper_faithful_one_cell_4000_20260717_v1/code/src/real_ecology_benchmark/actions.py
b591e63937a3eefe5570de5adf2d479b83b3783e5e83dde864eecbbeaee9a673	8799	14	MAIN	/home/hphung/ce25_scratch2/Claude_DeepRL_Population_Models/real_ecology_runs/paper_faithful_smoke_20260717/code/src/real_ecology_benchmark/actions.py
b591e63937a3eefe5570de5adf2d479b83b3783e5e83dde864eecbbeaee9a673	8799	14	MAIN	/home/hphung/ce25_scratch2/Claude_DeepRL_Population_Models/real_ecology_runs/paper_faithful_smoke_20260717_v2/code/src/real_ecology_benchmark/actions.py
b591e63937a3eefe5570de5adf2d479b83b3783e5e83dde864eecbbeaee9a673	8799	14	MAIN	/home/hphung/ce25_scratch2/Claude_DeepRL_Population_Models/real_ecology_runs/paper_faithful_smoke_20260717_v3/code/src/real_ecology_benchmark/actions.py
b591e63937a3eefe5570de5adf2d479b83b3783e5e83dde864eecbbeaee9a673	8799	14	MAIN	/home/hphung/ce25_scratch2/Claude_DeepRL_Population_Models/real_ecology_runs/paper_faithful_smoke_20260717_v4/code/src/real_ecology_benchmark/actions.py
b591e63937a3eefe5570de5adf2d479b83b3783e5e83dde864eecbbeaee9a673	8799	14	MAIN	/home/hphung/ce25_scratch2/Claude_DeepRL_Population_Models/real_ecology_runs/ricker_only_plus_72_20260720/runtime_snapshot/src/real_ecology_benchmark/actions.py
b591e63937a3eefe5570de5adf2d479b83b3783e5e83dde864eecbbeaee9a673	8799	14	MAIN	/home/hphung/ce25_scratch2/Claude_DeepRL_Population_Models/src/real_ecology_benchmark/actions.py
b8a42d7ef766c6cbc309d9188af9ac5cbccfb989624c80647d4308719e7873f2	7748	14	ECO_FROZEN	/home/hphung/ce25_scratch2/Claude_DeepRL_Population_Models/real_ecology_runs/ricker_only_plus_72_20260720/runtime_snapshot_routing_fix/src/real_ecology_benchmark/backend.py
b8a42d7ef766c6cbc309d9188af9ac5cbccfb989624c80647d4308719e7873f2	7748	14	GENERAL_FROZEN	/home/hphung/ce25_scratch2/general_rl_phase2_iso/real_ecology_runs/general_phase2e_full_sigma01_02_20260720_v1/code/src/real_ecology_benchmark/backend.py
b8a42d7ef766c6cbc309d9188af9ac5cbccfb989624c80647d4308719e7873f2	7748	14	MAIN	/home/hphung/ce25_scratch2/Claude_DeepRL_Population_Models/real_ecology_runs/adapted_32cell_diagnostic_pending/code/src/real_ecology_benchmark/backend.py
b8a42d7ef766c6cbc309d9188af9ac5cbccfb989624c80647d4308719e7873f2	7748	14	MAIN	/home/hphung/ce25_scratch2/Claude_DeepRL_Population_Models/real_ecology_runs/adapted_plus_moor_corrected_canary_20260717_v1/code/src/real_ecology_benchmark/backend.py
b8a42d7ef766c6cbc309d9188af9ac5cbccfb989624c80647d4308719e7873f2	7748	14	MAIN	/home/hphung/ce25_scratch2/Claude_DeepRL_Population_Models/real_ecology_runs/general_audit_20260712/code/src/real_ecology_benchmark/backend.py
b8a42d7ef766c6cbc309d9188af9ac5cbccfb989624c80647d4308719e7873f2	7748	14	MAIN	/home/hphung/ce25_scratch2/Claude_DeepRL_Population_Models/real_ecology_runs/hidden_rk_comparison_20260716/code/src/real_ecology_benchmark/backend.py
b8a42d7ef766c6cbc309d9188af9ac5cbccfb989624c80647d4308719e7873f2	7748	14	MAIN	/home/hphung/ce25_scratch2/Claude_DeepRL_Population_Models/real_ecology_runs/motivation_native_20260711/code/src/real_ecology_benchmark/backend.py
b8a42d7ef766c6cbc309d9188af9ac5cbccfb989624c80647d4308719e7873f2	7748	14	MAIN	/home/hphung/ce25_scratch2/Claude_DeepRL_Population_Models/real_ecology_runs/paper_faithful_one_cell_4000_20260717_v1/code/src/real_ecology_benchmark/backend.py
b8a42d7ef766c6cbc309d9188af9ac5cbccfb989624c80647d4308719e7873f2	7748	14	MAIN	/home/hphung/ce25_scratch2/Claude_DeepRL_Population_Models/real_ecology_runs/paper_faithful_smoke_20260717/code/src/real_ecology_benchmark/backend.py
b8a42d7ef766c6cbc309d9188af9ac5cbccfb989624c80647d4308719e7873f2	7748	14	MAIN	/home/hphung/ce25_scratch2/Claude_DeepRL_Population_Models/real_ecology_runs/paper_faithful_smoke_20260717_v2/code/src/real_ecology_benchmark/backend.py
b8a42d7ef766c6cbc309d9188af9ac5cbccfb989624c80647d4308719e7873f2	7748	14	MAIN	/home/hphung/ce25_scratch2/Claude_DeepRL_Population_Models/real_ecology_runs/paper_faithful_smoke_20260717_v3/code/src/real_ecology_benchmark/backend.py
b8a42d7ef766c6cbc309d9188af9ac5cbccfb989624c80647d4308719e7873f2	7748	14	MAIN	/home/hphung/ce25_scratch2/Claude_DeepRL_Population_Models/real_ecology_runs/paper_faithful_smoke_20260717_v4/code/src/real_ecology_benchmark/backend.py
b8a42d7ef766c6cbc309d9188af9ac5cbccfb989624c80647d4308719e7873f2	7748	14	MAIN	/home/hphung/ce25_scratch2/Claude_DeepRL_Population_Models/real_ecology_runs/ricker_only_plus_72_20260720/runtime_snapshot/src/real_ecology_benchmark/backend.py
b8a42d7ef766c6cbc309d9188af9ac5cbccfb989624c80647d4308719e7873f2	7748	14	MAIN	/home/hphung/ce25_scratch2/Claude_DeepRL_Population_Models/src/real_ecology_benchmark/backend.py
d17aa18a841745c1d60585bea8431c15ad6122077c51118c4100aacf3d1e593a	610	14	ECO_FROZEN	/home/hphung/ce25_scratch2/Claude_DeepRL_Population_Models/real_ecology_runs/ricker_only_plus_72_20260720/runtime_snapshot_routing_fix/scripts/slurm/capture_trajectories.sh
d17aa18a841745c1d60585bea8431c15ad6122077c51118c4100aacf3d1e593a	610	14	GENERAL_FROZEN	/home/hphung/ce25_scratch2/general_rl_phase2_iso/real_ecology_runs/general_phase2e_full_sigma01_02_20260720_v1/code/scripts/slurm/capture_trajectories.sh
d17aa18a841745c1d60585bea8431c15ad6122077c51118c4100aacf3d1e593a	610	14	MAIN	/home/hphung/ce25_scratch2/Claude_DeepRL_Population_Models/real_ecology_runs/adapted_32cell_diagnostic_pending/code/scripts/slurm/capture_trajectories.sh
d17aa18a841745c1d60585bea8431c15ad6122077c51118c4100aacf3d1e593a	610	14	MAIN	/home/hphung/ce25_scratch2/Claude_DeepRL_Population_Models/real_ecology_runs/adapted_plus_moor_corrected_canary_20260717_v1/code/scripts/slurm/capture_trajectories.sh
d17aa18a841745c1d60585bea8431c15ad6122077c51118c4100aacf3d1e593a	610	14	MAIN	/home/hphung/ce25_scratch2/Claude_DeepRL_Population_Models/real_ecology_runs/general_audit_20260712/code/scripts/slurm/capture_trajectories.sh
d17aa18a841745c1d60585bea8431c15ad6122077c51118c4100aacf3d1e593a	610	14	MAIN	/home/hphung/ce25_scratch2/Claude_DeepRL_Population_Models/real_ecology_runs/hidden_rk_comparison_20260716/code/scripts/slurm/capture_trajectories.sh
d17aa18a841745c1d60585bea8431c15ad6122077c51118c4100aacf3d1e593a	610	14	MAIN	/home/hphung/ce25_scratch2/Claude_DeepRL_Population_Models/real_ecology_runs/motivation_native_20260711/code/scripts/slurm/capture_trajectories.sh
d17aa18a841745c1d60585bea8431c15ad6122077c51118c4100aacf3d1e593a	610	14	MAIN	/home/hphung/ce25_scratch2/Claude_DeepRL_Population_Models/real_ecology_runs/paper_faithful_one_cell_4000_20260717_v1/code/scripts/slurm/capture_trajectories.sh
d17aa18a841745c1d60585bea8431c15ad6122077c51118c4100aacf3d1e593a	610	14	MAIN	/home/hphung/ce25_scratch2/Claude_DeepRL_Population_Models/real_ecology_runs/paper_faithful_smoke_20260717/code/scripts/slurm/capture_trajectories.sh
d17aa18a841745c1d60585bea8431c15ad6122077c51118c4100aacf3d1e593a	610	14	MAIN	/home/hphung/ce25_scratch2/Claude_DeepRL_Population_Models/real_ecology_runs/paper_faithful_smoke_20260717_v2/code/scripts/slurm/capture_trajectories.sh
d17aa18a841745c1d60585bea8431c15ad6122077c51118c4100aacf3d1e593a	610	14	MAIN	/home/hphung/ce25_scratch2/Claude_DeepRL_Population_Models/real_ecology_runs/paper_faithful_smoke_20260717_v3/code/scripts/slurm/capture_trajectories.sh
d17aa18a841745c1d60585bea8431c15ad6122077c51118c4100aacf3d1e593a	610	14	MAIN	/home/hphung/ce25_scratch2/Claude_DeepRL_Population_Models/real_ecology_runs/paper_faithful_smoke_20260717_v4/code/scripts/slurm/capture_trajectories.sh
d17aa18a841745c1d60585bea8431c15ad6122077c51118c4100aacf3d1e593a	610	14	MAIN	/home/hphung/ce25_scratch2/Claude_DeepRL_Population_Models/real_ecology_runs/ricker_only_plus_72_20260720/runtime_snapshot/scripts/slurm/capture_trajectories.sh
d17aa18a841745c1d60585bea8431c15ad6122077c51118c4100aacf3d1e593a	610	14	MAIN	/home/hphung/ce25_scratch2/Claude_DeepRL_Population_Models/scripts/slurm/capture_trajectories.sh
dd1b7e0709b5538b4a20306f211cbbe3a702a06b81446354b36bd11439bbd449	668	14	ECO_FROZEN	/home/hphung/ce25_scratch2/Claude_DeepRL_Population_Models/real_ecology_runs/ricker_only_plus_72_20260720/runtime_snapshot_routing_fix/scripts/slurm/run_gate_matrix.sh
dd1b7e0709b5538b4a20306f211cbbe3a702a06b81446354b36bd11439bbd449	668	14	GENERAL_FROZEN	/home/hphung/ce25_scratch2/general_rl_phase2_iso/real_ecology_runs/general_phase2e_full_sigma01_02_20260720_v1/code/scripts/slurm/run_gate_matrix.sh
dd1b7e0709b5538b4a20306f211cbbe3a702a06b81446354b36bd11439bbd449	668	14	MAIN	/home/hphung/ce25_scratch2/Claude_DeepRL_Population_Models/real_ecology_runs/adapted_32cell_diagnostic_pending/code/scripts/slurm/run_gate_matrix.sh
dd1b7e0709b5538b4a20306f211cbbe3a702a06b81446354b36bd11439bbd449	668	14	MAIN	/home/hphung/ce25_scratch2/Claude_DeepRL_Population_Models/real_ecology_runs/adapted_plus_moor_corrected_canary_20260717_v1/code/scripts/slurm/run_gate_matrix.sh
dd1b7e0709b5538b4a20306f211cbbe3a702a06b81446354b36bd11439bbd449	668	14	MAIN	/home/hphung/ce25_scratch2/Claude_DeepRL_Population_Models/real_ecology_runs/general_audit_20260712/code/scripts/slurm/run_gate_matrix.sh
dd1b7e0709b5538b4a20306f211cbbe3a702a06b81446354b36bd11439bbd449	668	14	MAIN	/home/hphung/ce25_scratch2/Claude_DeepRL_Population_Models/real_ecology_runs/hidden_rk_comparison_20260716/code/scripts/slurm/run_gate_matrix.sh
dd1b7e0709b5538b4a20306f211cbbe3a702a06b81446354b36bd11439bbd449	668	14	MAIN	/home/hphung/ce25_scratch2/Claude_DeepRL_Population_Models/real_ecology_runs/motivation_native_20260711/code/scripts/slurm/run_gate_matrix.sh
dd1b7e0709b5538b4a20306f211cbbe3a702a06b81446354b36bd11439bbd449	668	14	MAIN	/home/hphung/ce25_scratch2/Claude_DeepRL_Population_Models/real_ecology_runs/paper_faithful_one_cell_4000_20260717_v1/code/scripts/slurm/run_gate_matrix.sh
dd1b7e0709b5538b4a20306f211cbbe3a702a06b81446354b36bd11439bbd449	668	14	MAIN	/home/hphung/ce25_scratch2/Claude_DeepRL_Population_Models/real_ecology_runs/paper_faithful_smoke_20260717/code/scripts/slurm/run_gate_matrix.sh
dd1b7e0709b5538b4a20306f211cbbe3a702a06b81446354b36bd11439bbd449	668	14	MAIN	/home/hphung/ce25_scratch2/Claude_DeepRL_Population_Models/real_ecology_runs/paper_faithful_smoke_20260717_v2/code/scripts/slurm/run_gate_matrix.sh
dd1b7e0709b5538b4a20306f211cbbe3a702a06b81446354b36bd11439bbd449	668	14	MAIN	/home/hphung/ce25_scratch2/Claude_DeepRL_Population_Models/real_ecology_runs/paper_faithful_smoke_20260717_v3/code/scripts/slurm/run_gate_matrix.sh
dd1b7e0709b5538b4a20306f211cbbe3a702a06b81446354b36bd11439bbd449	668	14	MAIN	/home/hphung/ce25_scratch2/Claude_DeepRL_Population_Models/real_ecology_runs/paper_faithful_smoke_20260717_v4/code/scripts/slurm/run_gate_matrix.sh
dd1b7e0709b5538b4a20306f211cbbe3a702a06b81446354b36bd11439bbd449	668	14	MAIN	/home/hphung/ce25_scratch2/Claude_DeepRL_Population_Models/real_ecology_runs/ricker_only_plus_72_20260720/runtime_snapshot/scripts/slurm/run_gate_matrix.sh
dd1b7e0709b5538b4a20306f211cbbe3a702a06b81446354b36bd11439bbd449	668	14	MAIN	/home/hphung/ce25_scratch2/Claude_DeepRL_Population_Models/scripts/slurm/run_gate_matrix.sh
e0bae60c71c2f32829814e307cd87a3e5c2ccd58a93b3371748e39894572ba46	1191	14	ECO_FROZEN	/home/hphung/ce25_scratch2/Claude_DeepRL_Population_Models/real_ecology_runs/ricker_only_plus_72_20260720/runtime_snapshot_routing_fix/scripts/slurm/run_cumulative_controls_12h_gate_row.sh
e0bae60c71c2f32829814e307cd87a3e5c2ccd58a93b3371748e39894572ba46	1191	14	GENERAL_FROZEN	/home/hphung/ce25_scratch2/general_rl_phase2_iso/real_ecology_runs/general_phase2e_full_sigma01_02_20260720_v1/code/scripts/slurm/run_cumulative_controls_12h_gate_row.sh
e0bae60c71c2f32829814e307cd87a3e5c2ccd58a93b3371748e39894572ba46	1191	14	MAIN	/home/hphung/ce25_scratch2/Claude_DeepRL_Population_Models/real_ecology_runs/adapted_32cell_diagnostic_pending/code/scripts/slurm/run_cumulative_controls_12h_gate_row.sh
e0bae60c71c2f32829814e307cd87a3e5c2ccd58a93b3371748e39894572ba46	1191	14	MAIN	/home/hphung/ce25_scratch2/Claude_DeepRL_Population_Models/real_ecology_runs/adapted_plus_moor_corrected_canary_20260717_v1/code/scripts/slurm/run_cumulative_controls_12h_gate_row.sh
e0bae60c71c2f32829814e307cd87a3e5c2ccd58a93b3371748e39894572ba46	1191	14	MAIN	/home/hphung/ce25_scratch2/Claude_DeepRL_Population_Models/real_ecology_runs/general_audit_20260712/code/scripts/slurm/run_cumulative_controls_12h_gate_row.sh
e0bae60c71c2f32829814e307cd87a3e5c2ccd58a93b3371748e39894572ba46	1191	14	MAIN	/home/hphung/ce25_scratch2/Claude_DeepRL_Population_Models/real_ecology_runs/hidden_rk_comparison_20260716/code/scripts/slurm/run_cumulative_controls_12h_gate_row.sh
e0bae60c71c2f32829814e307cd87a3e5c2ccd58a93b3371748e39894572ba46	1191	14	MAIN	/home/hphung/ce25_scratch2/Claude_DeepRL_Population_Models/real_ecology_runs/motivation_native_20260711/code/scripts/slurm/run_cumulative_controls_12h_gate_row.sh
e0bae60c71c2f32829814e307cd87a3e5c2ccd58a93b3371748e39894572ba46	1191	14	MAIN	/home/hphung/ce25_scratch2/Claude_DeepRL_Population_Models/real_ecology_runs/paper_faithful_one_cell_4000_20260717_v1/code/scripts/slurm/run_cumulative_controls_12h_gate_row.sh
e0bae60c71c2f32829814e307cd87a3e5c2ccd58a93b3371748e39894572ba46	1191	14	MAIN	/home/hphung/ce25_scratch2/Claude_DeepRL_Population_Models/real_ecology_runs/paper_faithful_smoke_20260717/code/scripts/slurm/run_cumulative_controls_12h_gate_row.sh
e0bae60c71c2f32829814e307cd87a3e5c2ccd58a93b3371748e39894572ba46	1191	14	MAIN	/home/hphung/ce25_scratch2/Claude_DeepRL_Population_Models/real_ecology_runs/paper_faithful_smoke_20260717_v2/code/scripts/slurm/run_cumulative_controls_12h_gate_row.sh
e0bae60c71c2f32829814e307cd87a3e5c2ccd58a93b3371748e39894572ba46	1191	14	MAIN	/home/hphung/ce25_scratch2/Claude_DeepRL_Population_Models/real_ecology_runs/paper_faithful_smoke_20260717_v3/code/scripts/slurm/run_cumulative_controls_12h_gate_row.sh
e0bae60c71c2f32829814e307cd87a3e5c2ccd58a93b3371748e39894572ba46	1191	14	MAIN	/home/hphung/ce25_scratch2/Claude_DeepRL_Population_Models/real_ecology_runs/paper_faithful_smoke_20260717_v4/code/scripts/slurm/run_cumulative_controls_12h_gate_row.sh
e0bae60c71c2f32829814e307cd87a3e5c2ccd58a93b3371748e39894572ba46	1191	14	MAIN	/home/hphung/ce25_scratch2/Claude_DeepRL_Population_Models/real_ecology_runs/ricker_only_plus_72_20260720/runtime_snapshot/scripts/slurm/run_cumulative_controls_12h_gate_row.sh
e0bae60c71c2f32829814e307cd87a3e5c2ccd58a93b3371748e39894572ba46	1191	14	MAIN	/home/hphung/ce25_scratch2/Claude_DeepRL_Population_Models/scripts/slurm/run_cumulative_controls_12h_gate_row.sh
e3ffedbf037d5c0977c4c042767586d53c8779ba98c6a234b7ab9fd0ae4b3978	929	14	ECO_FROZEN	/home/hphung/ce25_scratch2/Claude_DeepRL_Population_Models/real_ecology_runs/ricker_only_plus_72_20260720/runtime_snapshot_routing_fix/scripts/slurm/run_cumulative_controls_12h_row.sh
e3ffedbf037d5c0977c4c042767586d53c8779ba98c6a234b7ab9fd0ae4b3978	929	14	GENERAL_FROZEN	/home/hphung/ce25_scratch2/general_rl_phase2_iso/real_ecology_runs/general_phase2e_full_sigma01_02_20260720_v1/code/scripts/slurm/run_cumulative_controls_12h_row.sh
e3ffedbf037d5c0977c4c042767586d53c8779ba98c6a234b7ab9fd0ae4b3978	929	14	MAIN	/home/hphung/ce25_scratch2/Claude_DeepRL_Population_Models/real_ecology_runs/adapted_32cell_diagnostic_pending/code/scripts/slurm/run_cumulative_controls_12h_row.sh
e3ffedbf037d5c0977c4c042767586d53c8779ba98c6a234b7ab9fd0ae4b3978	929	14	MAIN	/home/hphung/ce25_scratch2/Claude_DeepRL_Population_Models/real_ecology_runs/adapted_plus_moor_corrected_canary_20260717_v1/code/scripts/slurm/run_cumulative_controls_12h_row.sh
e3ffedbf037d5c0977c4c042767586d53c8779ba98c6a234b7ab9fd0ae4b3978	929	14	MAIN	/home/hphung/ce25_scratch2/Claude_DeepRL_Population_Models/real_ecology_runs/general_audit_20260712/code/scripts/slurm/run_cumulative_controls_12h_row.sh
e3ffedbf037d5c0977c4c042767586d53c8779ba98c6a234b7ab9fd0ae4b3978	929	14	MAIN	/home/hphung/ce25_scratch2/Claude_DeepRL_Population_Models/real_ecology_runs/hidden_rk_comparison_20260716/code/scripts/slurm/run_cumulative_controls_12h_row.sh
e3ffedbf037d5c0977c4c042767586d53c8779ba98c6a234b7ab9fd0ae4b3978	929	14	MAIN	/home/hphung/ce25_scratch2/Claude_DeepRL_Population_Models/real_ecology_runs/motivation_native_20260711/code/scripts/slurm/run_cumulative_controls_12h_row.sh
e3ffedbf037d5c0977c4c042767586d53c8779ba98c6a234b7ab9fd0ae4b3978	929	14	MAIN	/home/hphung/ce25_scratch2/Claude_DeepRL_Population_Models/real_ecology_runs/paper_faithful_one_cell_4000_20260717_v1/code/scripts/slurm/run_cumulative_controls_12h_row.sh
e3ffedbf037d5c0977c4c042767586d53c8779ba98c6a234b7ab9fd0ae4b3978	929	14	MAIN	/home/hphung/ce25_scratch2/Claude_DeepRL_Population_Models/real_ecology_runs/paper_faithful_smoke_20260717/code/scripts/slurm/run_cumulative_controls_12h_row.sh
e3ffedbf037d5c0977c4c042767586d53c8779ba98c6a234b7ab9fd0ae4b3978	929	14	MAIN	/home/hphung/ce25_scratch2/Claude_DeepRL_Population_Models/real_ecology_runs/paper_faithful_smoke_20260717_v2/code/scripts/slurm/run_cumulative_controls_12h_row.sh
e3ffedbf037d5c0977c4c042767586d53c8779ba98c6a234b7ab9fd0ae4b3978	929	14	MAIN	/home/hphung/ce25_scratch2/Claude_DeepRL_Population_Models/real_ecology_runs/paper_faithful_smoke_20260717_v3/code/scripts/slurm/run_cumulative_controls_12h_row.sh
e3ffedbf037d5c0977c4c042767586d53c8779ba98c6a234b7ab9fd0ae4b3978	929	14	MAIN	/home/hphung/ce25_scratch2/Claude_DeepRL_Population_Models/real_ecology_runs/paper_faithful_smoke_20260717_v4/code/scripts/slurm/run_cumulative_controls_12h_row.sh
e3ffedbf037d5c0977c4c042767586d53c8779ba98c6a234b7ab9fd0ae4b3978	929	14	MAIN	/home/hphung/ce25_scratch2/Claude_DeepRL_Population_Models/real_ecology_runs/ricker_only_plus_72_20260720/runtime_snapshot/scripts/slurm/run_cumulative_controls_12h_row.sh
e3ffedbf037d5c0977c4c042767586d53c8779ba98c6a234b7ab9fd0ae4b3978	929	14	MAIN	/home/hphung/ce25_scratch2/Claude_DeepRL_Population_Models/scripts/slurm/run_cumulative_controls_12h_row.sh
e65881778fde54bbff4dc8fc93459cb0e9ee9ca09c2c44d1061244cfccad284c	7987	14	ECO_FROZEN	/home/hphung/ce25_scratch2/Claude_DeepRL_Population_Models/real_ecology_runs/ricker_only_plus_72_20260720/runtime_snapshot_routing_fix/src/real_ecology_benchmark/discretize.py
e65881778fde54bbff4dc8fc93459cb0e9ee9ca09c2c44d1061244cfccad284c	7987	14	GENERAL_FROZEN	/home/hphung/ce25_scratch2/general_rl_phase2_iso/real_ecology_runs/general_phase2e_full_sigma01_02_20260720_v1/code/src/real_ecology_benchmark/discretize.py
e65881778fde54bbff4dc8fc93459cb0e9ee9ca09c2c44d1061244cfccad284c	7987	14	MAIN	/home/hphung/ce25_scratch2/Claude_DeepRL_Population_Models/real_ecology_runs/adapted_32cell_diagnostic_pending/code/src/real_ecology_benchmark/discretize.py
e65881778fde54bbff4dc8fc93459cb0e9ee9ca09c2c44d1061244cfccad284c	7987	14	MAIN	/home/hphung/ce25_scratch2/Claude_DeepRL_Population_Models/real_ecology_runs/adapted_plus_moor_corrected_canary_20260717_v1/code/src/real_ecology_benchmark/discretize.py
e65881778fde54bbff4dc8fc93459cb0e9ee9ca09c2c44d1061244cfccad284c	7987	14	MAIN	/home/hphung/ce25_scratch2/Claude_DeepRL_Population_Models/real_ecology_runs/general_audit_20260712/code/src/real_ecology_benchmark/discretize.py
e65881778fde54bbff4dc8fc93459cb0e9ee9ca09c2c44d1061244cfccad284c	7987	14	MAIN	/home/hphung/ce25_scratch2/Claude_DeepRL_Population_Models/real_ecology_runs/hidden_rk_comparison_20260716/code/src/real_ecology_benchmark/discretize.py
e65881778fde54bbff4dc8fc93459cb0e9ee9ca09c2c44d1061244cfccad284c	7987	14	MAIN	/home/hphung/ce25_scratch2/Claude_DeepRL_Population_Models/real_ecology_runs/motivation_native_20260711/code/src/real_ecology_benchmark/discretize.py
e65881778fde54bbff4dc8fc93459cb0e9ee9ca09c2c44d1061244cfccad284c	7987	14	MAIN	/home/hphung/ce25_scratch2/Claude_DeepRL_Population_Models/real_ecology_runs/paper_faithful_one_cell_4000_20260717_v1/code/src/real_ecology_benchmark/discretize.py
e65881778fde54bbff4dc8fc93459cb0e9ee9ca09c2c44d1061244cfccad284c	7987	14	MAIN	/home/hphung/ce25_scratch2/Claude_DeepRL_Population_Models/real_ecology_runs/paper_faithful_smoke_20260717/code/src/real_ecology_benchmark/discretize.py
e65881778fde54bbff4dc8fc93459cb0e9ee9ca09c2c44d1061244cfccad284c	7987	14	MAIN	/home/hphung/ce25_scratch2/Claude_DeepRL_Population_Models/real_ecology_runs/paper_faithful_smoke_20260717_v2/code/src/real_ecology_benchmark/discretize.py
e65881778fde54bbff4dc8fc93459cb0e9ee9ca09c2c44d1061244cfccad284c	7987	14	MAIN	/home/hphung/ce25_scratch2/Claude_DeepRL_Population_Models/real_ecology_runs/paper_faithful_smoke_20260717_v3/code/src/real_ecology_benchmark/discretize.py
e65881778fde54bbff4dc8fc93459cb0e9ee9ca09c2c44d1061244cfccad284c	7987	14	MAIN	/home/hphung/ce25_scratch2/Claude_DeepRL_Population_Models/real_ecology_runs/paper_faithful_smoke_20260717_v4/code/src/real_ecology_benchmark/discretize.py
e65881778fde54bbff4dc8fc93459cb0e9ee9ca09c2c44d1061244cfccad284c	7987	14	MAIN	/home/hphung/ce25_scratch2/Claude_DeepRL_Population_Models/real_ecology_runs/ricker_only_plus_72_20260720/runtime_snapshot/src/real_ecology_benchmark/discretize.py
e65881778fde54bbff4dc8fc93459cb0e9ee9ca09c2c44d1061244cfccad284c	7987	14	MAIN	/home/hphung/ce25_scratch2/Claude_DeepRL_Population_Models/src/real_ecology_benchmark/discretize.py
ed234e2eb823269379185ac1e77f0de4a366babc790bf68bc5ffabb1610de54b	1244	14	ECO_FROZEN	/home/hphung/ce25_scratch2/Claude_DeepRL_Population_Models/real_ecology_runs/ricker_only_plus_72_20260720/runtime_snapshot_routing_fix/scripts/slurm/run_cumulative_controls_12h_aggregate.sh
ed234e2eb823269379185ac1e77f0de4a366babc790bf68bc5ffabb1610de54b	1244	14	GENERAL_FROZEN	/home/hphung/ce25_scratch2/general_rl_phase2_iso/real_ecology_runs/general_phase2e_full_sigma01_02_20260720_v1/code/scripts/slurm/run_cumulative_controls_12h_aggregate.sh
ed234e2eb823269379185ac1e77f0de4a366babc790bf68bc5ffabb1610de54b	1244	14	MAIN	/home/hphung/ce25_scratch2/Claude_DeepRL_Population_Models/real_ecology_runs/adapted_32cell_diagnostic_pending/code/scripts/slurm/run_cumulative_controls_12h_aggregate.sh
ed234e2eb823269379185ac1e77f0de4a366babc790bf68bc5ffabb1610de54b	1244	14	MAIN	/home/hphung/ce25_scratch2/Claude_DeepRL_Population_Models/real_ecology_runs/adapted_plus_moor_corrected_canary_20260717_v1/code/scripts/slurm/run_cumulative_controls_12h_aggregate.sh
ed234e2eb823269379185ac1e77f0de4a366babc790bf68bc5ffabb1610de54b	1244	14	MAIN	/home/hphung/ce25_scratch2/Claude_DeepRL_Population_Models/real_ecology_runs/general_audit_20260712/code/scripts/slurm/run_cumulative_controls_12h_aggregate.sh
ed234e2eb823269379185ac1e77f0de4a366babc790bf68bc5ffabb1610de54b	1244	14	MAIN	/home/hphung/ce25_scratch2/Claude_DeepRL_Population_Models/real_ecology_runs/hidden_rk_comparison_20260716/code/scripts/slurm/run_cumulative_controls_12h_aggregate.sh
ed234e2eb823269379185ac1e77f0de4a366babc790bf68bc5ffabb1610de54b	1244	14	MAIN	/home/hphung/ce25_scratch2/Claude_DeepRL_Population_Models/real_ecology_runs/motivation_native_20260711/code/scripts/slurm/run_cumulative_controls_12h_aggregate.sh
ed234e2eb823269379185ac1e77f0de4a366babc790bf68bc5ffabb1610de54b	1244	14	MAIN	/home/hphung/ce25_scratch2/Claude_DeepRL_Population_Models/real_ecology_runs/paper_faithful_one_cell_4000_20260717_v1/code/scripts/slurm/run_cumulative_controls_12h_aggregate.sh
ed234e2eb823269379185ac1e77f0de4a366babc790bf68bc5ffabb1610de54b	1244	14	MAIN	/home/hphung/ce25_scratch2/Claude_DeepRL_Population_Models/real_ecology_runs/paper_faithful_smoke_20260717/code/scripts/slurm/run_cumulative_controls_12h_aggregate.sh
ed234e2eb823269379185ac1e77f0de4a366babc790bf68bc5ffabb1610de54b	1244	14	MAIN	/home/hphung/ce25_scratch2/Claude_DeepRL_Population_Models/real_ecology_runs/paper_faithful_smoke_20260717_v2/code/scripts/slurm/run_cumulative_controls_12h_aggregate.sh
ed234e2eb823269379185ac1e77f0de4a366babc790bf68bc5ffabb1610de54b	1244	14	MAIN	/home/hphung/ce25_scratch2/Claude_DeepRL_Population_Models/real_ecology_runs/paper_faithful_smoke_20260717_v3/code/scripts/slurm/run_cumulative_controls_12h_aggregate.sh
ed234e2eb823269379185ac1e77f0de4a366babc790bf68bc5ffabb1610de54b	1244	14	MAIN	/home/hphung/ce25_scratch2/Claude_DeepRL_Population_Models/real_ecology_runs/paper_faithful_smoke_20260717_v4/code/scripts/slurm/run_cumulative_controls_12h_aggregate.sh
ed234e2eb823269379185ac1e77f0de4a366babc790bf68bc5ffabb1610de54b	1244	14	MAIN	/home/hphung/ce25_scratch2/Claude_DeepRL_Population_Models/real_ecology_runs/ricker_only_plus_72_20260720/runtime_snapshot/scripts/slurm/run_cumulative_controls_12h_aggregate.sh
ed234e2eb823269379185ac1e77f0de4a366babc790bf68bc5ffabb1610de54b	1244	14	MAIN	/home/hphung/ce25_scratch2/Claude_DeepRL_Population_Models/scripts/slurm/run_cumulative_controls_12h_aggregate.sh
ffa37d74a4df3a317f14722cc219bdc67dd4b63d7a9b9dcf24a76153b69ac4d3	3142	14	ECO_FROZEN	/home/hphung/ce25_scratch2/Claude_DeepRL_Population_Models/real_ecology_runs/ricker_only_plus_72_20260720/runtime_snapshot_routing_fix/scripts/regenerate_failed_cells.py
ffa37d74a4df3a317f14722cc219bdc67dd4b63d7a9b9dcf24a76153b69ac4d3	3142	14	GENERAL_FROZEN	/home/hphung/ce25_scratch2/general_rl_phase2_iso/real_ecology_runs/general_phase2e_full_sigma01_02_20260720_v1/code/scripts/regenerate_failed_cells.py
ffa37d74a4df3a317f14722cc219bdc67dd4b63d7a9b9dcf24a76153b69ac4d3	3142	14	MAIN	/home/hphung/ce25_scratch2/Claude_DeepRL_Population_Models/real_ecology_runs/adapted_32cell_diagnostic_pending/code/scripts/regenerate_failed_cells.py
ffa37d74a4df3a317f14722cc219bdc67dd4b63d7a9b9dcf24a76153b69ac4d3	3142	14	MAIN	/home/hphung/ce25_scratch2/Claude_DeepRL_Population_Models/real_ecology_runs/adapted_plus_moor_corrected_canary_20260717_v1/code/scripts/regenerate_failed_cells.py
ffa37d74a4df3a317f14722cc219bdc67dd4b63d7a9b9dcf24a76153b69ac4d3	3142	14	MAIN	/home/hphung/ce25_scratch2/Claude_DeepRL_Population_Models/real_ecology_runs/general_audit_20260712/code/scripts/regenerate_failed_cells.py
ffa37d74a4df3a317f14722cc219bdc67dd4b63d7a9b9dcf24a76153b69ac4d3	3142	14	MAIN	/home/hphung/ce25_scratch2/Claude_DeepRL_Population_Models/real_ecology_runs/hidden_rk_comparison_20260716/code/scripts/regenerate_failed_cells.py
ffa37d74a4df3a317f14722cc219bdc67dd4b63d7a9b9dcf24a76153b69ac4d3	3142	14	MAIN	/home/hphung/ce25_scratch2/Claude_DeepRL_Population_Models/real_ecology_runs/motivation_native_20260711/code/scripts/regenerate_failed_cells.py
ffa37d74a4df3a317f14722cc219bdc67dd4b63d7a9b9dcf24a76153b69ac4d3	3142	14	MAIN	/home/hphung/ce25_scratch2/Claude_DeepRL_Population_Models/real_ecology_runs/paper_faithful_one_cell_4000_20260717_v1/code/scripts/regenerate_failed_cells.py
ffa37d74a4df3a317f14722cc219bdc67dd4b63d7a9b9dcf24a76153b69ac4d3	3142	14	MAIN	/home/hphung/ce25_scratch2/Claude_DeepRL_Population_Models/real_ecology_runs/paper_faithful_smoke_20260717/code/scripts/regenerate_failed_cells.py
ffa37d74a4df3a317f14722cc219bdc67dd4b63d7a9b9dcf24a76153b69ac4d3	3142	14	MAIN	/home/hphung/ce25_scratch2/Claude_DeepRL_Population_Models/real_ecology_runs/paper_faithful_smoke_20260717_v2/code/scripts/regenerate_failed_cells.py
ffa37d74a4df3a317f14722cc219bdc67dd4b63d7a9b9dcf24a76153b69ac4d3	3142	14	MAIN	/home/hphung/ce25_scratch2/Claude_DeepRL_Population_Models/real_ecology_runs/paper_faithful_smoke_20260717_v3/code/scripts/regenerate_failed_cells.py
ffa37d74a4df3a317f14722cc219bdc67dd4b63d7a9b9dcf24a76153b69ac4d3	3142	14	MAIN	/home/hphung/ce25_scratch2/Claude_DeepRL_Population_Models/real_ecology_runs/paper_faithful_smoke_20260717_v4/code/scripts/regenerate_failed_cells.py
ffa37d74a4df3a317f14722cc219bdc67dd4b63d7a9b9dcf24a76153b69ac4d3	3142	14	MAIN	/home/hphung/ce25_scratch2/Claude_DeepRL_Population_Models/real_ecology_runs/ricker_only_plus_72_20260720/runtime_snapshot/scripts/regenerate_failed_cells.py
ffa37d74a4df3a317f14722cc219bdc67dd4b63d7a9b9dcf24a76153b69ac4d3	3142	14	MAIN	/home/hphung/ce25_scratch2/Claude_DeepRL_Population_Models/scripts/regenerate_failed_cells.py
c1e2ed00d6685aa9cefde8f08a56f330c1f4b29eac8489ae1b71519ed363718a	2834	13	ECO_FROZEN	/home/hphung/ce25_scratch2/Claude_DeepRL_Population_Models/real_ecology_runs/ricker_only_plus_72_20260720/runtime_snapshot_routing_fix/scripts/make_cumulative_controls_12h_manifests.py
c1e2ed00d6685aa9cefde8f08a56f330c1f4b29eac8489ae1b71519ed363718a	2834	13	MAIN	/home/hphung/ce25_scratch2/Claude_DeepRL_Population_Models/real_ecology_runs/adapted_32cell_diagnostic_pending/code/scripts/make_cumulative_controls_12h_manifests.py
c1e2ed00d6685aa9cefde8f08a56f330c1f4b29eac8489ae1b71519ed363718a	2834	13	MAIN	/home/hphung/ce25_scratch2/Claude_DeepRL_Population_Models/real_ecology_runs/adapted_plus_moor_corrected_canary_20260717_v1/code/scripts/make_cumulative_controls_12h_manifests.py
c1e2ed00d6685aa9cefde8f08a56f330c1f4b29eac8489ae1b71519ed363718a	2834	13	MAIN	/home/hphung/ce25_scratch2/Claude_DeepRL_Population_Models/real_ecology_runs/general_audit_20260712/code/scripts/make_cumulative_controls_12h_manifests.py
c1e2ed00d6685aa9cefde8f08a56f330c1f4b29eac8489ae1b71519ed363718a	2834	13	MAIN	/home/hphung/ce25_scratch2/Claude_DeepRL_Population_Models/real_ecology_runs/hidden_rk_comparison_20260716/code/scripts/make_cumulative_controls_12h_manifests.py
c1e2ed00d6685aa9cefde8f08a56f330c1f4b29eac8489ae1b71519ed363718a	2834	13	MAIN	/home/hphung/ce25_scratch2/Claude_DeepRL_Population_Models/real_ecology_runs/motivation_native_20260711/code/scripts/make_cumulative_controls_12h_manifests.py
c1e2ed00d6685aa9cefde8f08a56f330c1f4b29eac8489ae1b71519ed363718a	2834	13	MAIN	/home/hphung/ce25_scratch2/Claude_DeepRL_Population_Models/real_ecology_runs/paper_faithful_one_cell_4000_20260717_v1/code/scripts/make_cumulative_controls_12h_manifests.py
c1e2ed00d6685aa9cefde8f08a56f330c1f4b29eac8489ae1b71519ed363718a	2834	13	MAIN	/home/hphung/ce25_scratch2/Claude_DeepRL_Population_Models/real_ecology_runs/paper_faithful_smoke_20260717/code/scripts/make_cumulative_controls_12h_manifests.py
c1e2ed00d6685aa9cefde8f08a56f330c1f4b29eac8489ae1b71519ed363718a	2834	13	MAIN	/home/hphung/ce25_scratch2/Claude_DeepRL_Population_Models/real_ecology_runs/paper_faithful_smoke_20260717_v2/code/scripts/make_cumulative_controls_12h_manifests.py
c1e2ed00d6685aa9cefde8f08a56f330c1f4b29eac8489ae1b71519ed363718a	2834	13	MAIN	/home/hphung/ce25_scratch2/Claude_DeepRL_Population_Models/real_ecology_runs/paper_faithful_smoke_20260717_v3/code/scripts/make_cumulative_controls_12h_manifests.py
c1e2ed00d6685aa9cefde8f08a56f330c1f4b29eac8489ae1b71519ed363718a	2834	13	MAIN	/home/hphung/ce25_scratch2/Claude_DeepRL_Population_Models/real_ecology_runs/paper_faithful_smoke_20260717_v4/code/scripts/make_cumulative_controls_12h_manifests.py
c1e2ed00d6685aa9cefde8f08a56f330c1f4b29eac8489ae1b71519ed363718a	2834	13	MAIN	/home/hphung/ce25_scratch2/Claude_DeepRL_Population_Models/real_ecology_runs/ricker_only_plus_72_20260720/runtime_snapshot/scripts/make_cumulative_controls_12h_manifests.py
c1e2ed00d6685aa9cefde8f08a56f330c1f4b29eac8489ae1b71519ed363718a	2834	13	MAIN	/home/hphung/ce25_scratch2/Claude_DeepRL_Population_Models/scripts/make_cumulative_controls_12h_manifests.py
ebdf9546e0f1ca98e3d224aa114961501cda809b3190687ea42eb22ba8f039ad	10096	13	ECO_FROZEN	/home/hphung/ce25_scratch2/Claude_DeepRL_Population_Models/real_ecology_runs/ricker_only_plus_72_20260720/runtime_snapshot_routing_fix/scripts/audit_general_methods.py
ebdf9546e0f1ca98e3d224aa114961501cda809b3190687ea42eb22ba8f039ad	10096	13	GENERAL_FROZEN	/home/hphung/ce25_scratch2/general_rl_phase2_iso/real_ecology_runs/general_phase2e_full_sigma01_02_20260720_v1/code/scripts/audit_general_methods.py
ebdf9546e0f1ca98e3d224aa114961501cda809b3190687ea42eb22ba8f039ad	10096	13	MAIN	/home/hphung/ce25_scratch2/Claude_DeepRL_Population_Models/real_ecology_runs/adapted_32cell_diagnostic_pending/code/scripts/audit_general_methods.py
ebdf9546e0f1ca98e3d224aa114961501cda809b3190687ea42eb22ba8f039ad	10096	13	MAIN	/home/hphung/ce25_scratch2/Claude_DeepRL_Population_Models/real_ecology_runs/adapted_plus_moor_corrected_canary_20260717_v1/code/scripts/audit_general_methods.py
ebdf9546e0f1ca98e3d224aa114961501cda809b3190687ea42eb22ba8f039ad	10096	13	MAIN	/home/hphung/ce25_scratch2/Claude_DeepRL_Population_Models/real_ecology_runs/general_audit_20260712/code/scripts/audit_general_methods.py
ebdf9546e0f1ca98e3d224aa114961501cda809b3190687ea42eb22ba8f039ad	10096	13	MAIN	/home/hphung/ce25_scratch2/Claude_DeepRL_Population_Models/real_ecology_runs/hidden_rk_comparison_20260716/code/scripts/audit_general_methods.py
ebdf9546e0f1ca98e3d224aa114961501cda809b3190687ea42eb22ba8f039ad	10096	13	MAIN	/home/hphung/ce25_scratch2/Claude_DeepRL_Population_Models/real_ecology_runs/paper_faithful_one_cell_4000_20260717_v1/code/scripts/audit_general_methods.py
ebdf9546e0f1ca98e3d224aa114961501cda809b3190687ea42eb22ba8f039ad	10096	13	MAIN	/home/hphung/ce25_scratch2/Claude_DeepRL_Population_Models/real_ecology_runs/paper_faithful_smoke_20260717/code/scripts/audit_general_methods.py
ebdf9546e0f1ca98e3d224aa114961501cda809b3190687ea42eb22ba8f039ad	10096	13	MAIN	/home/hphung/ce25_scratch2/Claude_DeepRL_Population_Models/real_ecology_runs/paper_faithful_smoke_20260717_v2/code/scripts/audit_general_methods.py
ebdf9546e0f1ca98e3d224aa114961501cda809b3190687ea42eb22ba8f039ad	10096	13	MAIN	/home/hphung/ce25_scratch2/Claude_DeepRL_Population_Models/real_ecology_runs/paper_faithful_smoke_20260717_v3/code/scripts/audit_general_methods.py
ebdf9546e0f1ca98e3d224aa114961501cda809b3190687ea42eb22ba8f039ad	10096	13	MAIN	/home/hphung/ce25_scratch2/Claude_DeepRL_Population_Models/real_ecology_runs/paper_faithful_smoke_20260717_v4/code/scripts/audit_general_methods.py
ebdf9546e0f1ca98e3d224aa114961501cda809b3190687ea42eb22ba8f039ad	10096	13	MAIN	/home/hphung/ce25_scratch2/Claude_DeepRL_Population_Models/real_ecology_runs/ricker_only_plus_72_20260720/runtime_snapshot/scripts/audit_general_methods.py
ebdf9546e0f1ca98e3d224aa114961501cda809b3190687ea42eb22ba8f039ad	10096	13	MAIN	/home/hphung/ce25_scratch2/Claude_DeepRL_Population_Models/scripts/audit_general_methods.py
f0a9d27d5988f4ac5aefdbb9014ec9b4a668d7083c155a5324ce5e58556b5060	6441	13	ECO_FROZEN	/home/hphung/ce25_scratch2/Claude_DeepRL_Population_Models/real_ecology_runs/ricker_only_plus_72_20260720/runtime_snapshot_routing_fix/scripts/extract_report_tables.py
f0a9d27d5988f4ac5aefdbb9014ec9b4a668d7083c155a5324ce5e58556b5060	6441	13	MAIN	/home/hphung/ce25_scratch2/Claude_DeepRL_Population_Models/real_ecology_runs/adapted_32cell_diagnostic_pending/code/scripts/extract_report_tables.py
f0a9d27d5988f4ac5aefdbb9014ec9b4a668d7083c155a5324ce5e58556b5060	6441	13	MAIN	/home/hphung/ce25_scratch2/Claude_DeepRL_Population_Models/real_ecology_runs/adapted_plus_moor_corrected_canary_20260717_v1/code/scripts/extract_report_tables.py
f0a9d27d5988f4ac5aefdbb9014ec9b4a668d7083c155a5324ce5e58556b5060	6441	13	MAIN	/home/hphung/ce25_scratch2/Claude_DeepRL_Population_Models/real_ecology_runs/general_audit_20260712/code/scripts/extract_report_tables.py
f0a9d27d5988f4ac5aefdbb9014ec9b4a668d7083c155a5324ce5e58556b5060	6441	13	MAIN	/home/hphung/ce25_scratch2/Claude_DeepRL_Population_Models/real_ecology_runs/hidden_rk_comparison_20260716/code/scripts/extract_report_tables.py
f0a9d27d5988f4ac5aefdbb9014ec9b4a668d7083c155a5324ce5e58556b5060	6441	13	MAIN	/home/hphung/ce25_scratch2/Claude_DeepRL_Population_Models/real_ecology_runs/motivation_native_20260711/code/scripts/extract_report_tables.py
f0a9d27d5988f4ac5aefdbb9014ec9b4a668d7083c155a5324ce5e58556b5060	6441	13	MAIN	/home/hphung/ce25_scratch2/Claude_DeepRL_Population_Models/real_ecology_runs/paper_faithful_one_cell_4000_20260717_v1/code/scripts/extract_report_tables.py
f0a9d27d5988f4ac5aefdbb9014ec9b4a668d7083c155a5324ce5e58556b5060	6441	13	MAIN	/home/hphung/ce25_scratch2/Claude_DeepRL_Population_Models/real_ecology_runs/paper_faithful_smoke_20260717/code/scripts/extract_report_tables.py
f0a9d27d5988f4ac5aefdbb9014ec9b4a668d7083c155a5324ce5e58556b5060	6441	13	MAIN	/home/hphung/ce25_scratch2/Claude_DeepRL_Population_Models/real_ecology_runs/paper_faithful_smoke_20260717_v2/code/scripts/extract_report_tables.py
f0a9d27d5988f4ac5aefdbb9014ec9b4a668d7083c155a5324ce5e58556b5060	6441	13	MAIN	/home/hphung/ce25_scratch2/Claude_DeepRL_Population_Models/real_ecology_runs/paper_faithful_smoke_20260717_v3/code/scripts/extract_report_tables.py
f0a9d27d5988f4ac5aefdbb9014ec9b4a668d7083c155a5324ce5e58556b5060	6441	13	MAIN	/home/hphung/ce25_scratch2/Claude_DeepRL_Population_Models/real_ecology_runs/paper_faithful_smoke_20260717_v4/code/scripts/extract_report_tables.py
f0a9d27d5988f4ac5aefdbb9014ec9b4a668d7083c155a5324ce5e58556b5060	6441	13	MAIN	/home/hphung/ce25_scratch2/Claude_DeepRL_Population_Models/real_ecology_runs/ricker_only_plus_72_20260720/runtime_snapshot/scripts/extract_report_tables.py
f0a9d27d5988f4ac5aefdbb9014ec9b4a668d7083c155a5324ce5e58556b5060	6441	13	MAIN	/home/hphung/ce25_scratch2/Claude_DeepRL_Population_Models/scripts/extract_report_tables.py
0678c5c82a88389b421d776768a3e5d9fc69db85a664769bc6f739c4f55e8350	16382	12	ECO_FROZEN	/home/hphung/ce25_scratch2/Claude_DeepRL_Population_Models/real_ecology_runs/ricker_only_plus_72_20260720/runtime_snapshot_routing_fix/src/real_ecology_benchmark/public_surrogate.py
0678c5c82a88389b421d776768a3e5d9fc69db85a664769bc6f739c4f55e8350	16382	12	GENERAL_FROZEN	/home/hphung/ce25_scratch2/general_rl_phase2_iso/real_ecology_runs/general_phase2e_full_sigma01_02_20260720_v1/code/src/real_ecology_benchmark/public_surrogate.py
0678c5c82a88389b421d776768a3e5d9fc69db85a664769bc6f739c4f55e8350	16382	12	MAIN	/home/hphung/ce25_scratch2/Claude_DeepRL_Population_Models/real_ecology_runs/adapted_32cell_diagnostic_pending/code/src/real_ecology_benchmark/public_surrogate.py
0678c5c82a88389b421d776768a3e5d9fc69db85a664769bc6f739c4f55e8350	16382	12	MAIN	/home/hphung/ce25_scratch2/Claude_DeepRL_Population_Models/real_ecology_runs/adapted_plus_moor_corrected_canary_20260717_v1/code/src/real_ecology_benchmark/public_surrogate.py
0678c5c82a88389b421d776768a3e5d9fc69db85a664769bc6f739c4f55e8350	16382	12	MAIN	/home/hphung/ce25_scratch2/Claude_DeepRL_Population_Models/real_ecology_runs/hidden_rk_comparison_20260716/code/src/real_ecology_benchmark/public_surrogate.py
0678c5c82a88389b421d776768a3e5d9fc69db85a664769bc6f739c4f55e8350	16382	12	MAIN	/home/hphung/ce25_scratch2/Claude_DeepRL_Population_Models/real_ecology_runs/paper_faithful_one_cell_4000_20260717_v1/code/src/real_ecology_benchmark/public_surrogate.py
0678c5c82a88389b421d776768a3e5d9fc69db85a664769bc6f739c4f55e8350	16382	12	MAIN	/home/hphung/ce25_scratch2/Claude_DeepRL_Population_Models/real_ecology_runs/paper_faithful_smoke_20260717/code/src/real_ecology_benchmark/public_surrogate.py
0678c5c82a88389b421d776768a3e5d9fc69db85a664769bc6f739c4f55e8350	16382	12	MAIN	/home/hphung/ce25_scratch2/Claude_DeepRL_Population_Models/real_ecology_runs/paper_faithful_smoke_20260717_v2/code/src/real_ecology_benchmark/public_surrogate.py
0678c5c82a88389b421d776768a3e5d9fc69db85a664769bc6f739c4f55e8350	16382	12	MAIN	/home/hphung/ce25_scratch2/Claude_DeepRL_Population_Models/real_ecology_runs/paper_faithful_smoke_20260717_v3/code/src/real_ecology_benchmark/public_surrogate.py
0678c5c82a88389b421d776768a3e5d9fc69db85a664769bc6f739c4f55e8350	16382	12	MAIN	/home/hphung/ce25_scratch2/Claude_DeepRL_Population_Models/real_ecology_runs/paper_faithful_smoke_20260717_v4/code/src/real_ecology_benchmark/public_surrogate.py
0678c5c82a88389b421d776768a3e5d9fc69db85a664769bc6f739c4f55e8350	16382	12	MAIN	/home/hphung/ce25_scratch2/Claude_DeepRL_Population_Models/real_ecology_runs/ricker_only_plus_72_20260720/runtime_snapshot/src/real_ecology_benchmark/public_surrogate.py
0678c5c82a88389b421d776768a3e5d9fc69db85a664769bc6f739c4f55e8350	16382	12	MAIN	/home/hphung/ce25_scratch2/Claude_DeepRL_Population_Models/src/real_ecology_benchmark/public_surrogate.py
068df0a3c67bb8eafa5b49cb1aadb64248a6ebcf54fd3980bc4b808a3418b0a3	885	12	ECO_FROZEN	/home/hphung/ce25_scratch2/Claude_DeepRL_Population_Models/real_ecology_runs/ricker_only_plus_72_20260720/runtime_snapshot_routing_fix/configs/real_experiment.yaml
068df0a3c67bb8eafa5b49cb1aadb64248a6ebcf54fd3980bc4b808a3418b0a3	885	12	GENERAL_FROZEN	/home/hphung/ce25_scratch2/general_rl_phase2_iso/real_ecology_runs/general_phase2e_full_sigma01_02_20260720_v1/code/configs/real_experiment.yaml
068df0a3c67bb8eafa5b49cb1aadb64248a6ebcf54fd3980bc4b808a3418b0a3	885	12	MAIN	/home/hphung/ce25_scratch2/Claude_DeepRL_Population_Models/configs/real_experiment.yaml
068df0a3c67bb8eafa5b49cb1aadb64248a6ebcf54fd3980bc4b808a3418b0a3	885	12	MAIN	/home/hphung/ce25_scratch2/Claude_DeepRL_Population_Models/real_ecology_runs/adapted_32cell_diagnostic_pending/code/configs/real_experiment.yaml
068df0a3c67bb8eafa5b49cb1aadb64248a6ebcf54fd3980bc4b808a3418b0a3	885	12	MAIN	/home/hphung/ce25_scratch2/Claude_DeepRL_Population_Models/real_ecology_runs/adapted_plus_moor_corrected_canary_20260717_v1/code/configs/real_experiment.yaml
068df0a3c67bb8eafa5b49cb1aadb64248a6ebcf54fd3980bc4b808a3418b0a3	885	12	MAIN	/home/hphung/ce25_scratch2/Claude_DeepRL_Population_Models/real_ecology_runs/hidden_rk_comparison_20260716/code/configs/real_experiment.yaml
068df0a3c67bb8eafa5b49cb1aadb64248a6ebcf54fd3980bc4b808a3418b0a3	885	12	MAIN	/home/hphung/ce25_scratch2/Claude_DeepRL_Population_Models/real_ecology_runs/paper_faithful_one_cell_4000_20260717_v1/code/configs/real_experiment.yaml
068df0a3c67bb8eafa5b49cb1aadb64248a6ebcf54fd3980bc4b808a3418b0a3	885	12	MAIN	/home/hphung/ce25_scratch2/Claude_DeepRL_Population_Models/real_ecology_runs/paper_faithful_smoke_20260717/code/configs/real_experiment.yaml
068df0a3c67bb8eafa5b49cb1aadb64248a6ebcf54fd3980bc4b808a3418b0a3	885	12	MAIN	/home/hphung/ce25_scratch2/Claude_DeepRL_Population_Models/real_ecology_runs/paper_faithful_smoke_20260717_v2/code/configs/real_experiment.yaml
068df0a3c67bb8eafa5b49cb1aadb64248a6ebcf54fd3980bc4b808a3418b0a3	885	12	MAIN	/home/hphung/ce25_scratch2/Claude_DeepRL_Population_Models/real_ecology_runs/paper_faithful_smoke_20260717_v3/code/configs/real_experiment.yaml
068df0a3c67bb8eafa5b49cb1aadb64248a6ebcf54fd3980bc4b808a3418b0a3	885	12	MAIN	/home/hphung/ce25_scratch2/Claude_DeepRL_Population_Models/real_ecology_runs/paper_faithful_smoke_20260717_v4/code/configs/real_experiment.yaml
068df0a3c67bb8eafa5b49cb1aadb64248a6ebcf54fd3980bc4b808a3418b0a3	885	12	MAIN	/home/hphung/ce25_scratch2/Claude_DeepRL_Population_Models/real_ecology_runs/ricker_only_plus_72_20260720/runtime_snapshot/configs/real_experiment.yaml
06a3ecba6f2b12838bd5df4147ed0d4f29887f4adaaa9cd70c57c10ee7736f36	3556	12	ECO_FROZEN	/home/hphung/ce25_scratch2/Claude_DeepRL_Population_Models/real_ecology_runs/ricker_only_plus_72_20260720/runtime_snapshot_routing_fix/src/real_ecology_benchmark/methods/moor_native.py
06a3ecba6f2b12838bd5df4147ed0d4f29887f4adaaa9cd70c57c10ee7736f36	3556	12	GENERAL_FROZEN	/home/hphung/ce25_scratch2/general_rl_phase2_iso/real_ecology_runs/general_phase2e_full_sigma01_02_20260720_v1/code/src/real_ecology_benchmark/methods/moor_native.py
06a3ecba6f2b12838bd5df4147ed0d4f29887f4adaaa9cd70c57c10ee7736f36	3556	12	MAIN	/home/hphung/ce25_scratch2/Claude_DeepRL_Population_Models/real_ecology_runs/adapted_32cell_diagnostic_pending/code/src/real_ecology_benchmark/methods/moor_native.py
06a3ecba6f2b12838bd5df4147ed0d4f29887f4adaaa9cd70c57c10ee7736f36	3556	12	MAIN	/home/hphung/ce25_scratch2/Claude_DeepRL_Population_Models/real_ecology_runs/adapted_plus_moor_corrected_canary_20260717_v1/code/src/real_ecology_benchmark/methods/moor_native.py
06a3ecba6f2b12838bd5df4147ed0d4f29887f4adaaa9cd70c57c10ee7736f36	3556	12	MAIN	/home/hphung/ce25_scratch2/Claude_DeepRL_Population_Models/real_ecology_runs/hidden_rk_comparison_20260716/code/src/real_ecology_benchmark/methods/moor_native.py
06a3ecba6f2b12838bd5df4147ed0d4f29887f4adaaa9cd70c57c10ee7736f36	3556	12	MAIN	/home/hphung/ce25_scratch2/Claude_DeepRL_Population_Models/real_ecology_runs/paper_faithful_one_cell_4000_20260717_v1/code/src/real_ecology_benchmark/methods/moor_native.py
06a3ecba6f2b12838bd5df4147ed0d4f29887f4adaaa9cd70c57c10ee7736f36	3556	12	MAIN	/home/hphung/ce25_scratch2/Claude_DeepRL_Population_Models/real_ecology_runs/paper_faithful_smoke_20260717/code/src/real_ecology_benchmark/methods/moor_native.py
06a3ecba6f2b12838bd5df4147ed0d4f29887f4adaaa9cd70c57c10ee7736f36	3556	12	MAIN	/home/hphung/ce25_scratch2/Claude_DeepRL_Population_Models/real_ecology_runs/paper_faithful_smoke_20260717_v2/code/src/real_ecology_benchmark/methods/moor_native.py
06a3ecba6f2b12838bd5df4147ed0d4f29887f4adaaa9cd70c57c10ee7736f36	3556	12	MAIN	/home/hphung/ce25_scratch2/Claude_DeepRL_Population_Models/real_ecology_runs/paper_faithful_smoke_20260717_v3/code/src/real_ecology_benchmark/methods/moor_native.py
06a3ecba6f2b12838bd5df4147ed0d4f29887f4adaaa9cd70c57c10ee7736f36	3556	12	MAIN	/home/hphung/ce25_scratch2/Claude_DeepRL_Population_Models/real_ecology_runs/paper_faithful_smoke_20260717_v4/code/src/real_ecology_benchmark/methods/moor_native.py
06a3ecba6f2b12838bd5df4147ed0d4f29887f4adaaa9cd70c57c10ee7736f36	3556	12	MAIN	/home/hphung/ce25_scratch2/Claude_DeepRL_Population_Models/real_ecology_runs/ricker_only_plus_72_20260720/runtime_snapshot/src/real_ecology_benchmark/methods/moor_native.py
06a3ecba6f2b12838bd5df4147ed0d4f29887f4adaaa9cd70c57c10ee7736f36	3556	12	MAIN	/home/hphung/ce25_scratch2/Claude_DeepRL_Population_Models/src/real_ecology_benchmark/methods/moor_native.py
10f7db009358d843264cdededff0db66f4f7e164e6a7c1ce7710fa7a7734bf5f	6166	12	ECO_FROZEN	/home/hphung/ce25_scratch2/Claude_DeepRL_Population_Models/real_ecology_runs/ricker_only_plus_72_20260720/runtime_snapshot_routing_fix/src/real_ecology_benchmark/types.py
10f7db009358d843264cdededff0db66f4f7e164e6a7c1ce7710fa7a7734bf5f	6166	12	GENERAL_FROZEN	/home/hphung/ce25_scratch2/general_rl_phase2_iso/real_ecology_runs/general_phase2e_full_sigma01_02_20260720_v1/code/src/real_ecology_benchmark/types.py
10f7db009358d843264cdededff0db66f4f7e164e6a7c1ce7710fa7a7734bf5f	6166	12	MAIN	/home/hphung/ce25_scratch2/Claude_DeepRL_Population_Models/real_ecology_runs/adapted_32cell_diagnostic_pending/code/src/real_ecology_benchmark/types.py
10f7db009358d843264cdededff0db66f4f7e164e6a7c1ce7710fa7a7734bf5f	6166	12	MAIN	/home/hphung/ce25_scratch2/Claude_DeepRL_Population_Models/real_ecology_runs/adapted_plus_moor_corrected_canary_20260717_v1/code/src/real_ecology_benchmark/types.py
10f7db009358d843264cdededff0db66f4f7e164e6a7c1ce7710fa7a7734bf5f	6166	12	MAIN	/home/hphung/ce25_scratch2/Claude_DeepRL_Population_Models/real_ecology_runs/hidden_rk_comparison_20260716/code/src/real_ecology_benchmark/types.py
10f7db009358d843264cdededff0db66f4f7e164e6a7c1ce7710fa7a7734bf5f	6166	12	MAIN	/home/hphung/ce25_scratch2/Claude_DeepRL_Population_Models/real_ecology_runs/paper_faithful_one_cell_4000_20260717_v1/code/src/real_ecology_benchmark/types.py
10f7db009358d843264cdededff0db66f4f7e164e6a7c1ce7710fa7a7734bf5f	6166	12	MAIN	/home/hphung/ce25_scratch2/Claude_DeepRL_Population_Models/real_ecology_runs/paper_faithful_smoke_20260717/code/src/real_ecology_benchmark/types.py
10f7db009358d843264cdededff0db66f4f7e164e6a7c1ce7710fa7a7734bf5f	6166	12	MAIN	/home/hphung/ce25_scratch2/Claude_DeepRL_Population_Models/real_ecology_runs/paper_faithful_smoke_20260717_v2/code/src/real_ecology_benchmark/types.py
10f7db009358d843264cdededff0db66f4f7e164e6a7c1ce7710fa7a7734bf5f	6166	12	MAIN	/home/hphung/ce25_scratch2/Claude_DeepRL_Population_Models/real_ecology_runs/paper_faithful_smoke_20260717_v3/code/src/real_ecology_benchmark/types.py
10f7db009358d843264cdededff0db66f4f7e164e6a7c1ce7710fa7a7734bf5f	6166	12	MAIN	/home/hphung/ce25_scratch2/Claude_DeepRL_Population_Models/real_ecology_runs/paper_faithful_smoke_20260717_v4/code/src/real_ecology_benchmark/types.py
10f7db009358d843264cdededff0db66f4f7e164e6a7c1ce7710fa7a7734bf5f	6166	12	MAIN	/home/hphung/ce25_scratch2/Claude_DeepRL_Population_Models/real_ecology_runs/ricker_only_plus_72_20260720/runtime_snapshot/src/real_ecology_benchmark/types.py
10f7db009358d843264cdededff0db66f4f7e164e6a7c1ce7710fa7a7734bf5f	6166	12	MAIN	/home/hphung/ce25_scratch2/Claude_DeepRL_Population_Models/src/real_ecology_benchmark/types.py
125ec6073b203e34dc10d7182082e9439d577c9fa819953d280b3401128136bb	14273	12	ECO_FROZEN	/home/hphung/ce25_scratch2/Claude_DeepRL_Population_Models/real_ecology_runs/ricker_only_plus_72_20260720/runtime_snapshot_routing_fix/src/real_ecology_benchmark/evaluator.py
125ec6073b203e34dc10d7182082e9439d577c9fa819953d280b3401128136bb	14273	12	GENERAL_FROZEN	/home/hphung/ce25_scratch2/general_rl_phase2_iso/real_ecology_runs/general_phase2e_full_sigma01_02_20260720_v1/code/src/real_ecology_benchmark/evaluator.py
125ec6073b203e34dc10d7182082e9439d577c9fa819953d280b3401128136bb	14273	12	MAIN	/home/hphung/ce25_scratch2/Claude_DeepRL_Population_Models/real_ecology_runs/adapted_32cell_diagnostic_pending/code/src/real_ecology_benchmark/evaluator.py
125ec6073b203e34dc10d7182082e9439d577c9fa819953d280b3401128136bb	14273	12	MAIN	/home/hphung/ce25_scratch2/Claude_DeepRL_Population_Models/real_ecology_runs/adapted_plus_moor_corrected_canary_20260717_v1/code/src/real_ecology_benchmark/evaluator.py
125ec6073b203e34dc10d7182082e9439d577c9fa819953d280b3401128136bb	14273	12	MAIN	/home/hphung/ce25_scratch2/Claude_DeepRL_Population_Models/real_ecology_runs/hidden_rk_comparison_20260716/code/src/real_ecology_benchmark/evaluator.py
125ec6073b203e34dc10d7182082e9439d577c9fa819953d280b3401128136bb	14273	12	MAIN	/home/hphung/ce25_scratch2/Claude_DeepRL_Population_Models/real_ecology_runs/paper_faithful_one_cell_4000_20260717_v1/code/src/real_ecology_benchmark/evaluator.py
125ec6073b203e34dc10d7182082e9439d577c9fa819953d280b3401128136bb	14273	12	MAIN	/home/hphung/ce25_scratch2/Claude_DeepRL_Population_Models/real_ecology_runs/paper_faithful_smoke_20260717/code/src/real_ecology_benchmark/evaluator.py
125ec6073b203e34dc10d7182082e9439d577c9fa819953d280b3401128136bb	14273	12	MAIN	/home/hphung/ce25_scratch2/Claude_DeepRL_Population_Models/real_ecology_runs/paper_faithful_smoke_20260717_v2/code/src/real_ecology_benchmark/evaluator.py
125ec6073b203e34dc10d7182082e9439d577c9fa819953d280b3401128136bb	14273	12	MAIN	/home/hphung/ce25_scratch2/Claude_DeepRL_Population_Models/real_ecology_runs/paper_faithful_smoke_20260717_v3/code/src/real_ecology_benchmark/evaluator.py
125ec6073b203e34dc10d7182082e9439d577c9fa819953d280b3401128136bb	14273	12	MAIN	/home/hphung/ce25_scratch2/Claude_DeepRL_Population_Models/real_ecology_runs/paper_faithful_smoke_20260717_v4/code/src/real_ecology_benchmark/evaluator.py
125ec6073b203e34dc10d7182082e9439d577c9fa819953d280b3401128136bb	14273	12	MAIN	/home/hphung/ce25_scratch2/Claude_DeepRL_Population_Models/real_ecology_runs/ricker_only_plus_72_20260720/runtime_snapshot/src/real_ecology_benchmark/evaluator.py
125ec6073b203e34dc10d7182082e9439d577c9fa819953d280b3401128136bb	14273	12	MAIN	/home/hphung/ce25_scratch2/Claude_DeepRL_Population_Models/src/real_ecology_benchmark/evaluator.py
2118e014544fa2b86d11554b637ddda87e145b72262df271bc951590e86acbe1	728	12	ECO_FROZEN	/home/hphung/ce25_scratch2/Claude_DeepRL_Population_Models/real_ecology_runs/ricker_only_plus_72_20260720/runtime_snapshot_routing_fix/configs/real_smoke.yaml
2118e014544fa2b86d11554b637ddda87e145b72262df271bc951590e86acbe1	728	12	GENERAL_FROZEN	/home/hphung/ce25_scratch2/general_rl_phase2_iso/real_ecology_runs/general_phase2e_full_sigma01_02_20260720_v1/code/configs/real_smoke.yaml
2118e014544fa2b86d11554b637ddda87e145b72262df271bc951590e86acbe1	728	12	MAIN	/home/hphung/ce25_scratch2/Claude_DeepRL_Population_Models/configs/real_smoke.yaml
2118e014544fa2b86d11554b637ddda87e145b72262df271bc951590e86acbe1	728	12	MAIN	/home/hphung/ce25_scratch2/Claude_DeepRL_Population_Models/real_ecology_runs/adapted_32cell_diagnostic_pending/code/configs/real_smoke.yaml
2118e014544fa2b86d11554b637ddda87e145b72262df271bc951590e86acbe1	728	12	MAIN	/home/hphung/ce25_scratch2/Claude_DeepRL_Population_Models/real_ecology_runs/adapted_plus_moor_corrected_canary_20260717_v1/code/configs/real_smoke.yaml
2118e014544fa2b86d11554b637ddda87e145b72262df271bc951590e86acbe1	728	12	MAIN	/home/hphung/ce25_scratch2/Claude_DeepRL_Population_Models/real_ecology_runs/hidden_rk_comparison_20260716/code/configs/real_smoke.yaml
2118e014544fa2b86d11554b637ddda87e145b72262df271bc951590e86acbe1	728	12	MAIN	/home/hphung/ce25_scratch2/Claude_DeepRL_Population_Models/real_ecology_runs/paper_faithful_one_cell_4000_20260717_v1/code/configs/real_smoke.yaml
2118e014544fa2b86d11554b637ddda87e145b72262df271bc951590e86acbe1	728	12	MAIN	/home/hphung/ce25_scratch2/Claude_DeepRL_Population_Models/real_ecology_runs/paper_faithful_smoke_20260717/code/configs/real_smoke.yaml
2118e014544fa2b86d11554b637ddda87e145b72262df271bc951590e86acbe1	728	12	MAIN	/home/hphung/ce25_scratch2/Claude_DeepRL_Population_Models/real_ecology_runs/paper_faithful_smoke_20260717_v2/code/configs/real_smoke.yaml
2118e014544fa2b86d11554b637ddda87e145b72262df271bc951590e86acbe1	728	12	MAIN	/home/hphung/ce25_scratch2/Claude_DeepRL_Population_Models/real_ecology_runs/paper_faithful_smoke_20260717_v3/code/configs/real_smoke.yaml
2118e014544fa2b86d11554b637ddda87e145b72262df271bc951590e86acbe1	728	12	MAIN	/home/hphung/ce25_scratch2/Claude_DeepRL_Population_Models/real_ecology_runs/paper_faithful_smoke_20260717_v4/code/configs/real_smoke.yaml
2118e014544fa2b86d11554b637ddda87e145b72262df271bc951590e86acbe1	728	12	MAIN	/home/hphung/ce25_scratch2/Claude_DeepRL_Population_Models/real_ecology_runs/ricker_only_plus_72_20260720/runtime_snapshot/configs/real_smoke.yaml
411fbdd652214fcd029f3aac78c2af42c8ef37d46135570f9848c19a409e8c85	1142	12	ECO_FROZEN	/home/hphung/ce25_scratch2/Claude_DeepRL_Population_Models/real_ecology_runs/ricker_only_plus_72_20260720/runtime_snapshot_routing_fix/configs/real_default.yaml
411fbdd652214fcd029f3aac78c2af42c8ef37d46135570f9848c19a409e8c85	1142	12	GENERAL_FROZEN	/home/hphung/ce25_scratch2/general_rl_phase2_iso/real_ecology_runs/general_phase2e_full_sigma01_02_20260720_v1/code/configs/real_default.yaml
411fbdd652214fcd029f3aac78c2af42c8ef37d46135570f9848c19a409e8c85	1142	12	MAIN	/home/hphung/ce25_scratch2/Claude_DeepRL_Population_Models/configs/real_default.yaml
411fbdd652214fcd029f3aac78c2af42c8ef37d46135570f9848c19a409e8c85	1142	12	MAIN	/home/hphung/ce25_scratch2/Claude_DeepRL_Population_Models/real_ecology_runs/adapted_32cell_diagnostic_pending/code/configs/real_default.yaml
411fbdd652214fcd029f3aac78c2af42c8ef37d46135570f9848c19a409e8c85	1142	12	MAIN	/home/hphung/ce25_scratch2/Claude_DeepRL_Population_Models/real_ecology_runs/adapted_plus_moor_corrected_canary_20260717_v1/code/configs/real_default.yaml
411fbdd652214fcd029f3aac78c2af42c8ef37d46135570f9848c19a409e8c85	1142	12	MAIN	/home/hphung/ce25_scratch2/Claude_DeepRL_Population_Models/real_ecology_runs/hidden_rk_comparison_20260716/code/configs/real_default.yaml
411fbdd652214fcd029f3aac78c2af42c8ef37d46135570f9848c19a409e8c85	1142	12	MAIN	/home/hphung/ce25_scratch2/Claude_DeepRL_Population_Models/real_ecology_runs/paper_faithful_one_cell_4000_20260717_v1/code/configs/real_default.yaml
411fbdd652214fcd029f3aac78c2af42c8ef37d46135570f9848c19a409e8c85	1142	12	MAIN	/home/hphung/ce25_scratch2/Claude_DeepRL_Population_Models/real_ecology_runs/paper_faithful_smoke_20260717/code/configs/real_default.yaml
411fbdd652214fcd029f3aac78c2af42c8ef37d46135570f9848c19a409e8c85	1142	12	MAIN	/home/hphung/ce25_scratch2/Claude_DeepRL_Population_Models/real_ecology_runs/paper_faithful_smoke_20260717_v2/code/configs/real_default.yaml
411fbdd652214fcd029f3aac78c2af42c8ef37d46135570f9848c19a409e8c85	1142	12	MAIN	/home/hphung/ce25_scratch2/Claude_DeepRL_Population_Models/real_ecology_runs/paper_faithful_smoke_20260717_v3/code/configs/real_default.yaml
411fbdd652214fcd029f3aac78c2af42c8ef37d46135570f9848c19a409e8c85	1142	12	MAIN	/home/hphung/ce25_scratch2/Claude_DeepRL_Population_Models/real_ecology_runs/paper_faithful_smoke_20260717_v4/code/configs/real_default.yaml
411fbdd652214fcd029f3aac78c2af42c8ef37d46135570f9848c19a409e8c85	1142	12	MAIN	/home/hphung/ce25_scratch2/Claude_DeepRL_Population_Models/real_ecology_runs/ricker_only_plus_72_20260720/runtime_snapshot/configs/real_default.yaml
560a287a7fceaa70a7d5032bb8fd3e657ba71381c184cee3980693abf6adbf6b	969	12	ECO_FROZEN	/home/hphung/ce25_scratch2/Claude_DeepRL_Population_Models/real_ecology_runs/ricker_only_plus_72_20260720/runtime_snapshot_routing_fix/configs/hidden_rk_smoke.yaml
560a287a7fceaa70a7d5032bb8fd3e657ba71381c184cee3980693abf6adbf6b	969	12	GENERAL_FROZEN	/home/hphung/ce25_scratch2/general_rl_phase2_iso/real_ecology_runs/general_phase2e_full_sigma01_02_20260720_v1/code/configs/hidden_rk_smoke.yaml
560a287a7fceaa70a7d5032bb8fd3e657ba71381c184cee3980693abf6adbf6b	969	12	MAIN	/home/hphung/ce25_scratch2/Claude_DeepRL_Population_Models/configs/hidden_rk_smoke.yaml
560a287a7fceaa70a7d5032bb8fd3e657ba71381c184cee3980693abf6adbf6b	969	12	MAIN	/home/hphung/ce25_scratch2/Claude_DeepRL_Population_Models/real_ecology_runs/adapted_32cell_diagnostic_pending/code/configs/hidden_rk_smoke.yaml
560a287a7fceaa70a7d5032bb8fd3e657ba71381c184cee3980693abf6adbf6b	969	12	MAIN	/home/hphung/ce25_scratch2/Claude_DeepRL_Population_Models/real_ecology_runs/adapted_plus_moor_corrected_canary_20260717_v1/code/configs/hidden_rk_smoke.yaml
560a287a7fceaa70a7d5032bb8fd3e657ba71381c184cee3980693abf6adbf6b	969	12	MAIN	/home/hphung/ce25_scratch2/Claude_DeepRL_Population_Models/real_ecology_runs/hidden_rk_comparison_20260716/code/configs/hidden_rk_smoke.yaml
560a287a7fceaa70a7d5032bb8fd3e657ba71381c184cee3980693abf6adbf6b	969	12	MAIN	/home/hphung/ce25_scratch2/Claude_DeepRL_Population_Models/real_ecology_runs/paper_faithful_one_cell_4000_20260717_v1/code/configs/hidden_rk_smoke.yaml
560a287a7fceaa70a7d5032bb8fd3e657ba71381c184cee3980693abf6adbf6b	969	12	MAIN	/home/hphung/ce25_scratch2/Claude_DeepRL_Population_Models/real_ecology_runs/paper_faithful_smoke_20260717/code/configs/hidden_rk_smoke.yaml
560a287a7fceaa70a7d5032bb8fd3e657ba71381c184cee3980693abf6adbf6b	969	12	MAIN	/home/hphung/ce25_scratch2/Claude_DeepRL_Population_Models/real_ecology_runs/paper_faithful_smoke_20260717_v2/code/configs/hidden_rk_smoke.yaml
560a287a7fceaa70a7d5032bb8fd3e657ba71381c184cee3980693abf6adbf6b	969	12	MAIN	/home/hphung/ce25_scratch2/Claude_DeepRL_Population_Models/real_ecology_runs/paper_faithful_smoke_20260717_v3/code/configs/hidden_rk_smoke.yaml
560a287a7fceaa70a7d5032bb8fd3e657ba71381c184cee3980693abf6adbf6b	969	12	MAIN	/home/hphung/ce25_scratch2/Claude_DeepRL_Population_Models/real_ecology_runs/paper_faithful_smoke_20260717_v4/code/configs/hidden_rk_smoke.yaml
560a287a7fceaa70a7d5032bb8fd3e657ba71381c184cee3980693abf6adbf6b	969	12	MAIN	/home/hphung/ce25_scratch2/Claude_DeepRL_Population_Models/real_ecology_runs/ricker_only_plus_72_20260720/runtime_snapshot/configs/hidden_rk_smoke.yaml
59b2418cff66c96bb84453e990ca6df223e6e0eba9dabf274daf59cde097eb28	1714	12	ECO_FROZEN	/home/hphung/ce25_scratch2/Claude_DeepRL_Population_Models/real_ecology_runs/ricker_only_plus_72_20260720/runtime_snapshot_routing_fix/scripts/make_motivation_native_manifest.py
59b2418cff66c96bb84453e990ca6df223e6e0eba9dabf274daf59cde097eb28	1714	12	GENERAL_FROZEN	/home/hphung/ce25_scratch2/general_rl_phase2_iso/real_ecology_runs/general_phase2e_full_sigma01_02_20260720_v1/code/scripts/make_motivation_native_manifest.py
59b2418cff66c96bb84453e990ca6df223e6e0eba9dabf274daf59cde097eb28	1714	12	MAIN	/home/hphung/ce25_scratch2/Claude_DeepRL_Population_Models/real_ecology_runs/adapted_32cell_diagnostic_pending/code/scripts/make_motivation_native_manifest.py
59b2418cff66c96bb84453e990ca6df223e6e0eba9dabf274daf59cde097eb28	1714	12	MAIN	/home/hphung/ce25_scratch2/Claude_DeepRL_Population_Models/real_ecology_runs/adapted_plus_moor_corrected_canary_20260717_v1/code/scripts/make_motivation_native_manifest.py
59b2418cff66c96bb84453e990ca6df223e6e0eba9dabf274daf59cde097eb28	1714	12	MAIN	/home/hphung/ce25_scratch2/Claude_DeepRL_Population_Models/real_ecology_runs/hidden_rk_comparison_20260716/code/scripts/make_motivation_native_manifest.py
59b2418cff66c96bb84453e990ca6df223e6e0eba9dabf274daf59cde097eb28	1714	12	MAIN	/home/hphung/ce25_scratch2/Claude_DeepRL_Population_Models/real_ecology_runs/paper_faithful_one_cell_4000_20260717_v1/code/scripts/make_motivation_native_manifest.py
59b2418cff66c96bb84453e990ca6df223e6e0eba9dabf274daf59cde097eb28	1714	12	MAIN	/home/hphung/ce25_scratch2/Claude_DeepRL_Population_Models/real_ecology_runs/paper_faithful_smoke_20260717/code/scripts/make_motivation_native_manifest.py
59b2418cff66c96bb84453e990ca6df223e6e0eba9dabf274daf59cde097eb28	1714	12	MAIN	/home/hphung/ce25_scratch2/Claude_DeepRL_Population_Models/real_ecology_runs/paper_faithful_smoke_20260717_v2/code/scripts/make_motivation_native_manifest.py
59b2418cff66c96bb84453e990ca6df223e6e0eba9dabf274daf59cde097eb28	1714	12	MAIN	/home/hphung/ce25_scratch2/Claude_DeepRL_Population_Models/real_ecology_runs/paper_faithful_smoke_20260717_v3/code/scripts/make_motivation_native_manifest.py
59b2418cff66c96bb84453e990ca6df223e6e0eba9dabf274daf59cde097eb28	1714	12	MAIN	/home/hphung/ce25_scratch2/Claude_DeepRL_Population_Models/real_ecology_runs/paper_faithful_smoke_20260717_v4/code/scripts/make_motivation_native_manifest.py
59b2418cff66c96bb84453e990ca6df223e6e0eba9dabf274daf59cde097eb28	1714	12	MAIN	/home/hphung/ce25_scratch2/Claude_DeepRL_Population_Models/real_ecology_runs/ricker_only_plus_72_20260720/runtime_snapshot/scripts/make_motivation_native_manifest.py
59b2418cff66c96bb84453e990ca6df223e6e0eba9dabf274daf59cde097eb28	1714	12	MAIN	/home/hphung/ce25_scratch2/Claude_DeepRL_Population_Models/scripts/make_motivation_native_manifest.py
620e169f8d7b165bcec17d4d8bf2b67c53fbce9d8d50d9f4b2a1bc34de163610	1560	12	ECO_FROZEN	/home/hphung/ce25_scratch2/Claude_DeepRL_Population_Models/real_ecology_runs/ricker_only_plus_72_20260720/runtime_snapshot_routing_fix/src/real_ecology_benchmark/__init__.py
620e169f8d7b165bcec17d4d8bf2b67c53fbce9d8d50d9f4b2a1bc34de163610	1560	12	GENERAL_FROZEN	/home/hphung/ce25_scratch2/general_rl_phase2_iso/real_ecology_runs/general_phase2e_full_sigma01_02_20260720_v1/code/src/real_ecology_benchmark/__init__.py
620e169f8d7b165bcec17d4d8bf2b67c53fbce9d8d50d9f4b2a1bc34de163610	1560	12	MAIN	/home/hphung/ce25_scratch2/Claude_DeepRL_Population_Models/real_ecology_runs/adapted_32cell_diagnostic_pending/code/src/real_ecology_benchmark/__init__.py
620e169f8d7b165bcec17d4d8bf2b67c53fbce9d8d50d9f4b2a1bc34de163610	1560	12	MAIN	/home/hphung/ce25_scratch2/Claude_DeepRL_Population_Models/real_ecology_runs/adapted_plus_moor_corrected_canary_20260717_v1/code/src/real_ecology_benchmark/__init__.py
620e169f8d7b165bcec17d4d8bf2b67c53fbce9d8d50d9f4b2a1bc34de163610	1560	12	MAIN	/home/hphung/ce25_scratch2/Claude_DeepRL_Population_Models/real_ecology_runs/hidden_rk_comparison_20260716/code/src/real_ecology_benchmark/__init__.py
620e169f8d7b165bcec17d4d8bf2b67c53fbce9d8d50d9f4b2a1bc34de163610	1560	12	MAIN	/home/hphung/ce25_scratch2/Claude_DeepRL_Population_Models/real_ecology_runs/paper_faithful_one_cell_4000_20260717_v1/code/src/real_ecology_benchmark/__init__.py
620e169f8d7b165bcec17d4d8bf2b67c53fbce9d8d50d9f4b2a1bc34de163610	1560	12	MAIN	/home/hphung/ce25_scratch2/Claude_DeepRL_Population_Models/real_ecology_runs/paper_faithful_smoke_20260717/code/src/real_ecology_benchmark/__init__.py
620e169f8d7b165bcec17d4d8bf2b67c53fbce9d8d50d9f4b2a1bc34de163610	1560	12	MAIN	/home/hphung/ce25_scratch2/Claude_DeepRL_Population_Models/real_ecology_runs/paper_faithful_smoke_20260717_v2/code/src/real_ecology_benchmark/__init__.py
620e169f8d7b165bcec17d4d8bf2b67c53fbce9d8d50d9f4b2a1bc34de163610	1560	12	MAIN	/home/hphung/ce25_scratch2/Claude_DeepRL_Population_Models/real_ecology_runs/paper_faithful_smoke_20260717_v3/code/src/real_ecology_benchmark/__init__.py
620e169f8d7b165bcec17d4d8bf2b67c53fbce9d8d50d9f4b2a1bc34de163610	1560	12	MAIN	/home/hphung/ce25_scratch2/Claude_DeepRL_Population_Models/real_ecology_runs/paper_faithful_smoke_20260717_v4/code/src/real_ecology_benchmark/__init__.py
620e169f8d7b165bcec17d4d8bf2b67c53fbce9d8d50d9f4b2a1bc34de163610	1560	12	MAIN	/home/hphung/ce25_scratch2/Claude_DeepRL_Population_Models/real_ecology_runs/ricker_only_plus_72_20260720/runtime_snapshot/src/real_ecology_benchmark/__init__.py
620e169f8d7b165bcec17d4d8bf2b67c53fbce9d8d50d9f4b2a1bc34de163610	1560	12	MAIN	/home/hphung/ce25_scratch2/Claude_DeepRL_Population_Models/src/real_ecology_benchmark/__init__.py
6403e0d2f89a5ee1eed04bf226425e4abe2566f3aa15fac27fe10de4861dd811	2844	12	ECO_FROZEN	/home/hphung/ce25_scratch2/Claude_DeepRL_Population_Models/real_ecology_runs/ricker_only_plus_72_20260720/runtime_snapshot_routing_fix/src/real_ecology_benchmark/methods/mopo.py
6403e0d2f89a5ee1eed04bf226425e4abe2566f3aa15fac27fe10de4861dd811	2844	12	GENERAL_FROZEN	/home/hphung/ce25_scratch2/general_rl_phase2_iso/real_ecology_runs/general_phase2e_full_sigma01_02_20260720_v1/code/src/real_ecology_benchmark/methods/mopo.py
6403e0d2f89a5ee1eed04bf226425e4abe2566f3aa15fac27fe10de4861dd811	2844	12	MAIN	/home/hphung/ce25_scratch2/Claude_DeepRL_Population_Models/real_ecology_runs/adapted_32cell_diagnostic_pending/code/src/real_ecology_benchmark/methods/mopo.py
6403e0d2f89a5ee1eed04bf226425e4abe2566f3aa15fac27fe10de4861dd811	2844	12	MAIN	/home/hphung/ce25_scratch2/Claude_DeepRL_Population_Models/real_ecology_runs/adapted_plus_moor_corrected_canary_20260717_v1/code/src/real_ecology_benchmark/methods/mopo.py
6403e0d2f89a5ee1eed04bf226425e4abe2566f3aa15fac27fe10de4861dd811	2844	12	MAIN	/home/hphung/ce25_scratch2/Claude_DeepRL_Population_Models/real_ecology_runs/hidden_rk_comparison_20260716/code/src/real_ecology_benchmark/methods/mopo.py
6403e0d2f89a5ee1eed04bf226425e4abe2566f3aa15fac27fe10de4861dd811	2844	12	MAIN	/home/hphung/ce25_scratch2/Claude_DeepRL_Population_Models/real_ecology_runs/paper_faithful_one_cell_4000_20260717_v1/code/src/real_ecology_benchmark/methods/mopo.py
6403e0d2f89a5ee1eed04bf226425e4abe2566f3aa15fac27fe10de4861dd811	2844	12	MAIN	/home/hphung/ce25_scratch2/Claude_DeepRL_Population_Models/real_ecology_runs/paper_faithful_smoke_20260717/code/src/real_ecology_benchmark/methods/mopo.py
6403e0d2f89a5ee1eed04bf226425e4abe2566f3aa15fac27fe10de4861dd811	2844	12	MAIN	/home/hphung/ce25_scratch2/Claude_DeepRL_Population_Models/real_ecology_runs/paper_faithful_smoke_20260717_v2/code/src/real_ecology_benchmark/methods/mopo.py
6403e0d2f89a5ee1eed04bf226425e4abe2566f3aa15fac27fe10de4861dd811	2844	12	MAIN	/home/hphung/ce25_scratch2/Claude_DeepRL_Population_Models/real_ecology_runs/paper_faithful_smoke_20260717_v3/code/src/real_ecology_benchmark/methods/mopo.py
6403e0d2f89a5ee1eed04bf226425e4abe2566f3aa15fac27fe10de4861dd811	2844	12	MAIN	/home/hphung/ce25_scratch2/Claude_DeepRL_Population_Models/real_ecology_runs/paper_faithful_smoke_20260717_v4/code/src/real_ecology_benchmark/methods/mopo.py
6403e0d2f89a5ee1eed04bf226425e4abe2566f3aa15fac27fe10de4861dd811	2844	12	MAIN	/home/hphung/ce25_scratch2/Claude_DeepRL_Population_Models/real_ecology_runs/ricker_only_plus_72_20260720/runtime_snapshot/src/real_ecology_benchmark/methods/mopo.py
6403e0d2f89a5ee1eed04bf226425e4abe2566f3aa15fac27fe10de4861dd811	2844	12	MAIN	/home/hphung/ce25_scratch2/Claude_DeepRL_Population_Models/src/real_ecology_benchmark/methods/mopo.py
6c23b6414985cd1c3df5103bf8b38aaccdec10ae563fb7039c53ee4552253ab0	16760	12	ECO_FROZEN	/home/hphung/ce25_scratch2/Claude_DeepRL_Population_Models/real_ecology_runs/ricker_only_plus_72_20260720/runtime_snapshot_routing_fix/scripts/run_motivation_acceptance.py
6c23b6414985cd1c3df5103bf8b38aaccdec10ae563fb7039c53ee4552253ab0	16760	12	GENERAL_FROZEN	/home/hphung/ce25_scratch2/general_rl_phase2_iso/real_ecology_runs/general_phase2e_full_sigma01_02_20260720_v1/code/scripts/run_motivation_acceptance.py
6c23b6414985cd1c3df5103bf8b38aaccdec10ae563fb7039c53ee4552253ab0	16760	12	MAIN	/home/hphung/ce25_scratch2/Claude_DeepRL_Population_Models/real_ecology_runs/adapted_32cell_diagnostic_pending/code/scripts/run_motivation_acceptance.py
6c23b6414985cd1c3df5103bf8b38aaccdec10ae563fb7039c53ee4552253ab0	16760	12	MAIN	/home/hphung/ce25_scratch2/Claude_DeepRL_Population_Models/real_ecology_runs/adapted_plus_moor_corrected_canary_20260717_v1/code/scripts/run_motivation_acceptance.py
6c23b6414985cd1c3df5103bf8b38aaccdec10ae563fb7039c53ee4552253ab0	16760	12	MAIN	/home/hphung/ce25_scratch2/Claude_DeepRL_Population_Models/real_ecology_runs/hidden_rk_comparison_20260716/code/scripts/run_motivation_acceptance.py
6c23b6414985cd1c3df5103bf8b38aaccdec10ae563fb7039c53ee4552253ab0	16760	12	MAIN	/home/hphung/ce25_scratch2/Claude_DeepRL_Population_Models/real_ecology_runs/paper_faithful_one_cell_4000_20260717_v1/code/scripts/run_motivation_acceptance.py
6c23b6414985cd1c3df5103bf8b38aaccdec10ae563fb7039c53ee4552253ab0	16760	12	MAIN	/home/hphung/ce25_scratch2/Claude_DeepRL_Population_Models/real_ecology_runs/paper_faithful_smoke_20260717/code/scripts/run_motivation_acceptance.py
6c23b6414985cd1c3df5103bf8b38aaccdec10ae563fb7039c53ee4552253ab0	16760	12	MAIN	/home/hphung/ce25_scratch2/Claude_DeepRL_Population_Models/real_ecology_runs/paper_faithful_smoke_20260717_v2/code/scripts/run_motivation_acceptance.py
6c23b6414985cd1c3df5103bf8b38aaccdec10ae563fb7039c53ee4552253ab0	16760	12	MAIN	/home/hphung/ce25_scratch2/Claude_DeepRL_Population_Models/real_ecology_runs/paper_faithful_smoke_20260717_v3/code/scripts/run_motivation_acceptance.py
6c23b6414985cd1c3df5103bf8b38aaccdec10ae563fb7039c53ee4552253ab0	16760	12	MAIN	/home/hphung/ce25_scratch2/Claude_DeepRL_Population_Models/real_ecology_runs/paper_faithful_smoke_20260717_v4/code/scripts/run_motivation_acceptance.py
6c23b6414985cd1c3df5103bf8b38aaccdec10ae563fb7039c53ee4552253ab0	16760	12	MAIN	/home/hphung/ce25_scratch2/Claude_DeepRL_Population_Models/real_ecology_runs/ricker_only_plus_72_20260720/runtime_snapshot/scripts/run_motivation_acceptance.py
6c23b6414985cd1c3df5103bf8b38aaccdec10ae563fb7039c53ee4552253ab0	16760	12	MAIN	/home/hphung/ce25_scratch2/Claude_DeepRL_Population_Models/scripts/run_motivation_acceptance.py
7825f173843a0ff76339528e88b976444349ce93dcd8f763320376257f23813a	6810	12	ECO_FROZEN	/home/hphung/ce25_scratch2/Claude_DeepRL_Population_Models/real_ecology_runs/ricker_only_plus_72_20260720/runtime_snapshot_routing_fix/scripts/make_general_audit_manifest.py
7825f173843a0ff76339528e88b976444349ce93dcd8f763320376257f23813a	6810	12	MAIN	/home/hphung/ce25_scratch2/Claude_DeepRL_Population_Models/real_ecology_runs/adapted_32cell_diagnostic_pending/code/scripts/make_general_audit_manifest.py
7825f173843a0ff76339528e88b976444349ce93dcd8f763320376257f23813a	6810	12	MAIN	/home/hphung/ce25_scratch2/Claude_DeepRL_Population_Models/real_ecology_runs/adapted_plus_moor_corrected_canary_20260717_v1/code/scripts/make_general_audit_manifest.py
7825f173843a0ff76339528e88b976444349ce93dcd8f763320376257f23813a	6810	12	MAIN	/home/hphung/ce25_scratch2/Claude_DeepRL_Population_Models/real_ecology_runs/general_audit_20260712/code/scripts/make_general_audit_manifest.py
7825f173843a0ff76339528e88b976444349ce93dcd8f763320376257f23813a	6810	12	MAIN	/home/hphung/ce25_scratch2/Claude_DeepRL_Population_Models/real_ecology_runs/hidden_rk_comparison_20260716/code/scripts/make_general_audit_manifest.py
7825f173843a0ff76339528e88b976444349ce93dcd8f763320376257f23813a	6810	12	MAIN	/home/hphung/ce25_scratch2/Claude_DeepRL_Population_Models/real_ecology_runs/paper_faithful_one_cell_4000_20260717_v1/code/scripts/make_general_audit_manifest.py
7825f173843a0ff76339528e88b976444349ce93dcd8f763320376257f23813a	6810	12	MAIN	/home/hphung/ce25_scratch2/Claude_DeepRL_Population_Models/real_ecology_runs/paper_faithful_smoke_20260717/code/scripts/make_general_audit_manifest.py
7825f173843a0ff76339528e88b976444349ce93dcd8f763320376257f23813a	6810	12	MAIN	/home/hphung/ce25_scratch2/Claude_DeepRL_Population_Models/real_ecology_runs/paper_faithful_smoke_20260717_v2/code/scripts/make_general_audit_manifest.py
7825f173843a0ff76339528e88b976444349ce93dcd8f763320376257f23813a	6810	12	MAIN	/home/hphung/ce25_scratch2/Claude_DeepRL_Population_Models/real_ecology_runs/paper_faithful_smoke_20260717_v3/code/scripts/make_general_audit_manifest.py
7825f173843a0ff76339528e88b976444349ce93dcd8f763320376257f23813a	6810	12	MAIN	/home/hphung/ce25_scratch2/Claude_DeepRL_Population_Models/real_ecology_runs/paper_faithful_smoke_20260717_v4/code/scripts/make_general_audit_manifest.py
7825f173843a0ff76339528e88b976444349ce93dcd8f763320376257f23813a	6810	12	MAIN	/home/hphung/ce25_scratch2/Claude_DeepRL_Population_Models/real_ecology_runs/ricker_only_plus_72_20260720/runtime_snapshot/scripts/make_general_audit_manifest.py
7825f173843a0ff76339528e88b976444349ce93dcd8f763320376257f23813a	6810	12	MAIN	/home/hphung/ce25_scratch2/Claude_DeepRL_Population_Models/scripts/make_general_audit_manifest.py
8c84f273e3daf9efcaccf84ef0e152196a3b7b6c0c35f24157a001859f42d38a	1016	12	ECO_FROZEN	/home/hphung/ce25_scratch2/Claude_DeepRL_Population_Models/real_ecology_runs/ricker_only_plus_72_20260720/runtime_snapshot_routing_fix/configs/motivation_native_smoke.yaml
8c84f273e3daf9efcaccf84ef0e152196a3b7b6c0c35f24157a001859f42d38a	1016	12	GENERAL_FROZEN	/home/hphung/ce25_scratch2/general_rl_phase2_iso/real_ecology_runs/general_phase2e_full_sigma01_02_20260720_v1/code/configs/motivation_native_smoke.yaml
8c84f273e3daf9efcaccf84ef0e152196a3b7b6c0c35f24157a001859f42d38a	1016	12	MAIN	/home/hphung/ce25_scratch2/Claude_DeepRL_Population_Models/configs/motivation_native_smoke.yaml
8c84f273e3daf9efcaccf84ef0e152196a3b7b6c0c35f24157a001859f42d38a	1016	12	MAIN	/home/hphung/ce25_scratch2/Claude_DeepRL_Population_Models/real_ecology_runs/adapted_32cell_diagnostic_pending/code/configs/motivation_native_smoke.yaml
8c84f273e3daf9efcaccf84ef0e152196a3b7b6c0c35f24157a001859f42d38a	1016	12	MAIN	/home/hphung/ce25_scratch2/Claude_DeepRL_Population_Models/real_ecology_runs/adapted_plus_moor_corrected_canary_20260717_v1/code/configs/motivation_native_smoke.yaml
8c84f273e3daf9efcaccf84ef0e152196a3b7b6c0c35f24157a001859f42d38a	1016	12	MAIN	/home/hphung/ce25_scratch2/Claude_DeepRL_Population_Models/real_ecology_runs/hidden_rk_comparison_20260716/code/configs/motivation_native_smoke.yaml
8c84f273e3daf9efcaccf84ef0e152196a3b7b6c0c35f24157a001859f42d38a	1016	12	MAIN	/home/hphung/ce25_scratch2/Claude_DeepRL_Population_Models/real_ecology_runs/paper_faithful_one_cell_4000_20260717_v1/code/configs/motivation_native_smoke.yaml
8c84f273e3daf9efcaccf84ef0e152196a3b7b6c0c35f24157a001859f42d38a	1016	12	MAIN	/home/hphung/ce25_scratch2/Claude_DeepRL_Population_Models/real_ecology_runs/paper_faithful_smoke_20260717/code/configs/motivation_native_smoke.yaml
8c84f273e3daf9efcaccf84ef0e152196a3b7b6c0c35f24157a001859f42d38a	1016	12	MAIN	/home/hphung/ce25_scratch2/Claude_DeepRL_Population_Models/real_ecology_runs/paper_faithful_smoke_20260717_v2/code/configs/motivation_native_smoke.yaml
8c84f273e3daf9efcaccf84ef0e152196a3b7b6c0c35f24157a001859f42d38a	1016	12	MAIN	/home/hphung/ce25_scratch2/Claude_DeepRL_Population_Models/real_ecology_runs/paper_faithful_smoke_20260717_v3/code/configs/motivation_native_smoke.yaml
8c84f273e3daf9efcaccf84ef0e152196a3b7b6c0c35f24157a001859f42d38a	1016	12	MAIN	/home/hphung/ce25_scratch2/Claude_DeepRL_Population_Models/real_ecology_runs/paper_faithful_smoke_20260717_v4/code/configs/motivation_native_smoke.yaml
8c84f273e3daf9efcaccf84ef0e152196a3b7b6c0c35f24157a001859f42d38a	1016	12	MAIN	/home/hphung/ce25_scratch2/Claude_DeepRL_Population_Models/real_ecology_runs/ricker_only_plus_72_20260720/runtime_snapshot/configs/motivation_native_smoke.yaml
9238872e740a9fd29a0a9892108155782eafde7c3fd7d68261f846aa63caf73c	22946	12	ECO_FROZEN	/home/hphung/ce25_scratch2/Claude_DeepRL_Population_Models/real_ecology_runs/ricker_only_plus_72_20260720/runtime_snapshot_routing_fix/src/real_ecology_benchmark/collector.py
9238872e740a9fd29a0a9892108155782eafde7c3fd7d68261f846aa63caf73c	22946	12	GENERAL_FROZEN	/home/hphung/ce25_scratch2/general_rl_phase2_iso/real_ecology_runs/general_phase2e_full_sigma01_02_20260720_v1/code/src/real_ecology_benchmark/collector.py
9238872e740a9fd29a0a9892108155782eafde7c3fd7d68261f846aa63caf73c	22946	12	MAIN	/home/hphung/ce25_scratch2/Claude_DeepRL_Population_Models/real_ecology_runs/adapted_32cell_diagnostic_pending/code/src/real_ecology_benchmark/collector.py
9238872e740a9fd29a0a9892108155782eafde7c3fd7d68261f846aa63caf73c	22946	12	MAIN	/home/hphung/ce25_scratch2/Claude_DeepRL_Population_Models/real_ecology_runs/adapted_plus_moor_corrected_canary_20260717_v1/code/src/real_ecology_benchmark/collector.py
9238872e740a9fd29a0a9892108155782eafde7c3fd7d68261f846aa63caf73c	22946	12	MAIN	/home/hphung/ce25_scratch2/Claude_DeepRL_Population_Models/real_ecology_runs/hidden_rk_comparison_20260716/code/src/real_ecology_benchmark/collector.py
9238872e740a9fd29a0a9892108155782eafde7c3fd7d68261f846aa63caf73c	22946	12	MAIN	/home/hphung/ce25_scratch2/Claude_DeepRL_Population_Models/real_ecology_runs/paper_faithful_one_cell_4000_20260717_v1/code/src/real_ecology_benchmark/collector.py
9238872e740a9fd29a0a9892108155782eafde7c3fd7d68261f846aa63caf73c	22946	12	MAIN	/home/hphung/ce25_scratch2/Claude_DeepRL_Population_Models/real_ecology_runs/paper_faithful_smoke_20260717/code/src/real_ecology_benchmark/collector.py
9238872e740a9fd29a0a9892108155782eafde7c3fd7d68261f846aa63caf73c	22946	12	MAIN	/home/hphung/ce25_scratch2/Claude_DeepRL_Population_Models/real_ecology_runs/paper_faithful_smoke_20260717_v2/code/src/real_ecology_benchmark/collector.py
9238872e740a9fd29a0a9892108155782eafde7c3fd7d68261f846aa63caf73c	22946	12	MAIN	/home/hphung/ce25_scratch2/Claude_DeepRL_Population_Models/real_ecology_runs/paper_faithful_smoke_20260717_v3/code/src/real_ecology_benchmark/collector.py
9238872e740a9fd29a0a9892108155782eafde7c3fd7d68261f846aa63caf73c	22946	12	MAIN	/home/hphung/ce25_scratch2/Claude_DeepRL_Population_Models/real_ecology_runs/paper_faithful_smoke_20260717_v4/code/src/real_ecology_benchmark/collector.py
9238872e740a9fd29a0a9892108155782eafde7c3fd7d68261f846aa63caf73c	22946	12	MAIN	/home/hphung/ce25_scratch2/Claude_DeepRL_Population_Models/real_ecology_runs/ricker_only_plus_72_20260720/runtime_snapshot/src/real_ecology_benchmark/collector.py
9238872e740a9fd29a0a9892108155782eafde7c3fd7d68261f846aa63caf73c	22946	12	MAIN	/home/hphung/ce25_scratch2/Claude_DeepRL_Population_Models/src/real_ecology_benchmark/collector.py
957a7c838f8198f192582a60f17f5abf028f432810e39f8caa337dc9f6f0f020	7942	12	ECO_FROZEN	/home/hphung/ce25_scratch2/Claude_DeepRL_Population_Models/real_ecology_runs/ricker_only_plus_72_20260720/runtime_snapshot_routing_fix/src/real_ecology_benchmark/methods/plus_native.py
957a7c838f8198f192582a60f17f5abf028f432810e39f8caa337dc9f6f0f020	7942	12	GENERAL_FROZEN	/home/hphung/ce25_scratch2/general_rl_phase2_iso/real_ecology_runs/general_phase2e_full_sigma01_02_20260720_v1/code/src/real_ecology_benchmark/methods/plus_native.py
957a7c838f8198f192582a60f17f5abf028f432810e39f8caa337dc9f6f0f020	7942	12	MAIN	/home/hphung/ce25_scratch2/Claude_DeepRL_Population_Models/real_ecology_runs/adapted_32cell_diagnostic_pending/code/src/real_ecology_benchmark/methods/plus_native.py
957a7c838f8198f192582a60f17f5abf028f432810e39f8caa337dc9f6f0f020	7942	12	MAIN	/home/hphung/ce25_scratch2/Claude_DeepRL_Population_Models/real_ecology_runs/adapted_plus_moor_corrected_canary_20260717_v1/code/src/real_ecology_benchmark/methods/plus_native.py
957a7c838f8198f192582a60f17f5abf028f432810e39f8caa337dc9f6f0f020	7942	12	MAIN	/home/hphung/ce25_scratch2/Claude_DeepRL_Population_Models/real_ecology_runs/hidden_rk_comparison_20260716/code/src/real_ecology_benchmark/methods/plus_native.py
957a7c838f8198f192582a60f17f5abf028f432810e39f8caa337dc9f6f0f020	7942	12	MAIN	/home/hphung/ce25_scratch2/Claude_DeepRL_Population_Models/real_ecology_runs/paper_faithful_one_cell_4000_20260717_v1/code/src/real_ecology_benchmark/methods/plus_native.py
957a7c838f8198f192582a60f17f5abf028f432810e39f8caa337dc9f6f0f020	7942	12	MAIN	/home/hphung/ce25_scratch2/Claude_DeepRL_Population_Models/real_ecology_runs/paper_faithful_smoke_20260717/code/src/real_ecology_benchmark/methods/plus_native.py
957a7c838f8198f192582a60f17f5abf028f432810e39f8caa337dc9f6f0f020	7942	12	MAIN	/home/hphung/ce25_scratch2/Claude_DeepRL_Population_Models/real_ecology_runs/paper_faithful_smoke_20260717_v2/code/src/real_ecology_benchmark/methods/plus_native.py
957a7c838f8198f192582a60f17f5abf028f432810e39f8caa337dc9f6f0f020	7942	12	MAIN	/home/hphung/ce25_scratch2/Claude_DeepRL_Population_Models/real_ecology_runs/paper_faithful_smoke_20260717_v3/code/src/real_ecology_benchmark/methods/plus_native.py
957a7c838f8198f192582a60f17f5abf028f432810e39f8caa337dc9f6f0f020	7942	12	MAIN	/home/hphung/ce25_scratch2/Claude_DeepRL_Population_Models/real_ecology_runs/paper_faithful_smoke_20260717_v4/code/src/real_ecology_benchmark/methods/plus_native.py
957a7c838f8198f192582a60f17f5abf028f432810e39f8caa337dc9f6f0f020	7942	12	MAIN	/home/hphung/ce25_scratch2/Claude_DeepRL_Population_Models/real_ecology_runs/ricker_only_plus_72_20260720/runtime_snapshot/src/real_ecology_benchmark/methods/plus_native.py
957a7c838f8198f192582a60f17f5abf028f432810e39f8caa337dc9f6f0f020	7942	12	MAIN	/home/hphung/ce25_scratch2/Claude_DeepRL_Population_Models/src/real_ecology_benchmark/methods/plus_native.py
9c9a8e9eaf0e7651fad1c30221aec0fcc736cdada6d698e3ad8567a0929d0ce7	9904	12	ECO_FROZEN	/home/hphung/ce25_scratch2/Claude_DeepRL_Population_Models/real_ecology_runs/ricker_only_plus_72_20260720/runtime_snapshot_routing_fix/src/real_ecology_benchmark/native_fit.py
9c9a8e9eaf0e7651fad1c30221aec0fcc736cdada6d698e3ad8567a0929d0ce7	9904	12	GENERAL_FROZEN	/home/hphung/ce25_scratch2/general_rl_phase2_iso/real_ecology_runs/general_phase2e_full_sigma01_02_20260720_v1/code/src/real_ecology_benchmark/native_fit.py
9c9a8e9eaf0e7651fad1c30221aec0fcc736cdada6d698e3ad8567a0929d0ce7	9904	12	MAIN	/home/hphung/ce25_scratch2/Claude_DeepRL_Population_Models/real_ecology_runs/adapted_32cell_diagnostic_pending/code/src/real_ecology_benchmark/native_fit.py
9c9a8e9eaf0e7651fad1c30221aec0fcc736cdada6d698e3ad8567a0929d0ce7	9904	12	MAIN	/home/hphung/ce25_scratch2/Claude_DeepRL_Population_Models/real_ecology_runs/adapted_plus_moor_corrected_canary_20260717_v1/code/src/real_ecology_benchmark/native_fit.py
9c9a8e9eaf0e7651fad1c30221aec0fcc736cdada6d698e3ad8567a0929d0ce7	9904	12	MAIN	/home/hphung/ce25_scratch2/Claude_DeepRL_Population_Models/real_ecology_runs/hidden_rk_comparison_20260716/code/src/real_ecology_benchmark/native_fit.py
9c9a8e9eaf0e7651fad1c30221aec0fcc736cdada6d698e3ad8567a0929d0ce7	9904	12	MAIN	/home/hphung/ce25_scratch2/Claude_DeepRL_Population_Models/real_ecology_runs/paper_faithful_one_cell_4000_20260717_v1/code/src/real_ecology_benchmark/native_fit.py
9c9a8e9eaf0e7651fad1c30221aec0fcc736cdada6d698e3ad8567a0929d0ce7	9904	12	MAIN	/home/hphung/ce25_scratch2/Claude_DeepRL_Population_Models/real_ecology_runs/paper_faithful_smoke_20260717/code/src/real_ecology_benchmark/native_fit.py
9c9a8e9eaf0e7651fad1c30221aec0fcc736cdada6d698e3ad8567a0929d0ce7	9904	12	MAIN	/home/hphung/ce25_scratch2/Claude_DeepRL_Population_Models/real_ecology_runs/paper_faithful_smoke_20260717_v2/code/src/real_ecology_benchmark/native_fit.py
9c9a8e9eaf0e7651fad1c30221aec0fcc736cdada6d698e3ad8567a0929d0ce7	9904	12	MAIN	/home/hphung/ce25_scratch2/Claude_DeepRL_Population_Models/real_ecology_runs/paper_faithful_smoke_20260717_v3/code/src/real_ecology_benchmark/native_fit.py
9c9a8e9eaf0e7651fad1c30221aec0fcc736cdada6d698e3ad8567a0929d0ce7	9904	12	MAIN	/home/hphung/ce25_scratch2/Claude_DeepRL_Population_Models/real_ecology_runs/paper_faithful_smoke_20260717_v4/code/src/real_ecology_benchmark/native_fit.py
9c9a8e9eaf0e7651fad1c30221aec0fcc736cdada6d698e3ad8567a0929d0ce7	9904	12	MAIN	/home/hphung/ce25_scratch2/Claude_DeepRL_Population_Models/real_ecology_runs/ricker_only_plus_72_20260720/runtime_snapshot/src/real_ecology_benchmark/native_fit.py
9c9a8e9eaf0e7651fad1c30221aec0fcc736cdada6d698e3ad8567a0929d0ce7	9904	12	MAIN	/home/hphung/ce25_scratch2/Claude_DeepRL_Population_Models/src/real_ecology_benchmark/native_fit.py
a0ce3580049657f0b90f1f8bb8a4b67b1e26d8c164eb2462e898f1d7c9c52f68	10835	12	ECO_FROZEN	/home/hphung/ce25_scratch2/Claude_DeepRL_Population_Models/real_ecology_runs/ricker_only_plus_72_20260720/runtime_snapshot_routing_fix/src/real_ecology_benchmark/methods/plus.py
a0ce3580049657f0b90f1f8bb8a4b67b1e26d8c164eb2462e898f1d7c9c52f68	10835	12	GENERAL_FROZEN	/home/hphung/ce25_scratch2/general_rl_phase2_iso/real_ecology_runs/general_phase2e_full_sigma01_02_20260720_v1/code/src/real_ecology_benchmark/methods/plus.py
a0ce3580049657f0b90f1f8bb8a4b67b1e26d8c164eb2462e898f1d7c9c52f68	10835	12	MAIN	/home/hphung/ce25_scratch2/Claude_DeepRL_Population_Models/real_ecology_runs/adapted_32cell_diagnostic_pending/code/src/real_ecology_benchmark/methods/plus.py
a0ce3580049657f0b90f1f8bb8a4b67b1e26d8c164eb2462e898f1d7c9c52f68	10835	12	MAIN	/home/hphung/ce25_scratch2/Claude_DeepRL_Population_Models/real_ecology_runs/adapted_plus_moor_corrected_canary_20260717_v1/code/src/real_ecology_benchmark/methods/plus.py
a0ce3580049657f0b90f1f8bb8a4b67b1e26d8c164eb2462e898f1d7c9c52f68	10835	12	MAIN	/home/hphung/ce25_scratch2/Claude_DeepRL_Population_Models/real_ecology_runs/hidden_rk_comparison_20260716/code/src/real_ecology_benchmark/methods/plus.py
a0ce3580049657f0b90f1f8bb8a4b67b1e26d8c164eb2462e898f1d7c9c52f68	10835	12	MAIN	/home/hphung/ce25_scratch2/Claude_DeepRL_Population_Models/real_ecology_runs/paper_faithful_one_cell_4000_20260717_v1/code/src/real_ecology_benchmark/methods/plus.py
a0ce3580049657f0b90f1f8bb8a4b67b1e26d8c164eb2462e898f1d7c9c52f68	10835	12	MAIN	/home/hphung/ce25_scratch2/Claude_DeepRL_Population_Models/real_ecology_runs/paper_faithful_smoke_20260717/code/src/real_ecology_benchmark/methods/plus.py
a0ce3580049657f0b90f1f8bb8a4b67b1e26d8c164eb2462e898f1d7c9c52f68	10835	12	MAIN	/home/hphung/ce25_scratch2/Claude_DeepRL_Population_Models/real_ecology_runs/paper_faithful_smoke_20260717_v2/code/src/real_ecology_benchmark/methods/plus.py
a0ce3580049657f0b90f1f8bb8a4b67b1e26d8c164eb2462e898f1d7c9c52f68	10835	12	MAIN	/home/hphung/ce25_scratch2/Claude_DeepRL_Population_Models/real_ecology_runs/paper_faithful_smoke_20260717_v3/code/src/real_ecology_benchmark/methods/plus.py
a0ce3580049657f0b90f1f8bb8a4b67b1e26d8c164eb2462e898f1d7c9c52f68	10835	12	MAIN	/home/hphung/ce25_scratch2/Claude_DeepRL_Population_Models/real_ecology_runs/paper_faithful_smoke_20260717_v4/code/src/real_ecology_benchmark/methods/plus.py
a0ce3580049657f0b90f1f8bb8a4b67b1e26d8c164eb2462e898f1d7c9c52f68	10835	12	MAIN	/home/hphung/ce25_scratch2/Claude_DeepRL_Population_Models/real_ecology_runs/ricker_only_plus_72_20260720/runtime_snapshot/src/real_ecology_benchmark/methods/plus.py
a0ce3580049657f0b90f1f8bb8a4b67b1e26d8c164eb2462e898f1d7c9c52f68	10835	12	MAIN	/home/hphung/ce25_scratch2/Claude_DeepRL_Population_Models/src/real_ecology_benchmark/methods/plus.py
a45e13392620cce06de1b5d810a61fb9bc2e8208eb93af5ecd71add616194018	16315	12	ECO_FROZEN	/home/hphung/ce25_scratch2/Claude_DeepRL_Population_Models/real_ecology_runs/ricker_only_plus_72_20260720/runtime_snapshot_routing_fix/scripts/plot_motivation_native_results.py
a45e13392620cce06de1b5d810a61fb9bc2e8208eb93af5ecd71add616194018	16315	12	GENERAL_FROZEN	/home/hphung/ce25_scratch2/general_rl_phase2_iso/real_ecology_runs/general_phase2e_full_sigma01_02_20260720_v1/code/scripts/plot_motivation_native_results.py
a45e13392620cce06de1b5d810a61fb9bc2e8208eb93af5ecd71add616194018	16315	12	MAIN	/home/hphung/ce25_scratch2/Claude_DeepRL_Population_Models/real_ecology_runs/adapted_32cell_diagnostic_pending/code/scripts/plot_motivation_native_results.py
a45e13392620cce06de1b5d810a61fb9bc2e8208eb93af5ecd71add616194018	16315	12	MAIN	/home/hphung/ce25_scratch2/Claude_DeepRL_Population_Models/real_ecology_runs/adapted_plus_moor_corrected_canary_20260717_v1/code/scripts/plot_motivation_native_results.py
a45e13392620cce06de1b5d810a61fb9bc2e8208eb93af5ecd71add616194018	16315	12	MAIN	/home/hphung/ce25_scratch2/Claude_DeepRL_Population_Models/real_ecology_runs/hidden_rk_comparison_20260716/code/scripts/plot_motivation_native_results.py
a45e13392620cce06de1b5d810a61fb9bc2e8208eb93af5ecd71add616194018	16315	12	MAIN	/home/hphung/ce25_scratch2/Claude_DeepRL_Population_Models/real_ecology_runs/paper_faithful_one_cell_4000_20260717_v1/code/scripts/plot_motivation_native_results.py
a45e13392620cce06de1b5d810a61fb9bc2e8208eb93af5ecd71add616194018	16315	12	MAIN	/home/hphung/ce25_scratch2/Claude_DeepRL_Population_Models/real_ecology_runs/paper_faithful_smoke_20260717/code/scripts/plot_motivation_native_results.py
a45e13392620cce06de1b5d810a61fb9bc2e8208eb93af5ecd71add616194018	16315	12	MAIN	/home/hphung/ce25_scratch2/Claude_DeepRL_Population_Models/real_ecology_runs/paper_faithful_smoke_20260717_v2/code/scripts/plot_motivation_native_results.py
a45e13392620cce06de1b5d810a61fb9bc2e8208eb93af5ecd71add616194018	16315	12	MAIN	/home/hphung/ce25_scratch2/Claude_DeepRL_Population_Models/real_ecology_runs/paper_faithful_smoke_20260717_v3/code/scripts/plot_motivation_native_results.py
a45e13392620cce06de1b5d810a61fb9bc2e8208eb93af5ecd71add616194018	16315	12	MAIN	/home/hphung/ce25_scratch2/Claude_DeepRL_Population_Models/real_ecology_runs/paper_faithful_smoke_20260717_v4/code/scripts/plot_motivation_native_results.py
a45e13392620cce06de1b5d810a61fb9bc2e8208eb93af5ecd71add616194018	16315	12	MAIN	/home/hphung/ce25_scratch2/Claude_DeepRL_Population_Models/real_ecology_runs/ricker_only_plus_72_20260720/runtime_snapshot/scripts/plot_motivation_native_results.py
a45e13392620cce06de1b5d810a61fb9bc2e8208eb93af5ecd71add616194018	16315	12	MAIN	/home/hphung/ce25_scratch2/Claude_DeepRL_Population_Models/scripts/plot_motivation_native_results.py
a6765fe8c7623d7ca828d9c1871dc2736c8a90a3c682bb1324412db4d4bf8d56	9008	12	ECO_FROZEN	/home/hphung/ce25_scratch2/Claude_DeepRL_Population_Models/real_ecology_runs/ricker_only_plus_72_20260720/runtime_snapshot_routing_fix/src/real_ecology_benchmark/gate.py
a6765fe8c7623d7ca828d9c1871dc2736c8a90a3c682bb1324412db4d4bf8d56	9008	12	GENERAL_FROZEN	/home/hphung/ce25_scratch2/general_rl_phase2_iso/real_ecology_runs/general_phase2e_full_sigma01_02_20260720_v1/code/src/real_ecology_benchmark/gate.py
a6765fe8c7623d7ca828d9c1871dc2736c8a90a3c682bb1324412db4d4bf8d56	9008	12	MAIN	/home/hphung/ce25_scratch2/Claude_DeepRL_Population_Models/real_ecology_runs/adapted_32cell_diagnostic_pending/code/src/real_ecology_benchmark/gate.py
a6765fe8c7623d7ca828d9c1871dc2736c8a90a3c682bb1324412db4d4bf8d56	9008	12	MAIN	/home/hphung/ce25_scratch2/Claude_DeepRL_Population_Models/real_ecology_runs/adapted_plus_moor_corrected_canary_20260717_v1/code/src/real_ecology_benchmark/gate.py
a6765fe8c7623d7ca828d9c1871dc2736c8a90a3c682bb1324412db4d4bf8d56	9008	12	MAIN	/home/hphung/ce25_scratch2/Claude_DeepRL_Population_Models/real_ecology_runs/hidden_rk_comparison_20260716/code/src/real_ecology_benchmark/gate.py
a6765fe8c7623d7ca828d9c1871dc2736c8a90a3c682bb1324412db4d4bf8d56	9008	12	MAIN	/home/hphung/ce25_scratch2/Claude_DeepRL_Population_Models/real_ecology_runs/paper_faithful_one_cell_4000_20260717_v1/code/src/real_ecology_benchmark/gate.py
a6765fe8c7623d7ca828d9c1871dc2736c8a90a3c682bb1324412db4d4bf8d56	9008	12	MAIN	/home/hphung/ce25_scratch2/Claude_DeepRL_Population_Models/real_ecology_runs/paper_faithful_smoke_20260717/code/src/real_ecology_benchmark/gate.py
a6765fe8c7623d7ca828d9c1871dc2736c8a90a3c682bb1324412db4d4bf8d56	9008	12	MAIN	/home/hphung/ce25_scratch2/Claude_DeepRL_Population_Models/real_ecology_runs/paper_faithful_smoke_20260717_v2/code/src/real_ecology_benchmark/gate.py
a6765fe8c7623d7ca828d9c1871dc2736c8a90a3c682bb1324412db4d4bf8d56	9008	12	MAIN	/home/hphung/ce25_scratch2/Claude_DeepRL_Population_Models/real_ecology_runs/paper_faithful_smoke_20260717_v3/code/src/real_ecology_benchmark/gate.py
a6765fe8c7623d7ca828d9c1871dc2736c8a90a3c682bb1324412db4d4bf8d56	9008	12	MAIN	/home/hphung/ce25_scratch2/Claude_DeepRL_Population_Models/real_ecology_runs/paper_faithful_smoke_20260717_v4/code/src/real_ecology_benchmark/gate.py
a6765fe8c7623d7ca828d9c1871dc2736c8a90a3c682bb1324412db4d4bf8d56	9008	12	MAIN	/home/hphung/ce25_scratch2/Claude_DeepRL_Population_Models/real_ecology_runs/ricker_only_plus_72_20260720/runtime_snapshot/src/real_ecology_benchmark/gate.py
a6765fe8c7623d7ca828d9c1871dc2736c8a90a3c682bb1324412db4d4bf8d56	9008	12	MAIN	/home/hphung/ce25_scratch2/Claude_DeepRL_Population_Models/src/real_ecology_benchmark/gate.py
ae1a7351ca658b934c5bc179177ecfb3c83a9e447a8285154e5ff7c291dc8e9d	1093	12	ECO_FROZEN	/home/hphung/ce25_scratch2/Claude_DeepRL_Population_Models/real_ecology_runs/ricker_only_plus_72_20260720/runtime_snapshot_routing_fix/configs/motivation_native_b91.yaml
ae1a7351ca658b934c5bc179177ecfb3c83a9e447a8285154e5ff7c291dc8e9d	1093	12	GENERAL_FROZEN	/home/hphung/ce25_scratch2/general_rl_phase2_iso/real_ecology_runs/general_phase2e_full_sigma01_02_20260720_v1/code/configs/motivation_native_b91.yaml
ae1a7351ca658b934c5bc179177ecfb3c83a9e447a8285154e5ff7c291dc8e9d	1093	12	MAIN	/home/hphung/ce25_scratch2/Claude_DeepRL_Population_Models/configs/motivation_native_b91.yaml
ae1a7351ca658b934c5bc179177ecfb3c83a9e447a8285154e5ff7c291dc8e9d	1093	12	MAIN	/home/hphung/ce25_scratch2/Claude_DeepRL_Population_Models/real_ecology_runs/adapted_32cell_diagnostic_pending/code/configs/motivation_native_b91.yaml
ae1a7351ca658b934c5bc179177ecfb3c83a9e447a8285154e5ff7c291dc8e9d	1093	12	MAIN	/home/hphung/ce25_scratch2/Claude_DeepRL_Population_Models/real_ecology_runs/adapted_plus_moor_corrected_canary_20260717_v1/code/configs/motivation_native_b91.yaml
ae1a7351ca658b934c5bc179177ecfb3c83a9e447a8285154e5ff7c291dc8e9d	1093	12	MAIN	/home/hphung/ce25_scratch2/Claude_DeepRL_Population_Models/real_ecology_runs/hidden_rk_comparison_20260716/code/configs/motivation_native_b91.yaml
ae1a7351ca658b934c5bc179177ecfb3c83a9e447a8285154e5ff7c291dc8e9d	1093	12	MAIN	/home/hphung/ce25_scratch2/Claude_DeepRL_Population_Models/real_ecology_runs/paper_faithful_one_cell_4000_20260717_v1/code/configs/motivation_native_b91.yaml
ae1a7351ca658b934c5bc179177ecfb3c83a9e447a8285154e5ff7c291dc8e9d	1093	12	MAIN	/home/hphung/ce25_scratch2/Claude_DeepRL_Population_Models/real_ecology_runs/paper_faithful_smoke_20260717/code/configs/motivation_native_b91.yaml
ae1a7351ca658b934c5bc179177ecfb3c83a9e447a8285154e5ff7c291dc8e9d	1093	12	MAIN	/home/hphung/ce25_scratch2/Claude_DeepRL_Population_Models/real_ecology_runs/paper_faithful_smoke_20260717_v2/code/configs/motivation_native_b91.yaml
ae1a7351ca658b934c5bc179177ecfb3c83a9e447a8285154e5ff7c291dc8e9d	1093	12	MAIN	/home/hphung/ce25_scratch2/Claude_DeepRL_Population_Models/real_ecology_runs/paper_faithful_smoke_20260717_v3/code/configs/motivation_native_b91.yaml
ae1a7351ca658b934c5bc179177ecfb3c83a9e447a8285154e5ff7c291dc8e9d	1093	12	MAIN	/home/hphung/ce25_scratch2/Claude_DeepRL_Population_Models/real_ecology_runs/paper_faithful_smoke_20260717_v4/code/configs/motivation_native_b91.yaml
ae1a7351ca658b934c5bc179177ecfb3c83a9e447a8285154e5ff7c291dc8e9d	1093	12	MAIN	/home/hphung/ce25_scratch2/Claude_DeepRL_Population_Models/real_ecology_runs/ricker_only_plus_72_20260720/runtime_snapshot/configs/motivation_native_b91.yaml
c5791237960bc998acfafacf39a2f77c9a24827aa412c8b2c0ebb4ff36e93e00	990	12	ECO_FROZEN	/home/hphung/ce25_scratch2/Claude_DeepRL_Population_Models/real_ecology_runs/ricker_only_plus_72_20260720/runtime_snapshot_routing_fix/configs/hidden_rk.yaml
c5791237960bc998acfafacf39a2f77c9a24827aa412c8b2c0ebb4ff36e93e00	990	12	GENERAL_FROZEN	/home/hphung/ce25_scratch2/general_rl_phase2_iso/real_ecology_runs/general_phase2e_full_sigma01_02_20260720_v1/code/configs/hidden_rk.yaml
c5791237960bc998acfafacf39a2f77c9a24827aa412c8b2c0ebb4ff36e93e00	990	12	MAIN	/home/hphung/ce25_scratch2/Claude_DeepRL_Population_Models/configs/hidden_rk.yaml
c5791237960bc998acfafacf39a2f77c9a24827aa412c8b2c0ebb4ff36e93e00	990	12	MAIN	/home/hphung/ce25_scratch2/Claude_DeepRL_Population_Models/real_ecology_runs/adapted_32cell_diagnostic_pending/code/configs/hidden_rk.yaml
c5791237960bc998acfafacf39a2f77c9a24827aa412c8b2c0ebb4ff36e93e00	990	12	MAIN	/home/hphung/ce25_scratch2/Claude_DeepRL_Population_Models/real_ecology_runs/adapted_plus_moor_corrected_canary_20260717_v1/code/configs/hidden_rk.yaml
c5791237960bc998acfafacf39a2f77c9a24827aa412c8b2c0ebb4ff36e93e00	990	12	MAIN	/home/hphung/ce25_scratch2/Claude_DeepRL_Population_Models/real_ecology_runs/hidden_rk_comparison_20260716/code/configs/hidden_rk.yaml
c5791237960bc998acfafacf39a2f77c9a24827aa412c8b2c0ebb4ff36e93e00	990	12	MAIN	/home/hphung/ce25_scratch2/Claude_DeepRL_Population_Models/real_ecology_runs/paper_faithful_one_cell_4000_20260717_v1/code/configs/hidden_rk.yaml
c5791237960bc998acfafacf39a2f77c9a24827aa412c8b2c0ebb4ff36e93e00	990	12	MAIN	/home/hphung/ce25_scratch2/Claude_DeepRL_Population_Models/real_ecology_runs/paper_faithful_smoke_20260717/code/configs/hidden_rk.yaml
c5791237960bc998acfafacf39a2f77c9a24827aa412c8b2c0ebb4ff36e93e00	990	12	MAIN	/home/hphung/ce25_scratch2/Claude_DeepRL_Population_Models/real_ecology_runs/paper_faithful_smoke_20260717_v2/code/configs/hidden_rk.yaml
c5791237960bc998acfafacf39a2f77c9a24827aa412c8b2c0ebb4ff36e93e00	990	12	MAIN	/home/hphung/ce25_scratch2/Claude_DeepRL_Population_Models/real_ecology_runs/paper_faithful_smoke_20260717_v3/code/configs/hidden_rk.yaml
c5791237960bc998acfafacf39a2f77c9a24827aa412c8b2c0ebb4ff36e93e00	990	12	MAIN	/home/hphung/ce25_scratch2/Claude_DeepRL_Population_Models/real_ecology_runs/paper_faithful_smoke_20260717_v4/code/configs/hidden_rk.yaml
c5791237960bc998acfafacf39a2f77c9a24827aa412c8b2c0ebb4ff36e93e00	990	12	MAIN	/home/hphung/ce25_scratch2/Claude_DeepRL_Population_Models/real_ecology_runs/ricker_only_plus_72_20260720/runtime_snapshot/configs/hidden_rk.yaml
c7079a34155c482ed449359c72b7089ac04dbc64f148776347f54a75066b4b06	15834	12	ECO_FROZEN	/home/hphung/ce25_scratch2/Claude_DeepRL_Population_Models/real_ecology_runs/ricker_only_plus_72_20260720/runtime_snapshot_routing_fix/src/real_ecology_benchmark/envs.py
c7079a34155c482ed449359c72b7089ac04dbc64f148776347f54a75066b4b06	15834	12	GENERAL_FROZEN	/home/hphung/ce25_scratch2/general_rl_phase2_iso/real_ecology_runs/general_phase2e_full_sigma01_02_20260720_v1/code/src/real_ecology_benchmark/envs.py
c7079a34155c482ed449359c72b7089ac04dbc64f148776347f54a75066b4b06	15834	12	MAIN	/home/hphung/ce25_scratch2/Claude_DeepRL_Population_Models/real_ecology_runs/adapted_32cell_diagnostic_pending/code/src/real_ecology_benchmark/envs.py
c7079a34155c482ed449359c72b7089ac04dbc64f148776347f54a75066b4b06	15834	12	MAIN	/home/hphung/ce25_scratch2/Claude_DeepRL_Population_Models/real_ecology_runs/adapted_plus_moor_corrected_canary_20260717_v1/code/src/real_ecology_benchmark/envs.py
c7079a34155c482ed449359c72b7089ac04dbc64f148776347f54a75066b4b06	15834	12	MAIN	/home/hphung/ce25_scratch2/Claude_DeepRL_Population_Models/real_ecology_runs/hidden_rk_comparison_20260716/code/src/real_ecology_benchmark/envs.py
c7079a34155c482ed449359c72b7089ac04dbc64f148776347f54a75066b4b06	15834	12	MAIN	/home/hphung/ce25_scratch2/Claude_DeepRL_Population_Models/real_ecology_runs/paper_faithful_one_cell_4000_20260717_v1/code/src/real_ecology_benchmark/envs.py
c7079a34155c482ed449359c72b7089ac04dbc64f148776347f54a75066b4b06	15834	12	MAIN	/home/hphung/ce25_scratch2/Claude_DeepRL_Population_Models/real_ecology_runs/paper_faithful_smoke_20260717/code/src/real_ecology_benchmark/envs.py
c7079a34155c482ed449359c72b7089ac04dbc64f148776347f54a75066b4b06	15834	12	MAIN	/home/hphung/ce25_scratch2/Claude_DeepRL_Population_Models/real_ecology_runs/paper_faithful_smoke_20260717_v2/code/src/real_ecology_benchmark/envs.py
c7079a34155c482ed449359c72b7089ac04dbc64f148776347f54a75066b4b06	15834	12	MAIN	/home/hphung/ce25_scratch2/Claude_DeepRL_Population_Models/real_ecology_runs/paper_faithful_smoke_20260717_v3/code/src/real_ecology_benchmark/envs.py
c7079a34155c482ed449359c72b7089ac04dbc64f148776347f54a75066b4b06	15834	12	MAIN	/home/hphung/ce25_scratch2/Claude_DeepRL_Population_Models/real_ecology_runs/paper_faithful_smoke_20260717_v4/code/src/real_ecology_benchmark/envs.py
c7079a34155c482ed449359c72b7089ac04dbc64f148776347f54a75066b4b06	15834	12	MAIN	/home/hphung/ce25_scratch2/Claude_DeepRL_Population_Models/real_ecology_runs/ricker_only_plus_72_20260720/runtime_snapshot/src/real_ecology_benchmark/envs.py
c7079a34155c482ed449359c72b7089ac04dbc64f148776347f54a75066b4b06	15834	12	MAIN	/home/hphung/ce25_scratch2/Claude_DeepRL_Population_Models/src/real_ecology_benchmark/envs.py
d4da4db5fd2be70a1333469e23d2436e664f601fff2155b2149afaa0a8ea02b1	1031	12	ECO_FROZEN	/home/hphung/ce25_scratch2/Claude_DeepRL_Population_Models/real_ecology_runs/ricker_only_plus_72_20260720/runtime_snapshot_routing_fix/configs/motivation_native.yaml
d4da4db5fd2be70a1333469e23d2436e664f601fff2155b2149afaa0a8ea02b1	1031	12	GENERAL_FROZEN	/home/hphung/ce25_scratch2/general_rl_phase2_iso/real_ecology_runs/general_phase2e_full_sigma01_02_20260720_v1/code/configs/motivation_native.yaml
d4da4db5fd2be70a1333469e23d2436e664f601fff2155b2149afaa0a8ea02b1	1031	12	MAIN	/home/hphung/ce25_scratch2/Claude_DeepRL_Population_Models/configs/motivation_native.yaml
d4da4db5fd2be70a1333469e23d2436e664f601fff2155b2149afaa0a8ea02b1	1031	12	MAIN	/home/hphung/ce25_scratch2/Claude_DeepRL_Population_Models/real_ecology_runs/adapted_32cell_diagnostic_pending/code/configs/motivation_native.yaml
d4da4db5fd2be70a1333469e23d2436e664f601fff2155b2149afaa0a8ea02b1	1031	12	MAIN	/home/hphung/ce25_scratch2/Claude_DeepRL_Population_Models/real_ecology_runs/adapted_plus_moor_corrected_canary_20260717_v1/code/configs/motivation_native.yaml
d4da4db5fd2be70a1333469e23d2436e664f601fff2155b2149afaa0a8ea02b1	1031	12	MAIN	/home/hphung/ce25_scratch2/Claude_DeepRL_Population_Models/real_ecology_runs/hidden_rk_comparison_20260716/code/configs/motivation_native.yaml
d4da4db5fd2be70a1333469e23d2436e664f601fff2155b2149afaa0a8ea02b1	1031	12	MAIN	/home/hphung/ce25_scratch2/Claude_DeepRL_Population_Models/real_ecology_runs/paper_faithful_one_cell_4000_20260717_v1/code/configs/motivation_native.yaml
d4da4db5fd2be70a1333469e23d2436e664f601fff2155b2149afaa0a8ea02b1	1031	12	MAIN	/home/hphung/ce25_scratch2/Claude_DeepRL_Population_Models/real_ecology_runs/paper_faithful_smoke_20260717/code/configs/motivation_native.yaml
d4da4db5fd2be70a1333469e23d2436e664f601fff2155b2149afaa0a8ea02b1	1031	12	MAIN	/home/hphung/ce25_scratch2/Claude_DeepRL_Population_Models/real_ecology_runs/paper_faithful_smoke_20260717_v2/code/configs/motivation_native.yaml
d4da4db5fd2be70a1333469e23d2436e664f601fff2155b2149afaa0a8ea02b1	1031	12	MAIN	/home/hphung/ce25_scratch2/Claude_DeepRL_Population_Models/real_ecology_runs/paper_faithful_smoke_20260717_v3/code/configs/motivation_native.yaml
d4da4db5fd2be70a1333469e23d2436e664f601fff2155b2149afaa0a8ea02b1	1031	12	MAIN	/home/hphung/ce25_scratch2/Claude_DeepRL_Population_Models/real_ecology_runs/paper_faithful_smoke_20260717_v4/code/configs/motivation_native.yaml
d4da4db5fd2be70a1333469e23d2436e664f601fff2155b2149afaa0a8ea02b1	1031	12	MAIN	/home/hphung/ce25_scratch2/Claude_DeepRL_Population_Models/real_ecology_runs/ricker_only_plus_72_20260720/runtime_snapshot/configs/motivation_native.yaml
d895b4356319c3655eca56099c0918481e006021123e8fd8891d7e56f79cef2d	6908	12	ECO_FROZEN	/home/hphung/ce25_scratch2/Claude_DeepRL_Population_Models/real_ecology_runs/ricker_only_plus_72_20260720/runtime_snapshot_routing_fix/src/real_ecology_benchmark/methods/moor.py
d895b4356319c3655eca56099c0918481e006021123e8fd8891d7e56f79cef2d	6908	12	GENERAL_FROZEN	/home/hphung/ce25_scratch2/general_rl_phase2_iso/real_ecology_runs/general_phase2e_full_sigma01_02_20260720_v1/code/src/real_ecology_benchmark/methods/moor.py
d895b4356319c3655eca56099c0918481e006021123e8fd8891d7e56f79cef2d	6908	12	MAIN	/home/hphung/ce25_scratch2/Claude_DeepRL_Population_Models/real_ecology_runs/adapted_32cell_diagnostic_pending/code/src/real_ecology_benchmark/methods/moor.py
d895b4356319c3655eca56099c0918481e006021123e8fd8891d7e56f79cef2d	6908	12	MAIN	/home/hphung/ce25_scratch2/Claude_DeepRL_Population_Models/real_ecology_runs/adapted_plus_moor_corrected_canary_20260717_v1/code/src/real_ecology_benchmark/methods/moor.py
d895b4356319c3655eca56099c0918481e006021123e8fd8891d7e56f79cef2d	6908	12	MAIN	/home/hphung/ce25_scratch2/Claude_DeepRL_Population_Models/real_ecology_runs/hidden_rk_comparison_20260716/code/src/real_ecology_benchmark/methods/moor.py
d895b4356319c3655eca56099c0918481e006021123e8fd8891d7e56f79cef2d	6908	12	MAIN	/home/hphung/ce25_scratch2/Claude_DeepRL_Population_Models/real_ecology_runs/paper_faithful_one_cell_4000_20260717_v1/code/src/real_ecology_benchmark/methods/moor.py
d895b4356319c3655eca56099c0918481e006021123e8fd8891d7e56f79cef2d	6908	12	MAIN	/home/hphung/ce25_scratch2/Claude_DeepRL_Population_Models/real_ecology_runs/paper_faithful_smoke_20260717/code/src/real_ecology_benchmark/methods/moor.py
d895b4356319c3655eca56099c0918481e006021123e8fd8891d7e56f79cef2d	6908	12	MAIN	/home/hphung/ce25_scratch2/Claude_DeepRL_Population_Models/real_ecology_runs/paper_faithful_smoke_20260717_v2/code/src/real_ecology_benchmark/methods/moor.py
d895b4356319c3655eca56099c0918481e006021123e8fd8891d7e56f79cef2d	6908	12	MAIN	/home/hphung/ce25_scratch2/Claude_DeepRL_Population_Models/real_ecology_runs/paper_faithful_smoke_20260717_v3/code/src/real_ecology_benchmark/methods/moor.py
d895b4356319c3655eca56099c0918481e006021123e8fd8891d7e56f79cef2d	6908	12	MAIN	/home/hphung/ce25_scratch2/Claude_DeepRL_Population_Models/real_ecology_runs/paper_faithful_smoke_20260717_v4/code/src/real_ecology_benchmark/methods/moor.py
d895b4356319c3655eca56099c0918481e006021123e8fd8891d7e56f79cef2d	6908	12	MAIN	/home/hphung/ce25_scratch2/Claude_DeepRL_Population_Models/real_ecology_runs/ricker_only_plus_72_20260720/runtime_snapshot/src/real_ecology_benchmark/methods/moor.py
d895b4356319c3655eca56099c0918481e006021123e8fd8891d7e56f79cef2d	6908	12	MAIN	/home/hphung/ce25_scratch2/Claude_DeepRL_Population_Models/src/real_ecology_benchmark/methods/moor.py
d91e7057c7293e7b11d7c4461d13a460b48d81359423d5b1c32c6bc50761eb2e	842	12	ECO_FROZEN	/home/hphung/ce25_scratch2/Claude_DeepRL_Population_Models/real_ecology_runs/ricker_only_plus_72_20260720/runtime_snapshot_routing_fix/configs/real_probe.yaml
d91e7057c7293e7b11d7c4461d13a460b48d81359423d5b1c32c6bc50761eb2e	842	12	GENERAL_FROZEN	/home/hphung/ce25_scratch2/general_rl_phase2_iso/real_ecology_runs/general_phase2e_full_sigma01_02_20260720_v1/code/configs/real_probe.yaml
d91e7057c7293e7b11d7c4461d13a460b48d81359423d5b1c32c6bc50761eb2e	842	12	MAIN	/home/hphung/ce25_scratch2/Claude_DeepRL_Population_Models/configs/real_probe.yaml
d91e7057c7293e7b11d7c4461d13a460b48d81359423d5b1c32c6bc50761eb2e	842	12	MAIN	/home/hphung/ce25_scratch2/Claude_DeepRL_Population_Models/real_ecology_runs/adapted_32cell_diagnostic_pending/code/configs/real_probe.yaml
d91e7057c7293e7b11d7c4461d13a460b48d81359423d5b1c32c6bc50761eb2e	842	12	MAIN	/home/hphung/ce25_scratch2/Claude_DeepRL_Population_Models/real_ecology_runs/adapted_plus_moor_corrected_canary_20260717_v1/code/configs/real_probe.yaml
d91e7057c7293e7b11d7c4461d13a460b48d81359423d5b1c32c6bc50761eb2e	842	12	MAIN	/home/hphung/ce25_scratch2/Claude_DeepRL_Population_Models/real_ecology_runs/hidden_rk_comparison_20260716/code/configs/real_probe.yaml
d91e7057c7293e7b11d7c4461d13a460b48d81359423d5b1c32c6bc50761eb2e	842	12	MAIN	/home/hphung/ce25_scratch2/Claude_DeepRL_Population_Models/real_ecology_runs/paper_faithful_one_cell_4000_20260717_v1/code/configs/real_probe.yaml
d91e7057c7293e7b11d7c4461d13a460b48d81359423d5b1c32c6bc50761eb2e	842	12	MAIN	/home/hphung/ce25_scratch2/Claude_DeepRL_Population_Models/real_ecology_runs/paper_faithful_smoke_20260717/code/configs/real_probe.yaml
d91e7057c7293e7b11d7c4461d13a460b48d81359423d5b1c32c6bc50761eb2e	842	12	MAIN	/home/hphung/ce25_scratch2/Claude_DeepRL_Population_Models/real_ecology_runs/paper_faithful_smoke_20260717_v2/code/configs/real_probe.yaml
d91e7057c7293e7b11d7c4461d13a460b48d81359423d5b1c32c6bc50761eb2e	842	12	MAIN	/home/hphung/ce25_scratch2/Claude_DeepRL_Population_Models/real_ecology_runs/paper_faithful_smoke_20260717_v3/code/configs/real_probe.yaml
d91e7057c7293e7b11d7c4461d13a460b48d81359423d5b1c32c6bc50761eb2e	842	12	MAIN	/home/hphung/ce25_scratch2/Claude_DeepRL_Population_Models/real_ecology_runs/paper_faithful_smoke_20260717_v4/code/configs/real_probe.yaml
d91e7057c7293e7b11d7c4461d13a460b48d81359423d5b1c32c6bc50761eb2e	842	12	MAIN	/home/hphung/ce25_scratch2/Claude_DeepRL_Population_Models/real_ecology_runs/ricker_only_plus_72_20260720/runtime_snapshot/configs/real_probe.yaml
e2ac593364dac1dfee8fad433b8ee1b3a5b777f1612506b07b96bd5f1028894c	1024	12	ECO_FROZEN	/home/hphung/ce25_scratch2/Claude_DeepRL_Population_Models/real_ecology_runs/ricker_only_plus_72_20260720/runtime_snapshot_routing_fix/scripts/make_hidden_rk_manifest.py
e2ac593364dac1dfee8fad433b8ee1b3a5b777f1612506b07b96bd5f1028894c	1024	12	GENERAL_FROZEN	/home/hphung/ce25_scratch2/general_rl_phase2_iso/real_ecology_runs/general_phase2e_full_sigma01_02_20260720_v1/code/scripts/make_hidden_rk_manifest.py
e2ac593364dac1dfee8fad433b8ee1b3a5b777f1612506b07b96bd5f1028894c	1024	12	MAIN	/home/hphung/ce25_scratch2/Claude_DeepRL_Population_Models/real_ecology_runs/adapted_32cell_diagnostic_pending/code/scripts/make_hidden_rk_manifest.py
e2ac593364dac1dfee8fad433b8ee1b3a5b777f1612506b07b96bd5f1028894c	1024	12	MAIN	/home/hphung/ce25_scratch2/Claude_DeepRL_Population_Models/real_ecology_runs/adapted_plus_moor_corrected_canary_20260717_v1/code/scripts/make_hidden_rk_manifest.py
e2ac593364dac1dfee8fad433b8ee1b3a5b777f1612506b07b96bd5f1028894c	1024	12	MAIN	/home/hphung/ce25_scratch2/Claude_DeepRL_Population_Models/real_ecology_runs/hidden_rk_comparison_20260716/code/scripts/make_hidden_rk_manifest.py
e2ac593364dac1dfee8fad433b8ee1b3a5b777f1612506b07b96bd5f1028894c	1024	12	MAIN	/home/hphung/ce25_scratch2/Claude_DeepRL_Population_Models/real_ecology_runs/paper_faithful_one_cell_4000_20260717_v1/code/scripts/make_hidden_rk_manifest.py
e2ac593364dac1dfee8fad433b8ee1b3a5b777f1612506b07b96bd5f1028894c	1024	12	MAIN	/home/hphung/ce25_scratch2/Claude_DeepRL_Population_Models/real_ecology_runs/paper_faithful_smoke_20260717/code/scripts/make_hidden_rk_manifest.py
e2ac593364dac1dfee8fad433b8ee1b3a5b777f1612506b07b96bd5f1028894c	1024	12	MAIN	/home/hphung/ce25_scratch2/Claude_DeepRL_Population_Models/real_ecology_runs/paper_faithful_smoke_20260717_v2/code/scripts/make_hidden_rk_manifest.py
e2ac593364dac1dfee8fad433b8ee1b3a5b777f1612506b07b96bd5f1028894c	1024	12	MAIN	/home/hphung/ce25_scratch2/Claude_DeepRL_Population_Models/real_ecology_runs/paper_faithful_smoke_20260717_v3/code/scripts/make_hidden_rk_manifest.py
e2ac593364dac1dfee8fad433b8ee1b3a5b777f1612506b07b96bd5f1028894c	1024	12	MAIN	/home/hphung/ce25_scratch2/Claude_DeepRL_Population_Models/real_ecology_runs/paper_faithful_smoke_20260717_v4/code/scripts/make_hidden_rk_manifest.py
e2ac593364dac1dfee8fad433b8ee1b3a5b777f1612506b07b96bd5f1028894c	1024	12	MAIN	/home/hphung/ce25_scratch2/Claude_DeepRL_Population_Models/real_ecology_runs/ricker_only_plus_72_20260720/runtime_snapshot/scripts/make_hidden_rk_manifest.py
e2ac593364dac1dfee8fad433b8ee1b3a5b777f1612506b07b96bd5f1028894c	1024	12	MAIN	/home/hphung/ce25_scratch2/Claude_DeepRL_Population_Models/scripts/make_hidden_rk_manifest.py
e806b9185bd115c6618a6c08a903af4f3fa7e8c8e0be3a22137447345fcf2adc	3717	12	ECO_FROZEN	/home/hphung/ce25_scratch2/Claude_DeepRL_Population_Models/real_ecology_runs/ricker_only_plus_72_20260720/runtime_snapshot_routing_fix/scripts/run_hidden_rk_acceptance.py
e806b9185bd115c6618a6c08a903af4f3fa7e8c8e0be3a22137447345fcf2adc	3717	12	GENERAL_FROZEN	/home/hphung/ce25_scratch2/general_rl_phase2_iso/real_ecology_runs/general_phase2e_full_sigma01_02_20260720_v1/code/scripts/run_hidden_rk_acceptance.py
e806b9185bd115c6618a6c08a903af4f3fa7e8c8e0be3a22137447345fcf2adc	3717	12	MAIN	/home/hphung/ce25_scratch2/Claude_DeepRL_Population_Models/real_ecology_runs/adapted_32cell_diagnostic_pending/code/scripts/run_hidden_rk_acceptance.py
e806b9185bd115c6618a6c08a903af4f3fa7e8c8e0be3a22137447345fcf2adc	3717	12	MAIN	/home/hphung/ce25_scratch2/Claude_DeepRL_Population_Models/real_ecology_runs/adapted_plus_moor_corrected_canary_20260717_v1/code/scripts/run_hidden_rk_acceptance.py
e806b9185bd115c6618a6c08a903af4f3fa7e8c8e0be3a22137447345fcf2adc	3717	12	MAIN	/home/hphung/ce25_scratch2/Claude_DeepRL_Population_Models/real_ecology_runs/hidden_rk_comparison_20260716/code/scripts/run_hidden_rk_acceptance.py
e806b9185bd115c6618a6c08a903af4f3fa7e8c8e0be3a22137447345fcf2adc	3717	12	MAIN	/home/hphung/ce25_scratch2/Claude_DeepRL_Population_Models/real_ecology_runs/paper_faithful_one_cell_4000_20260717_v1/code/scripts/run_hidden_rk_acceptance.py
e806b9185bd115c6618a6c08a903af4f3fa7e8c8e0be3a22137447345fcf2adc	3717	12	MAIN	/home/hphung/ce25_scratch2/Claude_DeepRL_Population_Models/real_ecology_runs/paper_faithful_smoke_20260717/code/scripts/run_hidden_rk_acceptance.py
e806b9185bd115c6618a6c08a903af4f3fa7e8c8e0be3a22137447345fcf2adc	3717	12	MAIN	/home/hphung/ce25_scratch2/Claude_DeepRL_Population_Models/real_ecology_runs/paper_faithful_smoke_20260717_v2/code/scripts/run_hidden_rk_acceptance.py
e806b9185bd115c6618a6c08a903af4f3fa7e8c8e0be3a22137447345fcf2adc	3717	12	MAIN	/home/hphung/ce25_scratch2/Claude_DeepRL_Population_Models/real_ecology_runs/paper_faithful_smoke_20260717_v3/code/scripts/run_hidden_rk_acceptance.py
e806b9185bd115c6618a6c08a903af4f3fa7e8c8e0be3a22137447345fcf2adc	3717	12	MAIN	/home/hphung/ce25_scratch2/Claude_DeepRL_Population_Models/real_ecology_runs/paper_faithful_smoke_20260717_v4/code/scripts/run_hidden_rk_acceptance.py
e806b9185bd115c6618a6c08a903af4f3fa7e8c8e0be3a22137447345fcf2adc	3717	12	MAIN	/home/hphung/ce25_scratch2/Claude_DeepRL_Population_Models/real_ecology_runs/ricker_only_plus_72_20260720/runtime_snapshot/scripts/run_hidden_rk_acceptance.py
e806b9185bd115c6618a6c08a903af4f3fa7e8c8e0be3a22137447345fcf2adc	3717	12	MAIN	/home/hphung/ce25_scratch2/Claude_DeepRL_Population_Models/scripts/run_hidden_rk_acceptance.py
e8277daad30e5052925f4139ac9fbfb4e6c539882940527e827274f46448e184	38345	12	ECO_FROZEN	/home/hphung/ce25_scratch2/Claude_DeepRL_Population_Models/real_ecology_runs/ricker_only_plus_72_20260720/runtime_snapshot_routing_fix/src/real_ecology_benchmark/beliefs.py
e8277daad30e5052925f4139ac9fbfb4e6c539882940527e827274f46448e184	38345	12	GENERAL_FROZEN	/home/hphung/ce25_scratch2/general_rl_phase2_iso/real_ecology_runs/general_phase2e_full_sigma01_02_20260720_v1/code/src/real_ecology_benchmark/beliefs.py
e8277daad30e5052925f4139ac9fbfb4e6c539882940527e827274f46448e184	38345	12	MAIN	/home/hphung/ce25_scratch2/Claude_DeepRL_Population_Models/real_ecology_runs/adapted_32cell_diagnostic_pending/code/src/real_ecology_benchmark/beliefs.py
e8277daad30e5052925f4139ac9fbfb4e6c539882940527e827274f46448e184	38345	12	MAIN	/home/hphung/ce25_scratch2/Claude_DeepRL_Population_Models/real_ecology_runs/adapted_plus_moor_corrected_canary_20260717_v1/code/src/real_ecology_benchmark/beliefs.py
e8277daad30e5052925f4139ac9fbfb4e6c539882940527e827274f46448e184	38345	12	MAIN	/home/hphung/ce25_scratch2/Claude_DeepRL_Population_Models/real_ecology_runs/hidden_rk_comparison_20260716/code/src/real_ecology_benchmark/beliefs.py
e8277daad30e5052925f4139ac9fbfb4e6c539882940527e827274f46448e184	38345	12	MAIN	/home/hphung/ce25_scratch2/Claude_DeepRL_Population_Models/real_ecology_runs/paper_faithful_one_cell_4000_20260717_v1/code/src/real_ecology_benchmark/beliefs.py
e8277daad30e5052925f4139ac9fbfb4e6c539882940527e827274f46448e184	38345	12	MAIN	/home/hphung/ce25_scratch2/Claude_DeepRL_Population_Models/real_ecology_runs/paper_faithful_smoke_20260717/code/src/real_ecology_benchmark/beliefs.py
e8277daad30e5052925f4139ac9fbfb4e6c539882940527e827274f46448e184	38345	12	MAIN	/home/hphung/ce25_scratch2/Claude_DeepRL_Population_Models/real_ecology_runs/paper_faithful_smoke_20260717_v2/code/src/real_ecology_benchmark/beliefs.py
e8277daad30e5052925f4139ac9fbfb4e6c539882940527e827274f46448e184	38345	12	MAIN	/home/hphung/ce25_scratch2/Claude_DeepRL_Population_Models/real_ecology_runs/paper_faithful_smoke_20260717_v3/code/src/real_ecology_benchmark/beliefs.py
e8277daad30e5052925f4139ac9fbfb4e6c539882940527e827274f46448e184	38345	12	MAIN	/home/hphung/ce25_scratch2/Claude_DeepRL_Population_Models/real_ecology_runs/paper_faithful_smoke_20260717_v4/code/src/real_ecology_benchmark/beliefs.py
e8277daad30e5052925f4139ac9fbfb4e6c539882940527e827274f46448e184	38345	12	MAIN	/home/hphung/ce25_scratch2/Claude_DeepRL_Population_Models/real_ecology_runs/ricker_only_plus_72_20260720/runtime_snapshot/src/real_ecology_benchmark/beliefs.py
e8277daad30e5052925f4139ac9fbfb4e6c539882940527e827274f46448e184	38345	12	MAIN	/home/hphung/ce25_scratch2/Claude_DeepRL_Population_Models/src/real_ecology_benchmark/beliefs.py
eeacab5314f88c29190c69de5502c6d9c47252f0971da1f06f8f61d6f28e1e98	1093	12	ECO_FROZEN	/home/hphung/ce25_scratch2/Claude_DeepRL_Population_Models/real_ecology_runs/ricker_only_plus_72_20260720/runtime_snapshot_routing_fix/configs/motivation_native_b31.yaml
eeacab5314f88c29190c69de5502c6d9c47252f0971da1f06f8f61d6f28e1e98	1093	12	GENERAL_FROZEN	/home/hphung/ce25_scratch2/general_rl_phase2_iso/real_ecology_runs/general_phase2e_full_sigma01_02_20260720_v1/code/configs/motivation_native_b31.yaml
eeacab5314f88c29190c69de5502c6d9c47252f0971da1f06f8f61d6f28e1e98	1093	12	MAIN	/home/hphung/ce25_scratch2/Claude_DeepRL_Population_Models/configs/motivation_native_b31.yaml
eeacab5314f88c29190c69de5502c6d9c47252f0971da1f06f8f61d6f28e1e98	1093	12	MAIN	/home/hphung/ce25_scratch2/Claude_DeepRL_Population_Models/real_ecology_runs/adapted_32cell_diagnostic_pending/code/configs/motivation_native_b31.yaml
eeacab5314f88c29190c69de5502c6d9c47252f0971da1f06f8f61d6f28e1e98	1093	12	MAIN	/home/hphung/ce25_scratch2/Claude_DeepRL_Population_Models/real_ecology_runs/adapted_plus_moor_corrected_canary_20260717_v1/code/configs/motivation_native_b31.yaml
eeacab5314f88c29190c69de5502c6d9c47252f0971da1f06f8f61d6f28e1e98	1093	12	MAIN	/home/hphung/ce25_scratch2/Claude_DeepRL_Population_Models/real_ecology_runs/hidden_rk_comparison_20260716/code/configs/motivation_native_b31.yaml
eeacab5314f88c29190c69de5502c6d9c47252f0971da1f06f8f61d6f28e1e98	1093	12	MAIN	/home/hphung/ce25_scratch2/Claude_DeepRL_Population_Models/real_ecology_runs/paper_faithful_one_cell_4000_20260717_v1/code/configs/motivation_native_b31.yaml
eeacab5314f88c29190c69de5502c6d9c47252f0971da1f06f8f61d6f28e1e98	1093	12	MAIN	/home/hphung/ce25_scratch2/Claude_DeepRL_Population_Models/real_ecology_runs/paper_faithful_smoke_20260717/code/configs/motivation_native_b31.yaml
eeacab5314f88c29190c69de5502c6d9c47252f0971da1f06f8f61d6f28e1e98	1093	12	MAIN	/home/hphung/ce25_scratch2/Claude_DeepRL_Population_Models/real_ecology_runs/paper_faithful_smoke_20260717_v2/code/configs/motivation_native_b31.yaml
eeacab5314f88c29190c69de5502c6d9c47252f0971da1f06f8f61d6f28e1e98	1093	12	MAIN	/home/hphung/ce25_scratch2/Claude_DeepRL_Population_Models/real_ecology_runs/paper_faithful_smoke_20260717_v3/code/configs/motivation_native_b31.yaml
eeacab5314f88c29190c69de5502c6d9c47252f0971da1f06f8f61d6f28e1e98	1093	12	MAIN	/home/hphung/ce25_scratch2/Claude_DeepRL_Population_Models/real_ecology_runs/paper_faithful_smoke_20260717_v4/code/configs/motivation_native_b31.yaml
eeacab5314f88c29190c69de5502c6d9c47252f0971da1f06f8f61d6f28e1e98	1093	12	MAIN	/home/hphung/ce25_scratch2/Claude_DeepRL_Population_Models/real_ecology_runs/ricker_only_plus_72_20260720/runtime_snapshot/configs/motivation_native_b31.yaml
fc77b04af162810a32d4e8d3a328cb716eb2155da4e2293dda8cd77e5e5d6215	13662	12	ECO_FROZEN	/home/hphung/ce25_scratch2/Claude_DeepRL_Population_Models/real_ecology_runs/ricker_only_plus_72_20260720/runtime_snapshot_routing_fix/src/real_ecology_benchmark/dataset.py
fc77b04af162810a32d4e8d3a328cb716eb2155da4e2293dda8cd77e5e5d6215	13662	12	GENERAL_FROZEN	/home/hphung/ce25_scratch2/general_rl_phase2_iso/real_ecology_runs/general_phase2e_full_sigma01_02_20260720_v1/code/src/real_ecology_benchmark/dataset.py
fc77b04af162810a32d4e8d3a328cb716eb2155da4e2293dda8cd77e5e5d6215	13662	12	MAIN	/home/hphung/ce25_scratch2/Claude_DeepRL_Population_Models/real_ecology_runs/adapted_32cell_diagnostic_pending/code/src/real_ecology_benchmark/dataset.py
fc77b04af162810a32d4e8d3a328cb716eb2155da4e2293dda8cd77e5e5d6215	13662	12	MAIN	/home/hphung/ce25_scratch2/Claude_DeepRL_Population_Models/real_ecology_runs/adapted_plus_moor_corrected_canary_20260717_v1/code/src/real_ecology_benchmark/dataset.py
fc77b04af162810a32d4e8d3a328cb716eb2155da4e2293dda8cd77e5e5d6215	13662	12	MAIN	/home/hphung/ce25_scratch2/Claude_DeepRL_Population_Models/real_ecology_runs/hidden_rk_comparison_20260716/code/src/real_ecology_benchmark/dataset.py
fc77b04af162810a32d4e8d3a328cb716eb2155da4e2293dda8cd77e5e5d6215	13662	12	MAIN	/home/hphung/ce25_scratch2/Claude_DeepRL_Population_Models/real_ecology_runs/paper_faithful_one_cell_4000_20260717_v1/code/src/real_ecology_benchmark/dataset.py
fc77b04af162810a32d4e8d3a328cb716eb2155da4e2293dda8cd77e5e5d6215	13662	12	MAIN	/home/hphung/ce25_scratch2/Claude_DeepRL_Population_Models/real_ecology_runs/paper_faithful_smoke_20260717/code/src/real_ecology_benchmark/dataset.py
fc77b04af162810a32d4e8d3a328cb716eb2155da4e2293dda8cd77e5e5d6215	13662	12	MAIN	/home/hphung/ce25_scratch2/Claude_DeepRL_Population_Models/real_ecology_runs/paper_faithful_smoke_20260717_v2/code/src/real_ecology_benchmark/dataset.py
fc77b04af162810a32d4e8d3a328cb716eb2155da4e2293dda8cd77e5e5d6215	13662	12	MAIN	/home/hphung/ce25_scratch2/Claude_DeepRL_Population_Models/real_ecology_runs/paper_faithful_smoke_20260717_v3/code/src/real_ecology_benchmark/dataset.py
fc77b04af162810a32d4e8d3a328cb716eb2155da4e2293dda8cd77e5e5d6215	13662	12	MAIN	/home/hphung/ce25_scratch2/Claude_DeepRL_Population_Models/real_ecology_runs/paper_faithful_smoke_20260717_v4/code/src/real_ecology_benchmark/dataset.py
fc77b04af162810a32d4e8d3a328cb716eb2155da4e2293dda8cd77e5e5d6215	13662	12	MAIN	/home/hphung/ce25_scratch2/Claude_DeepRL_Population_Models/real_ecology_runs/ricker_only_plus_72_20260720/runtime_snapshot/src/real_ecology_benchmark/dataset.py
fc77b04af162810a32d4e8d3a328cb716eb2155da4e2293dda8cd77e5e5d6215	13662	12	MAIN	/home/hphung/ce25_scratch2/Claude_DeepRL_Population_Models/src/real_ecology_benchmark/dataset.py
09130b0839ce5b63d41cd76df79d2a4bb383e9cd3003fc210001e85b5fb9473c	4958	11	ECO_FROZEN	/home/hphung/ce25_scratch2/Claude_DeepRL_Population_Models/real_ecology_runs/ricker_only_plus_72_20260720/runtime_snapshot_routing_fix/scripts/capture_trajectories.py
09130b0839ce5b63d41cd76df79d2a4bb383e9cd3003fc210001e85b5fb9473c	4958	11	MAIN	/home/hphung/ce25_scratch2/Claude_DeepRL_Population_Models/real_ecology_runs/adapted_32cell_diagnostic_pending/code/scripts/capture_trajectories.py
09130b0839ce5b63d41cd76df79d2a4bb383e9cd3003fc210001e85b5fb9473c	4958	11	MAIN	/home/hphung/ce25_scratch2/Claude_DeepRL_Population_Models/real_ecology_runs/adapted_plus_moor_corrected_canary_20260717_v1/code/scripts/capture_trajectories.py
09130b0839ce5b63d41cd76df79d2a4bb383e9cd3003fc210001e85b5fb9473c	4958	11	MAIN	/home/hphung/ce25_scratch2/Claude_DeepRL_Population_Models/real_ecology_runs/hidden_rk_comparison_20260716/code/scripts/capture_trajectories.py
09130b0839ce5b63d41cd76df79d2a4bb383e9cd3003fc210001e85b5fb9473c	4958	11	MAIN	/home/hphung/ce25_scratch2/Claude_DeepRL_Population_Models/real_ecology_runs/paper_faithful_one_cell_4000_20260717_v1/code/scripts/capture_trajectories.py
09130b0839ce5b63d41cd76df79d2a4bb383e9cd3003fc210001e85b5fb9473c	4958	11	MAIN	/home/hphung/ce25_scratch2/Claude_DeepRL_Population_Models/real_ecology_runs/paper_faithful_smoke_20260717/code/scripts/capture_trajectories.py
09130b0839ce5b63d41cd76df79d2a4bb383e9cd3003fc210001e85b5fb9473c	4958	11	MAIN	/home/hphung/ce25_scratch2/Claude_DeepRL_Population_Models/real_ecology_runs/paper_faithful_smoke_20260717_v2/code/scripts/capture_trajectories.py
09130b0839ce5b63d41cd76df79d2a4bb383e9cd3003fc210001e85b5fb9473c	4958	11	MAIN	/home/hphung/ce25_scratch2/Claude_DeepRL_Population_Models/real_ecology_runs/paper_faithful_smoke_20260717_v3/code/scripts/capture_trajectories.py
09130b0839ce5b63d41cd76df79d2a4bb383e9cd3003fc210001e85b5fb9473c	4958	11	MAIN	/home/hphung/ce25_scratch2/Claude_DeepRL_Population_Models/real_ecology_runs/paper_faithful_smoke_20260717_v4/code/scripts/capture_trajectories.py
09130b0839ce5b63d41cd76df79d2a4bb383e9cd3003fc210001e85b5fb9473c	4958	11	MAIN	/home/hphung/ce25_scratch2/Claude_DeepRL_Population_Models/real_ecology_runs/ricker_only_plus_72_20260720/runtime_snapshot/scripts/capture_trajectories.py
09130b0839ce5b63d41cd76df79d2a4bb383e9cd3003fc210001e85b5fb9473c	4958	11	MAIN	/home/hphung/ce25_scratch2/Claude_DeepRL_Population_Models/scripts/capture_trajectories.py
104c803ee1a136d0e02725954b5cc8d665baf4cd3e59e14e368b7ae9ff3318c1	12990	11	ECO_FROZEN	/home/hphung/ce25_scratch2/Claude_DeepRL_Population_Models/real_ecology_runs/ricker_only_plus_72_20260720/runtime_snapshot_routing_fix/src/real_ecology_benchmark/training_monitor.py
104c803ee1a136d0e02725954b5cc8d665baf4cd3e59e14e368b7ae9ff3318c1	12990	11	MAIN	/home/hphung/ce25_scratch2/Claude_DeepRL_Population_Models/real_ecology_runs/adapted_32cell_diagnostic_pending/code/src/real_ecology_benchmark/training_monitor.py
104c803ee1a136d0e02725954b5cc8d665baf4cd3e59e14e368b7ae9ff3318c1	12990	11	MAIN	/home/hphung/ce25_scratch2/Claude_DeepRL_Population_Models/real_ecology_runs/adapted_plus_moor_corrected_canary_20260717_v1/code/src/real_ecology_benchmark/training_monitor.py
104c803ee1a136d0e02725954b5cc8d665baf4cd3e59e14e368b7ae9ff3318c1	12990	11	MAIN	/home/hphung/ce25_scratch2/Claude_DeepRL_Population_Models/real_ecology_runs/hidden_rk_comparison_20260716/code/src/real_ecology_benchmark/training_monitor.py
104c803ee1a136d0e02725954b5cc8d665baf4cd3e59e14e368b7ae9ff3318c1	12990	11	MAIN	/home/hphung/ce25_scratch2/Claude_DeepRL_Population_Models/real_ecology_runs/paper_faithful_one_cell_4000_20260717_v1/code/src/real_ecology_benchmark/training_monitor.py
104c803ee1a136d0e02725954b5cc8d665baf4cd3e59e14e368b7ae9ff3318c1	12990	11	MAIN	/home/hphung/ce25_scratch2/Claude_DeepRL_Population_Models/real_ecology_runs/paper_faithful_smoke_20260717/code/src/real_ecology_benchmark/training_monitor.py
104c803ee1a136d0e02725954b5cc8d665baf4cd3e59e14e368b7ae9ff3318c1	12990	11	MAIN	/home/hphung/ce25_scratch2/Claude_DeepRL_Population_Models/real_ecology_runs/paper_faithful_smoke_20260717_v2/code/src/real_ecology_benchmark/training_monitor.py
104c803ee1a136d0e02725954b5cc8d665baf4cd3e59e14e368b7ae9ff3318c1	12990	11	MAIN	/home/hphung/ce25_scratch2/Claude_DeepRL_Population_Models/real_ecology_runs/paper_faithful_smoke_20260717_v3/code/src/real_ecology_benchmark/training_monitor.py
104c803ee1a136d0e02725954b5cc8d665baf4cd3e59e14e368b7ae9ff3318c1	12990	11	MAIN	/home/hphung/ce25_scratch2/Claude_DeepRL_Population_Models/real_ecology_runs/paper_faithful_smoke_20260717_v4/code/src/real_ecology_benchmark/training_monitor.py
104c803ee1a136d0e02725954b5cc8d665baf4cd3e59e14e368b7ae9ff3318c1	12990	11	MAIN	/home/hphung/ce25_scratch2/Claude_DeepRL_Population_Models/real_ecology_runs/ricker_only_plus_72_20260720/runtime_snapshot/src/real_ecology_benchmark/training_monitor.py
104c803ee1a136d0e02725954b5cc8d665baf4cd3e59e14e368b7ae9ff3318c1	12990	11	MAIN	/home/hphung/ce25_scratch2/Claude_DeepRL_Population_Models/src/real_ecology_benchmark/training_monitor.py
1d1018d7e20a23c47a12edfcf1f54b4b93bbf07d89c0ce22777c2b4e3ad77b40	11245	11	ECO_FROZEN	/home/hphung/ce25_scratch2/Claude_DeepRL_Population_Models/real_ecology_runs/ricker_only_plus_72_20260720/runtime_snapshot_routing_fix/src/real_ecology_benchmark/methods/bamcts.py
1d1018d7e20a23c47a12edfcf1f54b4b93bbf07d89c0ce22777c2b4e3ad77b40	11245	11	MAIN	/home/hphung/ce25_scratch2/Claude_DeepRL_Population_Models/real_ecology_runs/adapted_32cell_diagnostic_pending/code/src/real_ecology_benchmark/methods/bamcts.py
1d1018d7e20a23c47a12edfcf1f54b4b93bbf07d89c0ce22777c2b4e3ad77b40	11245	11	MAIN	/home/hphung/ce25_scratch2/Claude_DeepRL_Population_Models/real_ecology_runs/adapted_plus_moor_corrected_canary_20260717_v1/code/src/real_ecology_benchmark/methods/bamcts.py
1d1018d7e20a23c47a12edfcf1f54b4b93bbf07d89c0ce22777c2b4e3ad77b40	11245	11	MAIN	/home/hphung/ce25_scratch2/Claude_DeepRL_Population_Models/real_ecology_runs/hidden_rk_comparison_20260716/code/src/real_ecology_benchmark/methods/bamcts.py
1d1018d7e20a23c47a12edfcf1f54b4b93bbf07d89c0ce22777c2b4e3ad77b40	11245	11	MAIN	/home/hphung/ce25_scratch2/Claude_DeepRL_Population_Models/real_ecology_runs/paper_faithful_one_cell_4000_20260717_v1/code/src/real_ecology_benchmark/methods/bamcts.py
1d1018d7e20a23c47a12edfcf1f54b4b93bbf07d89c0ce22777c2b4e3ad77b40	11245	11	MAIN	/home/hphung/ce25_scratch2/Claude_DeepRL_Population_Models/real_ecology_runs/paper_faithful_smoke_20260717/code/src/real_ecology_benchmark/methods/bamcts.py
1d1018d7e20a23c47a12edfcf1f54b4b93bbf07d89c0ce22777c2b4e3ad77b40	11245	11	MAIN	/home/hphung/ce25_scratch2/Claude_DeepRL_Population_Models/real_ecology_runs/paper_faithful_smoke_20260717_v2/code/src/real_ecology_benchmark/methods/bamcts.py
1d1018d7e20a23c47a12edfcf1f54b4b93bbf07d89c0ce22777c2b4e3ad77b40	11245	11	MAIN	/home/hphung/ce25_scratch2/Claude_DeepRL_Population_Models/real_ecology_runs/paper_faithful_smoke_20260717_v3/code/src/real_ecology_benchmark/methods/bamcts.py
1d1018d7e20a23c47a12edfcf1f54b4b93bbf07d89c0ce22777c2b4e3ad77b40	11245	11	MAIN	/home/hphung/ce25_scratch2/Claude_DeepRL_Population_Models/real_ecology_runs/paper_faithful_smoke_20260717_v4/code/src/real_ecology_benchmark/methods/bamcts.py
1d1018d7e20a23c47a12edfcf1f54b4b93bbf07d89c0ce22777c2b4e3ad77b40	11245	11	MAIN	/home/hphung/ce25_scratch2/Claude_DeepRL_Population_Models/real_ecology_runs/ricker_only_plus_72_20260720/runtime_snapshot/src/real_ecology_benchmark/methods/bamcts.py
1d1018d7e20a23c47a12edfcf1f54b4b93bbf07d89c0ce22777c2b4e3ad77b40	11245	11	MAIN	/home/hphung/ce25_scratch2/Claude_DeepRL_Population_Models/src/real_ecology_benchmark/methods/bamcts.py
5248b7974b5f863c97514d87d28e2e4518ec40b78c91b2a5cce935d2fe0dd960	5776	11	ECO_FROZEN	/home/hphung/ce25_scratch2/Claude_DeepRL_Population_Models/real_ecology_runs/ricker_only_plus_72_20260720/runtime_snapshot_routing_fix/src/real_ecology_benchmark/methods/refplan.py
5248b7974b5f863c97514d87d28e2e4518ec40b78c91b2a5cce935d2fe0dd960	5776	11	MAIN	/home/hphung/ce25_scratch2/Claude_DeepRL_Population_Models/real_ecology_runs/adapted_32cell_diagnostic_pending/code/src/real_ecology_benchmark/methods/refplan.py
5248b7974b5f863c97514d87d28e2e4518ec40b78c91b2a5cce935d2fe0dd960	5776	11	MAIN	/home/hphung/ce25_scratch2/Claude_DeepRL_Population_Models/real_ecology_runs/adapted_plus_moor_corrected_canary_20260717_v1/code/src/real_ecology_benchmark/methods/refplan.py
5248b7974b5f863c97514d87d28e2e4518ec40b78c91b2a5cce935d2fe0dd960	5776	11	MAIN	/home/hphung/ce25_scratch2/Claude_DeepRL_Population_Models/real_ecology_runs/hidden_rk_comparison_20260716/code/src/real_ecology_benchmark/methods/refplan.py
5248b7974b5f863c97514d87d28e2e4518ec40b78c91b2a5cce935d2fe0dd960	5776	11	MAIN	/home/hphung/ce25_scratch2/Claude_DeepRL_Population_Models/real_ecology_runs/paper_faithful_one_cell_4000_20260717_v1/code/src/real_ecology_benchmark/methods/refplan.py
5248b7974b5f863c97514d87d28e2e4518ec40b78c91b2a5cce935d2fe0dd960	5776	11	MAIN	/home/hphung/ce25_scratch2/Claude_DeepRL_Population_Models/real_ecology_runs/paper_faithful_smoke_20260717/code/src/real_ecology_benchmark/methods/refplan.py
5248b7974b5f863c97514d87d28e2e4518ec40b78c91b2a5cce935d2fe0dd960	5776	11	MAIN	/home/hphung/ce25_scratch2/Claude_DeepRL_Population_Models/real_ecology_runs/paper_faithful_smoke_20260717_v2/code/src/real_ecology_benchmark/methods/refplan.py
5248b7974b5f863c97514d87d28e2e4518ec40b78c91b2a5cce935d2fe0dd960	5776	11	MAIN	/home/hphung/ce25_scratch2/Claude_DeepRL_Population_Models/real_ecology_runs/paper_faithful_smoke_20260717_v3/code/src/real_ecology_benchmark/methods/refplan.py
5248b7974b5f863c97514d87d28e2e4518ec40b78c91b2a5cce935d2fe0dd960	5776	11	MAIN	/home/hphung/ce25_scratch2/Claude_DeepRL_Population_Models/real_ecology_runs/paper_faithful_smoke_20260717_v4/code/src/real_ecology_benchmark/methods/refplan.py
5248b7974b5f863c97514d87d28e2e4518ec40b78c91b2a5cce935d2fe0dd960	5776	11	MAIN	/home/hphung/ce25_scratch2/Claude_DeepRL_Population_Models/real_ecology_runs/ricker_only_plus_72_20260720/runtime_snapshot/src/real_ecology_benchmark/methods/refplan.py
5248b7974b5f863c97514d87d28e2e4518ec40b78c91b2a5cce935d2fe0dd960	5776	11	MAIN	/home/hphung/ce25_scratch2/Claude_DeepRL_Population_Models/src/real_ecology_benchmark/methods/refplan.py
68b109dce4fc25d99419d8ed36b107f856f94890c6aa1f6f6cabf48ab67c7dfb	11206	11	ECO_FROZEN	/home/hphung/ce25_scratch2/Claude_DeepRL_Population_Models/real_ecology_runs/ricker_only_plus_72_20260720/runtime_snapshot_routing_fix/src/real_ecology_benchmark/methods/delphic.py
68b109dce4fc25d99419d8ed36b107f856f94890c6aa1f6f6cabf48ab67c7dfb	11206	11	MAIN	/home/hphung/ce25_scratch2/Claude_DeepRL_Population_Models/real_ecology_runs/adapted_32cell_diagnostic_pending/code/src/real_ecology_benchmark/methods/delphic.py
68b109dce4fc25d99419d8ed36b107f856f94890c6aa1f6f6cabf48ab67c7dfb	11206	11	MAIN	/home/hphung/ce25_scratch2/Claude_DeepRL_Population_Models/real_ecology_runs/adapted_plus_moor_corrected_canary_20260717_v1/code/src/real_ecology_benchmark/methods/delphic.py
68b109dce4fc25d99419d8ed36b107f856f94890c6aa1f6f6cabf48ab67c7dfb	11206	11	MAIN	/home/hphung/ce25_scratch2/Claude_DeepRL_Population_Models/real_ecology_runs/hidden_rk_comparison_20260716/code/src/real_ecology_benchmark/methods/delphic.py
68b109dce4fc25d99419d8ed36b107f856f94890c6aa1f6f6cabf48ab67c7dfb	11206	11	MAIN	/home/hphung/ce25_scratch2/Claude_DeepRL_Population_Models/real_ecology_runs/paper_faithful_one_cell_4000_20260717_v1/code/src/real_ecology_benchmark/methods/delphic.py
68b109dce4fc25d99419d8ed36b107f856f94890c6aa1f6f6cabf48ab67c7dfb	11206	11	MAIN	/home/hphung/ce25_scratch2/Claude_DeepRL_Population_Models/real_ecology_runs/paper_faithful_smoke_20260717/code/src/real_ecology_benchmark/methods/delphic.py
68b109dce4fc25d99419d8ed36b107f856f94890c6aa1f6f6cabf48ab67c7dfb	11206	11	MAIN	/home/hphung/ce25_scratch2/Claude_DeepRL_Population_Models/real_ecology_runs/paper_faithful_smoke_20260717_v2/code/src/real_ecology_benchmark/methods/delphic.py
68b109dce4fc25d99419d8ed36b107f856f94890c6aa1f6f6cabf48ab67c7dfb	11206	11	MAIN	/home/hphung/ce25_scratch2/Claude_DeepRL_Population_Models/real_ecology_runs/paper_faithful_smoke_20260717_v3/code/src/real_ecology_benchmark/methods/delphic.py
68b109dce4fc25d99419d8ed36b107f856f94890c6aa1f6f6cabf48ab67c7dfb	11206	11	MAIN	/home/hphung/ce25_scratch2/Claude_DeepRL_Population_Models/real_ecology_runs/paper_faithful_smoke_20260717_v4/code/src/real_ecology_benchmark/methods/delphic.py
68b109dce4fc25d99419d8ed36b107f856f94890c6aa1f6f6cabf48ab67c7dfb	11206	11	MAIN	/home/hphung/ce25_scratch2/Claude_DeepRL_Population_Models/real_ecology_runs/ricker_only_plus_72_20260720/runtime_snapshot/src/real_ecology_benchmark/methods/delphic.py
68b109dce4fc25d99419d8ed36b107f856f94890c6aa1f6f6cabf48ab67c7dfb	11206	11	MAIN	/home/hphung/ce25_scratch2/Claude_DeepRL_Population_Models/src/real_ecology_benchmark/methods/delphic.py
69b65afb1b5fdd7a9e6df5e93d9b29ff749f4ee5e137a6ea6d03e0b871de340b	2727	11	ECO_FROZEN	/home/hphung/ce25_scratch2/Claude_DeepRL_Population_Models/real_ecology_runs/ricker_only_plus_72_20260720/runtime_snapshot_routing_fix/src/real_ecology_benchmark/methods/base.py
69b65afb1b5fdd7a9e6df5e93d9b29ff749f4ee5e137a6ea6d03e0b871de340b	2727	11	GENERAL_FROZEN	/home/hphung/ce25_scratch2/general_rl_phase2_iso/real_ecology_runs/general_phase2e_full_sigma01_02_20260720_v1/code/src/real_ecology_benchmark/methods/base.py
69b65afb1b5fdd7a9e6df5e93d9b29ff749f4ee5e137a6ea6d03e0b871de340b	2727	11	MAIN	/home/hphung/ce25_scratch2/Claude_DeepRL_Population_Models/real_ecology_runs/adapted_32cell_diagnostic_pending/code/src/real_ecology_benchmark/methods/base.py
69b65afb1b5fdd7a9e6df5e93d9b29ff749f4ee5e137a6ea6d03e0b871de340b	2727	11	MAIN	/home/hphung/ce25_scratch2/Claude_DeepRL_Population_Models/real_ecology_runs/adapted_plus_moor_corrected_canary_20260717_v1/code/src/real_ecology_benchmark/methods/base.py
69b65afb1b5fdd7a9e6df5e93d9b29ff749f4ee5e137a6ea6d03e0b871de340b	2727	11	MAIN	/home/hphung/ce25_scratch2/Claude_DeepRL_Population_Models/real_ecology_runs/paper_faithful_one_cell_4000_20260717_v1/code/src/real_ecology_benchmark/methods/base.py
69b65afb1b5fdd7a9e6df5e93d9b29ff749f4ee5e137a6ea6d03e0b871de340b	2727	11	MAIN	/home/hphung/ce25_scratch2/Claude_DeepRL_Population_Models/real_ecology_runs/paper_faithful_smoke_20260717/code/src/real_ecology_benchmark/methods/base.py
69b65afb1b5fdd7a9e6df5e93d9b29ff749f4ee5e137a6ea6d03e0b871de340b	2727	11	MAIN	/home/hphung/ce25_scratch2/Claude_DeepRL_Population_Models/real_ecology_runs/paper_faithful_smoke_20260717_v2/code/src/real_ecology_benchmark/methods/base.py
69b65afb1b5fdd7a9e6df5e93d9b29ff749f4ee5e137a6ea6d03e0b871de340b	2727	11	MAIN	/home/hphung/ce25_scratch2/Claude_DeepRL_Population_Models/real_ecology_runs/paper_faithful_smoke_20260717_v3/code/src/real_ecology_benchmark/methods/base.py
69b65afb1b5fdd7a9e6df5e93d9b29ff749f4ee5e137a6ea6d03e0b871de340b	2727	11	MAIN	/home/hphung/ce25_scratch2/Claude_DeepRL_Population_Models/real_ecology_runs/paper_faithful_smoke_20260717_v4/code/src/real_ecology_benchmark/methods/base.py
69b65afb1b5fdd7a9e6df5e93d9b29ff749f4ee5e137a6ea6d03e0b871de340b	2727	11	MAIN	/home/hphung/ce25_scratch2/Claude_DeepRL_Population_Models/real_ecology_runs/ricker_only_plus_72_20260720/runtime_snapshot/src/real_ecology_benchmark/methods/base.py
69b65afb1b5fdd7a9e6df5e93d9b29ff749f4ee5e137a6ea6d03e0b871de340b	2727	11	MAIN	/home/hphung/ce25_scratch2/Claude_DeepRL_Population_Models/src/real_ecology_benchmark/methods/base.py
75bc4982d785509445fccd819a5ae309a2ae3b4c99242756ad0c299d05431b40	8241	11	ECO_FROZEN	/home/hphung/ce25_scratch2/Claude_DeepRL_Population_Models/real_ecology_runs/ricker_only_plus_72_20260720/runtime_snapshot_routing_fix/src/real_ecology_benchmark/public_models.py
75bc4982d785509445fccd819a5ae309a2ae3b4c99242756ad0c299d05431b40	8241	11	MAIN	/home/hphung/ce25_scratch2/Claude_DeepRL_Population_Models/real_ecology_runs/adapted_32cell_diagnostic_pending/code/src/real_ecology_benchmark/public_models.py
75bc4982d785509445fccd819a5ae309a2ae3b4c99242756ad0c299d05431b40	8241	11	MAIN	/home/hphung/ce25_scratch2/Claude_DeepRL_Population_Models/real_ecology_runs/adapted_plus_moor_corrected_canary_20260717_v1/code/src/real_ecology_benchmark/public_models.py
75bc4982d785509445fccd819a5ae309a2ae3b4c99242756ad0c299d05431b40	8241	11	MAIN	/home/hphung/ce25_scratch2/Claude_DeepRL_Population_Models/real_ecology_runs/hidden_rk_comparison_20260716/code/src/real_ecology_benchmark/public_models.py
75bc4982d785509445fccd819a5ae309a2ae3b4c99242756ad0c299d05431b40	8241	11	MAIN	/home/hphung/ce25_scratch2/Claude_DeepRL_Population_Models/real_ecology_runs/paper_faithful_one_cell_4000_20260717_v1/code/src/real_ecology_benchmark/public_models.py
75bc4982d785509445fccd819a5ae309a2ae3b4c99242756ad0c299d05431b40	8241	11	MAIN	/home/hphung/ce25_scratch2/Claude_DeepRL_Population_Models/real_ecology_runs/paper_faithful_smoke_20260717/code/src/real_ecology_benchmark/public_models.py
75bc4982d785509445fccd819a5ae309a2ae3b4c99242756ad0c299d05431b40	8241	11	MAIN	/home/hphung/ce25_scratch2/Claude_DeepRL_Population_Models/real_ecology_runs/paper_faithful_smoke_20260717_v2/code/src/real_ecology_benchmark/public_models.py
75bc4982d785509445fccd819a5ae309a2ae3b4c99242756ad0c299d05431b40	8241	11	MAIN	/home/hphung/ce25_scratch2/Claude_DeepRL_Population_Models/real_ecology_runs/paper_faithful_smoke_20260717_v3/code/src/real_ecology_benchmark/public_models.py
75bc4982d785509445fccd819a5ae309a2ae3b4c99242756ad0c299d05431b40	8241	11	MAIN	/home/hphung/ce25_scratch2/Claude_DeepRL_Population_Models/real_ecology_runs/paper_faithful_smoke_20260717_v4/code/src/real_ecology_benchmark/public_models.py
75bc4982d785509445fccd819a5ae309a2ae3b4c99242756ad0c299d05431b40	8241	11	MAIN	/home/hphung/ce25_scratch2/Claude_DeepRL_Population_Models/real_ecology_runs/ricker_only_plus_72_20260720/runtime_snapshot/src/real_ecology_benchmark/public_models.py
75bc4982d785509445fccd819a5ae309a2ae3b4c99242756ad0c299d05431b40	8241	11	MAIN	/home/hphung/ce25_scratch2/Claude_DeepRL_Population_Models/src/real_ecology_benchmark/public_models.py
7c9459953b30e49fbb020eedfa95d8d06895e57f2db420face410589f247f632	19003	11	ECO_FROZEN	/home/hphung/ce25_scratch2/Claude_DeepRL_Population_Models/real_ecology_runs/ricker_only_plus_72_20260720/runtime_snapshot_routing_fix/src/real_ecology_benchmark/manifest.py
7c9459953b30e49fbb020eedfa95d8d06895e57f2db420face410589f247f632	19003	11	MAIN	/home/hphung/ce25_scratch2/Claude_DeepRL_Population_Models/real_ecology_runs/adapted_32cell_diagnostic_pending/code/src/real_ecology_benchmark/manifest.py
7c9459953b30e49fbb020eedfa95d8d06895e57f2db420face410589f247f632	19003	11	MAIN	/home/hphung/ce25_scratch2/Claude_DeepRL_Population_Models/real_ecology_runs/adapted_plus_moor_corrected_canary_20260717_v1/code/src/real_ecology_benchmark/manifest.py
7c9459953b30e49fbb020eedfa95d8d06895e57f2db420face410589f247f632	19003	11	MAIN	/home/hphung/ce25_scratch2/Claude_DeepRL_Population_Models/real_ecology_runs/hidden_rk_comparison_20260716/code/src/real_ecology_benchmark/manifest.py
7c9459953b30e49fbb020eedfa95d8d06895e57f2db420face410589f247f632	19003	11	MAIN	/home/hphung/ce25_scratch2/Claude_DeepRL_Population_Models/real_ecology_runs/paper_faithful_one_cell_4000_20260717_v1/code/src/real_ecology_benchmark/manifest.py
7c9459953b30e49fbb020eedfa95d8d06895e57f2db420face410589f247f632	19003	11	MAIN	/home/hphung/ce25_scratch2/Claude_DeepRL_Population_Models/real_ecology_runs/paper_faithful_smoke_20260717/code/src/real_ecology_benchmark/manifest.py
7c9459953b30e49fbb020eedfa95d8d06895e57f2db420face410589f247f632	19003	11	MAIN	/home/hphung/ce25_scratch2/Claude_DeepRL_Population_Models/real_ecology_runs/paper_faithful_smoke_20260717_v2/code/src/real_ecology_benchmark/manifest.py
7c9459953b30e49fbb020eedfa95d8d06895e57f2db420face410589f247f632	19003	11	MAIN	/home/hphung/ce25_scratch2/Claude_DeepRL_Population_Models/real_ecology_runs/paper_faithful_smoke_20260717_v3/code/src/real_ecology_benchmark/manifest.py
7c9459953b30e49fbb020eedfa95d8d06895e57f2db420face410589f247f632	19003	11	MAIN	/home/hphung/ce25_scratch2/Claude_DeepRL_Population_Models/real_ecology_runs/paper_faithful_smoke_20260717_v4/code/src/real_ecology_benchmark/manifest.py
7c9459953b30e49fbb020eedfa95d8d06895e57f2db420face410589f247f632	19003	11	MAIN	/home/hphung/ce25_scratch2/Claude_DeepRL_Population_Models/real_ecology_runs/ricker_only_plus_72_20260720/runtime_snapshot/src/real_ecology_benchmark/manifest.py
7c9459953b30e49fbb020eedfa95d8d06895e57f2db420face410589f247f632	19003	11	MAIN	/home/hphung/ce25_scratch2/Claude_DeepRL_Population_Models/src/real_ecology_benchmark/manifest.py
7cb6bc26ee07cb9e43ba13264024ffe21ddb1aa14a10310407e50f8115392dae	12107	11	ECO_FROZEN	/home/hphung/ce25_scratch2/Claude_DeepRL_Population_Models/real_ecology_runs/ricker_only_plus_72_20260720/runtime_snapshot_routing_fix/src/real_ecology_benchmark/cli.py
7cb6bc26ee07cb9e43ba13264024ffe21ddb1aa14a10310407e50f8115392dae	12107	11	GENERAL_FROZEN	/home/hphung/ce25_scratch2/general_rl_phase2_iso/real_ecology_runs/general_phase2e_full_sigma01_02_20260720_v1/code/src/real_ecology_benchmark/cli.py
7cb6bc26ee07cb9e43ba13264024ffe21ddb1aa14a10310407e50f8115392dae	12107	11	MAIN	/home/hphung/ce25_scratch2/Claude_DeepRL_Population_Models/real_ecology_runs/adapted_32cell_diagnostic_pending/code/src/real_ecology_benchmark/cli.py
7cb6bc26ee07cb9e43ba13264024ffe21ddb1aa14a10310407e50f8115392dae	12107	11	MAIN	/home/hphung/ce25_scratch2/Claude_DeepRL_Population_Models/real_ecology_runs/adapted_plus_moor_corrected_canary_20260717_v1/code/src/real_ecology_benchmark/cli.py
7cb6bc26ee07cb9e43ba13264024ffe21ddb1aa14a10310407e50f8115392dae	12107	11	MAIN	/home/hphung/ce25_scratch2/Claude_DeepRL_Population_Models/real_ecology_runs/paper_faithful_one_cell_4000_20260717_v1/code/src/real_ecology_benchmark/cli.py
7cb6bc26ee07cb9e43ba13264024ffe21ddb1aa14a10310407e50f8115392dae	12107	11	MAIN	/home/hphung/ce25_scratch2/Claude_DeepRL_Population_Models/real_ecology_runs/paper_faithful_smoke_20260717/code/src/real_ecology_benchmark/cli.py
7cb6bc26ee07cb9e43ba13264024ffe21ddb1aa14a10310407e50f8115392dae	12107	11	MAIN	/home/hphung/ce25_scratch2/Claude_DeepRL_Population_Models/real_ecology_runs/paper_faithful_smoke_20260717_v2/code/src/real_ecology_benchmark/cli.py
7cb6bc26ee07cb9e43ba13264024ffe21ddb1aa14a10310407e50f8115392dae	12107	11	MAIN	/home/hphung/ce25_scratch2/Claude_DeepRL_Population_Models/real_ecology_runs/paper_faithful_smoke_20260717_v3/code/src/real_ecology_benchmark/cli.py
7cb6bc26ee07cb9e43ba13264024ffe21ddb1aa14a10310407e50f8115392dae	12107	11	MAIN	/home/hphung/ce25_scratch2/Claude_DeepRL_Population_Models/real_ecology_runs/paper_faithful_smoke_20260717_v4/code/src/real_ecology_benchmark/cli.py
7cb6bc26ee07cb9e43ba13264024ffe21ddb1aa14a10310407e50f8115392dae	12107	11	MAIN	/home/hphung/ce25_scratch2/Claude_DeepRL_Population_Models/real_ecology_runs/ricker_only_plus_72_20260720/runtime_snapshot/src/real_ecology_benchmark/cli.py
7cb6bc26ee07cb9e43ba13264024ffe21ddb1aa14a10310407e50f8115392dae	12107	11	MAIN	/home/hphung/ce25_scratch2/Claude_DeepRL_Population_Models/src/real_ecology_benchmark/cli.py
912bef5128385036b294630cdb58fbb5af3933b280fbd455442e1c5a994e74e6	7381	11	ECO_FROZEN	/home/hphung/ce25_scratch2/Claude_DeepRL_Population_Models/real_ecology_runs/ricker_only_plus_72_20260720/runtime_snapshot_routing_fix/scripts/make_real_experiment_manifests.py
912bef5128385036b294630cdb58fbb5af3933b280fbd455442e1c5a994e74e6	7381	11	MAIN	/home/hphung/ce25_scratch2/Claude_DeepRL_Population_Models/real_ecology_runs/adapted_32cell_diagnostic_pending/code/scripts/make_real_experiment_manifests.py
912bef5128385036b294630cdb58fbb5af3933b280fbd455442e1c5a994e74e6	7381	11	MAIN	/home/hphung/ce25_scratch2/Claude_DeepRL_Population_Models/real_ecology_runs/adapted_plus_moor_corrected_canary_20260717_v1/code/scripts/make_real_experiment_manifests.py
912bef5128385036b294630cdb58fbb5af3933b280fbd455442e1c5a994e74e6	7381	11	MAIN	/home/hphung/ce25_scratch2/Claude_DeepRL_Population_Models/real_ecology_runs/hidden_rk_comparison_20260716/code/scripts/make_real_experiment_manifests.py
912bef5128385036b294630cdb58fbb5af3933b280fbd455442e1c5a994e74e6	7381	11	MAIN	/home/hphung/ce25_scratch2/Claude_DeepRL_Population_Models/real_ecology_runs/paper_faithful_one_cell_4000_20260717_v1/code/scripts/make_real_experiment_manifests.py
912bef5128385036b294630cdb58fbb5af3933b280fbd455442e1c5a994e74e6	7381	11	MAIN	/home/hphung/ce25_scratch2/Claude_DeepRL_Population_Models/real_ecology_runs/paper_faithful_smoke_20260717/code/scripts/make_real_experiment_manifests.py
912bef5128385036b294630cdb58fbb5af3933b280fbd455442e1c5a994e74e6	7381	11	MAIN	/home/hphung/ce25_scratch2/Claude_DeepRL_Population_Models/real_ecology_runs/paper_faithful_smoke_20260717_v2/code/scripts/make_real_experiment_manifests.py
912bef5128385036b294630cdb58fbb5af3933b280fbd455442e1c5a994e74e6	7381	11	MAIN	/home/hphung/ce25_scratch2/Claude_DeepRL_Population_Models/real_ecology_runs/paper_faithful_smoke_20260717_v3/code/scripts/make_real_experiment_manifests.py
912bef5128385036b294630cdb58fbb5af3933b280fbd455442e1c5a994e74e6	7381	11	MAIN	/home/hphung/ce25_scratch2/Claude_DeepRL_Population_Models/real_ecology_runs/paper_faithful_smoke_20260717_v4/code/scripts/make_real_experiment_manifests.py
912bef5128385036b294630cdb58fbb5af3933b280fbd455442e1c5a994e74e6	7381	11	MAIN	/home/hphung/ce25_scratch2/Claude_DeepRL_Population_Models/real_ecology_runs/ricker_only_plus_72_20260720/runtime_snapshot/scripts/make_real_experiment_manifests.py
912bef5128385036b294630cdb58fbb5af3933b280fbd455442e1c5a994e74e6	7381	11	MAIN	/home/hphung/ce25_scratch2/Claude_DeepRL_Population_Models/scripts/make_real_experiment_manifests.py
9843b388801bb8820a17f139750a754ee08fd3ed6817037d8cc52d319d2e1be9	1223	11	ECO_FROZEN	/home/hphung/ce25_scratch2/Claude_DeepRL_Population_Models/real_ecology_runs/ricker_only_plus_72_20260720/runtime_snapshot_routing_fix/scripts/run_paper_faithful_solver_probe.py
9843b388801bb8820a17f139750a754ee08fd3ed6817037d8cc52d319d2e1be9	1223	11	GENERAL_FROZEN	/home/hphung/ce25_scratch2/general_rl_phase2_iso/real_ecology_runs/general_phase2e_full_sigma01_02_20260720_v1/code/scripts/run_paper_faithful_solver_probe.py
9843b388801bb8820a17f139750a754ee08fd3ed6817037d8cc52d319d2e1be9	1223	11	MAIN	/home/hphung/ce25_scratch2/Claude_DeepRL_Population_Models/real_ecology_runs/adapted_32cell_diagnostic_pending/code/scripts/run_paper_faithful_solver_probe.py
9843b388801bb8820a17f139750a754ee08fd3ed6817037d8cc52d319d2e1be9	1223	11	MAIN	/home/hphung/ce25_scratch2/Claude_DeepRL_Population_Models/real_ecology_runs/adapted_plus_moor_corrected_canary_20260717_v1/code/scripts/run_paper_faithful_solver_probe.py
9843b388801bb8820a17f139750a754ee08fd3ed6817037d8cc52d319d2e1be9	1223	11	MAIN	/home/hphung/ce25_scratch2/Claude_DeepRL_Population_Models/real_ecology_runs/paper_faithful_one_cell_4000_20260717_v1/code/scripts/run_paper_faithful_solver_probe.py
9843b388801bb8820a17f139750a754ee08fd3ed6817037d8cc52d319d2e1be9	1223	11	MAIN	/home/hphung/ce25_scratch2/Claude_DeepRL_Population_Models/real_ecology_runs/paper_faithful_smoke_20260717/code/scripts/run_paper_faithful_solver_probe.py
9843b388801bb8820a17f139750a754ee08fd3ed6817037d8cc52d319d2e1be9	1223	11	MAIN	/home/hphung/ce25_scratch2/Claude_DeepRL_Population_Models/real_ecology_runs/paper_faithful_smoke_20260717_v2/code/scripts/run_paper_faithful_solver_probe.py
9843b388801bb8820a17f139750a754ee08fd3ed6817037d8cc52d319d2e1be9	1223	11	MAIN	/home/hphung/ce25_scratch2/Claude_DeepRL_Population_Models/real_ecology_runs/paper_faithful_smoke_20260717_v3/code/scripts/run_paper_faithful_solver_probe.py
9843b388801bb8820a17f139750a754ee08fd3ed6817037d8cc52d319d2e1be9	1223	11	MAIN	/home/hphung/ce25_scratch2/Claude_DeepRL_Population_Models/real_ecology_runs/paper_faithful_smoke_20260717_v4/code/scripts/run_paper_faithful_solver_probe.py
9843b388801bb8820a17f139750a754ee08fd3ed6817037d8cc52d319d2e1be9	1223	11	MAIN	/home/hphung/ce25_scratch2/Claude_DeepRL_Population_Models/real_ecology_runs/ricker_only_plus_72_20260720/runtime_snapshot/scripts/run_paper_faithful_solver_probe.py
9843b388801bb8820a17f139750a754ee08fd3ed6817037d8cc52d319d2e1be9	1223	11	MAIN	/home/hphung/ce25_scratch2/Claude_DeepRL_Population_Models/scripts/run_paper_faithful_solver_probe.py
c5472c0f039bceb2cf9aaa7aab8a997e42a0fd782f52165521361105a911815d	1182	11	ECO_FROZEN	/home/hphung/ce25_scratch2/Claude_DeepRL_Population_Models/real_ecology_runs/ricker_only_plus_72_20260720/runtime_snapshot_routing_fix/scripts/slurm/run_paper_faithful_row.sh
c5472c0f039bceb2cf9aaa7aab8a997e42a0fd782f52165521361105a911815d	1182	11	GENERAL_FROZEN	/home/hphung/ce25_scratch2/general_rl_phase2_iso/real_ecology_runs/general_phase2e_full_sigma01_02_20260720_v1/code/scripts/slurm/run_paper_faithful_row.sh
c5472c0f039bceb2cf9aaa7aab8a997e42a0fd782f52165521361105a911815d	1182	11	MAIN	/home/hphung/ce25_scratch2/Claude_DeepRL_Population_Models/real_ecology_runs/adapted_32cell_diagnostic_pending/code/scripts/slurm/run_paper_faithful_row.sh
c5472c0f039bceb2cf9aaa7aab8a997e42a0fd782f52165521361105a911815d	1182	11	MAIN	/home/hphung/ce25_scratch2/Claude_DeepRL_Population_Models/real_ecology_runs/adapted_plus_moor_corrected_canary_20260717_v1/code/scripts/slurm/run_paper_faithful_row.sh
c5472c0f039bceb2cf9aaa7aab8a997e42a0fd782f52165521361105a911815d	1182	11	MAIN	/home/hphung/ce25_scratch2/Claude_DeepRL_Population_Models/real_ecology_runs/paper_faithful_one_cell_4000_20260717_v1/code/scripts/slurm/run_paper_faithful_row.sh
c5472c0f039bceb2cf9aaa7aab8a997e42a0fd782f52165521361105a911815d	1182	11	MAIN	/home/hphung/ce25_scratch2/Claude_DeepRL_Population_Models/real_ecology_runs/paper_faithful_smoke_20260717/code/scripts/slurm/run_paper_faithful_row.sh
c5472c0f039bceb2cf9aaa7aab8a997e42a0fd782f52165521361105a911815d	1182	11	MAIN	/home/hphung/ce25_scratch2/Claude_DeepRL_Population_Models/real_ecology_runs/paper_faithful_smoke_20260717_v2/code/scripts/slurm/run_paper_faithful_row.sh
c5472c0f039bceb2cf9aaa7aab8a997e42a0fd782f52165521361105a911815d	1182	11	MAIN	/home/hphung/ce25_scratch2/Claude_DeepRL_Population_Models/real_ecology_runs/paper_faithful_smoke_20260717_v3/code/scripts/slurm/run_paper_faithful_row.sh
c5472c0f039bceb2cf9aaa7aab8a997e42a0fd782f52165521361105a911815d	1182	11	MAIN	/home/hphung/ce25_scratch2/Claude_DeepRL_Population_Models/real_ecology_runs/paper_faithful_smoke_20260717_v4/code/scripts/slurm/run_paper_faithful_row.sh
c5472c0f039bceb2cf9aaa7aab8a997e42a0fd782f52165521361105a911815d	1182	11	MAIN	/home/hphung/ce25_scratch2/Claude_DeepRL_Population_Models/real_ecology_runs/ricker_only_plus_72_20260720/runtime_snapshot/scripts/slurm/run_paper_faithful_row.sh
c5472c0f039bceb2cf9aaa7aab8a997e42a0fd782f52165521361105a911815d	1182	11	MAIN	/home/hphung/ce25_scratch2/Claude_DeepRL_Population_Models/scripts/slurm/run_paper_faithful_row.sh
fbe43f30945ac920ae24c02c1835107171ccbb4250b41ca18327fe9ea557761b	875	11	ECO_FROZEN	/home/hphung/ce25_scratch2/Claude_DeepRL_Population_Models/real_ecology_runs/ricker_only_plus_72_20260720/runtime_snapshot_routing_fix/pyproject.toml
fbe43f30945ac920ae24c02c1835107171ccbb4250b41ca18327fe9ea557761b	875	11	GENERAL_FROZEN	/home/hphung/ce25_scratch2/general_rl_phase2_iso/real_ecology_runs/general_phase2e_full_sigma01_02_20260720_v1/code/pyproject.toml
fbe43f30945ac920ae24c02c1835107171ccbb4250b41ca18327fe9ea557761b	875	11	MAIN	/home/hphung/ce25_scratch2/Claude_DeepRL_Population_Models/pyproject.toml
fbe43f30945ac920ae24c02c1835107171ccbb4250b41ca18327fe9ea557761b	875	11	MAIN	/home/hphung/ce25_scratch2/Claude_DeepRL_Population_Models/real_ecology_runs/adapted_32cell_diagnostic_pending/code/pyproject.toml
fbe43f30945ac920ae24c02c1835107171ccbb4250b41ca18327fe9ea557761b	875	11	MAIN	/home/hphung/ce25_scratch2/Claude_DeepRL_Population_Models/real_ecology_runs/adapted_plus_moor_corrected_canary_20260717_v1/code/pyproject.toml
fbe43f30945ac920ae24c02c1835107171ccbb4250b41ca18327fe9ea557761b	875	11	MAIN	/home/hphung/ce25_scratch2/Claude_DeepRL_Population_Models/real_ecology_runs/paper_faithful_one_cell_4000_20260717_v1/code/pyproject.toml
fbe43f30945ac920ae24c02c1835107171ccbb4250b41ca18327fe9ea557761b	875	11	MAIN	/home/hphung/ce25_scratch2/Claude_DeepRL_Population_Models/real_ecology_runs/paper_faithful_smoke_20260717/code/pyproject.toml
fbe43f30945ac920ae24c02c1835107171ccbb4250b41ca18327fe9ea557761b	875	11	MAIN	/home/hphung/ce25_scratch2/Claude_DeepRL_Population_Models/real_ecology_runs/paper_faithful_smoke_20260717_v2/code/pyproject.toml
fbe43f30945ac920ae24c02c1835107171ccbb4250b41ca18327fe9ea557761b	875	11	MAIN	/home/hphung/ce25_scratch2/Claude_DeepRL_Population_Models/real_ecology_runs/paper_faithful_smoke_20260717_v3/code/pyproject.toml
fbe43f30945ac920ae24c02c1835107171ccbb4250b41ca18327fe9ea557761b	875	11	MAIN	/home/hphung/ce25_scratch2/Claude_DeepRL_Population_Models/real_ecology_runs/paper_faithful_smoke_20260717_v4/code/pyproject.toml
fbe43f30945ac920ae24c02c1835107171ccbb4250b41ca18327fe9ea557761b	875	11	MAIN	/home/hphung/ce25_scratch2/Claude_DeepRL_Population_Models/real_ecology_runs/ricker_only_plus_72_20260720/runtime_snapshot/pyproject.toml
ff1161e615bb9a5a8313ed40f4ab992f71a2eaa7ba5b8a100a90094997bfeb08	25939	11	ECO_FROZEN	/home/hphung/ce25_scratch2/Claude_DeepRL_Population_Models/real_ecology_runs/ricker_only_plus_72_20260720/runtime_snapshot_routing_fix/src/real_ecology_benchmark/methods/ogsrl.py
ff1161e615bb9a5a8313ed40f4ab992f71a2eaa7ba5b8a100a90094997bfeb08	25939	11	MAIN	/home/hphung/ce25_scratch2/Claude_DeepRL_Population_Models/real_ecology_runs/adapted_32cell_diagnostic_pending/code/src/real_ecology_benchmark/methods/ogsrl.py
ff1161e615bb9a5a8313ed40f4ab992f71a2eaa7ba5b8a100a90094997bfeb08	25939	11	MAIN	/home/hphung/ce25_scratch2/Claude_DeepRL_Population_Models/real_ecology_runs/adapted_plus_moor_corrected_canary_20260717_v1/code/src/real_ecology_benchmark/methods/ogsrl.py
ff1161e615bb9a5a8313ed40f4ab992f71a2eaa7ba5b8a100a90094997bfeb08	25939	11	MAIN	/home/hphung/ce25_scratch2/Claude_DeepRL_Population_Models/real_ecology_runs/hidden_rk_comparison_20260716/code/src/real_ecology_benchmark/methods/ogsrl.py
ff1161e615bb9a5a8313ed40f4ab992f71a2eaa7ba5b8a100a90094997bfeb08	25939	11	MAIN	/home/hphung/ce25_scratch2/Claude_DeepRL_Population_Models/real_ecology_runs/paper_faithful_one_cell_4000_20260717_v1/code/src/real_ecology_benchmark/methods/ogsrl.py
ff1161e615bb9a5a8313ed40f4ab992f71a2eaa7ba5b8a100a90094997bfeb08	25939	11	MAIN	/home/hphung/ce25_scratch2/Claude_DeepRL_Population_Models/real_ecology_runs/paper_faithful_smoke_20260717/code/src/real_ecology_benchmark/methods/ogsrl.py
ff1161e615bb9a5a8313ed40f4ab992f71a2eaa7ba5b8a100a90094997bfeb08	25939	11	MAIN	/home/hphung/ce25_scratch2/Claude_DeepRL_Population_Models/real_ecology_runs/paper_faithful_smoke_20260717_v2/code/src/real_ecology_benchmark/methods/ogsrl.py
ff1161e615bb9a5a8313ed40f4ab992f71a2eaa7ba5b8a100a90094997bfeb08	25939	11	MAIN	/home/hphung/ce25_scratch2/Claude_DeepRL_Population_Models/real_ecology_runs/paper_faithful_smoke_20260717_v3/code/src/real_ecology_benchmark/methods/ogsrl.py
ff1161e615bb9a5a8313ed40f4ab992f71a2eaa7ba5b8a100a90094997bfeb08	25939	11	MAIN	/home/hphung/ce25_scratch2/Claude_DeepRL_Population_Models/real_ecology_runs/paper_faithful_smoke_20260717_v4/code/src/real_ecology_benchmark/methods/ogsrl.py
ff1161e615bb9a5a8313ed40f4ab992f71a2eaa7ba5b8a100a90094997bfeb08	25939	11	MAIN	/home/hphung/ce25_scratch2/Claude_DeepRL_Population_Models/real_ecology_runs/ricker_only_plus_72_20260720/runtime_snapshot/src/real_ecology_benchmark/methods/ogsrl.py
ff1161e615bb9a5a8313ed40f4ab992f71a2eaa7ba5b8a100a90094997bfeb08	25939	11	MAIN	/home/hphung/ce25_scratch2/Claude_DeepRL_Population_Models/src/real_ecology_benchmark/methods/ogsrl.py
b779a3bbccfc70b828f3efb8f27b7c9f854ccb4b1cae75e6b6e6f90b745210dc	30607	9	ECO_FROZEN	/home/hphung/ce25_scratch2/Claude_DeepRL_Population_Models/real_ecology_runs/ricker_only_plus_72_20260720/runtime_snapshot_routing_fix/docs/benchmark/SERVER_AUDIT_hidden_parameter_usage_by_method.md
b779a3bbccfc70b828f3efb8f27b7c9f854ccb4b1cae75e6b6e6f90b745210dc	30607	9	ECO_FROZEN	/home/hphung/ce25_scratch2/Claude_DeepRL_Population_Models/real_ecology_runs/ricker_only_plus_72_20260720/runtime_snapshot_routing_fix/docs/benchmark/hide_r_k/SERVER_AUDIT_hidden_parameter_usage_by_method.md
b779a3bbccfc70b828f3efb8f27b7c9f854ccb4b1cae75e6b6e6f90b745210dc	30607	9	MAIN	/home/hphung/ce25_scratch2/Claude_DeepRL_Population_Models/docs/benchmark/SERVER_AUDIT_hidden_parameter_usage_by_method.md
b779a3bbccfc70b828f3efb8f27b7c9f854ccb4b1cae75e6b6e6f90b745210dc	30607	9	MAIN	/home/hphung/ce25_scratch2/Claude_DeepRL_Population_Models/docs/benchmark/hide_r_k/SERVER_AUDIT_hidden_parameter_usage_by_method.md
b779a3bbccfc70b828f3efb8f27b7c9f854ccb4b1cae75e6b6e6f90b745210dc	30607	9	MAIN	/home/hphung/ce25_scratch2/Claude_DeepRL_Population_Models/real_ecology_runs/adapted_32cell_diagnostic_pending/code/docs/benchmark/SERVER_AUDIT_hidden_parameter_usage_by_method.md
b779a3bbccfc70b828f3efb8f27b7c9f854ccb4b1cae75e6b6e6f90b745210dc	30607	9	MAIN	/home/hphung/ce25_scratch2/Claude_DeepRL_Population_Models/real_ecology_runs/adapted_32cell_diagnostic_pending/code/docs/benchmark/hide_r_k/SERVER_AUDIT_hidden_parameter_usage_by_method.md
b779a3bbccfc70b828f3efb8f27b7c9f854ccb4b1cae75e6b6e6f90b745210dc	30607	9	MAIN	/home/hphung/ce25_scratch2/Claude_DeepRL_Population_Models/real_ecology_runs/hidden_rk_comparison_20260716/code/docs/benchmark/hide_r_k/SERVER_AUDIT_hidden_parameter_usage_by_method.md
b779a3bbccfc70b828f3efb8f27b7c9f854ccb4b1cae75e6b6e6f90b745210dc	30607	9	MAIN	/home/hphung/ce25_scratch2/Claude_DeepRL_Population_Models/real_ecology_runs/ricker_only_plus_72_20260720/runtime_snapshot/docs/benchmark/SERVER_AUDIT_hidden_parameter_usage_by_method.md
b779a3bbccfc70b828f3efb8f27b7c9f854ccb4b1cae75e6b6e6f90b745210dc	30607	9	MAIN	/home/hphung/ce25_scratch2/Claude_DeepRL_Population_Models/real_ecology_runs/ricker_only_plus_72_20260720/runtime_snapshot/docs/benchmark/hide_r_k/SERVER_AUDIT_hidden_parameter_usage_by_method.md
8e1f859f422c470d44c42b36177be392627061b5d9e9789d82cad070ae2224a9	5318	8	MAIN	/home/hphung/ce25_scratch2/Claude_DeepRL_Population_Models/real_ecology_runs/general_audit_20260712/code/scripts/check_docs.py
8e1f859f422c470d44c42b36177be392627061b5d9e9789d82cad070ae2224a9	5318	8	MAIN	/home/hphung/ce25_scratch2/Claude_DeepRL_Population_Models/real_ecology_runs/hidden_rk_comparison_20260716/code/scripts/check_docs.py
8e1f859f422c470d44c42b36177be392627061b5d9e9789d82cad070ae2224a9	5318	8	MAIN	/home/hphung/ce25_scratch2/Claude_DeepRL_Population_Models/real_ecology_runs/motivation_native_20260711/code/scripts/check_docs.py
8e1f859f422c470d44c42b36177be392627061b5d9e9789d82cad070ae2224a9	5318	8	MAIN	/home/hphung/ce25_scratch2/Claude_DeepRL_Population_Models/real_ecology_runs/paper_faithful_one_cell_4000_20260717_v1/code/scripts/check_docs.py
8e1f859f422c470d44c42b36177be392627061b5d9e9789d82cad070ae2224a9	5318	8	MAIN	/home/hphung/ce25_scratch2/Claude_DeepRL_Population_Models/real_ecology_runs/paper_faithful_smoke_20260717/code/scripts/check_docs.py
8e1f859f422c470d44c42b36177be392627061b5d9e9789d82cad070ae2224a9	5318	8	MAIN	/home/hphung/ce25_scratch2/Claude_DeepRL_Population_Models/real_ecology_runs/paper_faithful_smoke_20260717_v2/code/scripts/check_docs.py
8e1f859f422c470d44c42b36177be392627061b5d9e9789d82cad070ae2224a9	5318	8	MAIN	/home/hphung/ce25_scratch2/Claude_DeepRL_Population_Models/real_ecology_runs/paper_faithful_smoke_20260717_v3/code/scripts/check_docs.py
8e1f859f422c470d44c42b36177be392627061b5d9e9789d82cad070ae2224a9	5318	8	MAIN	/home/hphung/ce25_scratch2/Claude_DeepRL_Population_Models/real_ecology_runs/paper_faithful_smoke_20260717_v4/code/scripts/check_docs.py
a4152e57d2eaf8bc6d98b7412d3a97731e400b3d278385a18341e74e8cf4cd56	10640	8	MAIN	/home/hphung/ce25_scratch2/Claude_DeepRL_Population_Models/real_ecology_runs/general_audit_20260712/code/src/real_ecology_benchmark/realdata.py
a4152e57d2eaf8bc6d98b7412d3a97731e400b3d278385a18341e74e8cf4cd56	10640	8	MAIN	/home/hphung/ce25_scratch2/Claude_DeepRL_Population_Models/real_ecology_runs/hidden_rk_comparison_20260716/code/src/real_ecology_benchmark/realdata.py
a4152e57d2eaf8bc6d98b7412d3a97731e400b3d278385a18341e74e8cf4cd56	10640	8	MAIN	/home/hphung/ce25_scratch2/Claude_DeepRL_Population_Models/real_ecology_runs/motivation_native_20260711/code/src/real_ecology_benchmark/realdata.py
a4152e57d2eaf8bc6d98b7412d3a97731e400b3d278385a18341e74e8cf4cd56	10640	8	MAIN	/home/hphung/ce25_scratch2/Claude_DeepRL_Population_Models/real_ecology_runs/paper_faithful_one_cell_4000_20260717_v1/code/src/real_ecology_benchmark/realdata.py
a4152e57d2eaf8bc6d98b7412d3a97731e400b3d278385a18341e74e8cf4cd56	10640	8	MAIN	/home/hphung/ce25_scratch2/Claude_DeepRL_Population_Models/real_ecology_runs/paper_faithful_smoke_20260717/code/src/real_ecology_benchmark/realdata.py
a4152e57d2eaf8bc6d98b7412d3a97731e400b3d278385a18341e74e8cf4cd56	10640	8	MAIN	/home/hphung/ce25_scratch2/Claude_DeepRL_Population_Models/real_ecology_runs/paper_faithful_smoke_20260717_v2/code/src/real_ecology_benchmark/realdata.py
a4152e57d2eaf8bc6d98b7412d3a97731e400b3d278385a18341e74e8cf4cd56	10640	8	MAIN	/home/hphung/ce25_scratch2/Claude_DeepRL_Population_Models/real_ecology_runs/paper_faithful_smoke_20260717_v3/code/src/real_ecology_benchmark/realdata.py
a4152e57d2eaf8bc6d98b7412d3a97731e400b3d278385a18341e74e8cf4cd56	10640	8	MAIN	/home/hphung/ce25_scratch2/Claude_DeepRL_Population_Models/real_ecology_runs/paper_faithful_smoke_20260717_v4/code/src/real_ecology_benchmark/realdata.py
435dba7ef28ea10e7beb53d778c1719b449db3b21daeb20834a7bc51398639e6	1386	7	ECO_FROZEN	/home/hphung/ce25_scratch2/Claude_DeepRL_Population_Models/real_ecology_runs/ricker_only_plus_72_20260720/runtime_snapshot_routing_fix/Makefile
435dba7ef28ea10e7beb53d778c1719b449db3b21daeb20834a7bc51398639e6	1386	7	MAIN	/home/hphung/ce25_scratch2/Claude_DeepRL_Population_Models/Makefile
435dba7ef28ea10e7beb53d778c1719b449db3b21daeb20834a7bc51398639e6	1386	7	MAIN	/home/hphung/ce25_scratch2/Claude_DeepRL_Population_Models/real_ecology_runs/adapted_32cell_diagnostic_pending/code/Makefile
435dba7ef28ea10e7beb53d778c1719b449db3b21daeb20834a7bc51398639e6	1386	7	MAIN	/home/hphung/ce25_scratch2/Claude_DeepRL_Population_Models/real_ecology_runs/general_audit_20260712/code/Makefile
435dba7ef28ea10e7beb53d778c1719b449db3b21daeb20834a7bc51398639e6	1386	7	MAIN	/home/hphung/ce25_scratch2/Claude_DeepRL_Population_Models/real_ecology_runs/hidden_rk_comparison_20260716/code/Makefile
435dba7ef28ea10e7beb53d778c1719b449db3b21daeb20834a7bc51398639e6	1386	7	MAIN	/home/hphung/ce25_scratch2/Claude_DeepRL_Population_Models/real_ecology_runs/motivation_native_20260711/code/Makefile
435dba7ef28ea10e7beb53d778c1719b449db3b21daeb20834a7bc51398639e6	1386	7	MAIN	/home/hphung/ce25_scratch2/Claude_DeepRL_Population_Models/real_ecology_runs/ricker_only_plus_72_20260720/runtime_snapshot/Makefile
16142d3a768459fbe1c4b6f9cf2bde045761847cad3566b1908a951cd8f18837	4947	6	ECO_FROZEN	/home/hphung/ce25_scratch2/Claude_DeepRL_Population_Models/real_ecology_runs/ricker_only_plus_72_20260720/runtime_snapshot_routing_fix/scripts/run_hidden_rk_phase0.py
16142d3a768459fbe1c4b6f9cf2bde045761847cad3566b1908a951cd8f18837	4947	6	GENERAL_FROZEN	/home/hphung/ce25_scratch2/general_rl_phase2_iso/real_ecology_runs/general_phase2e_full_sigma01_02_20260720_v1/code/scripts/run_hidden_rk_phase0.py
16142d3a768459fbe1c4b6f9cf2bde045761847cad3566b1908a951cd8f18837	4947	6	MAIN	/home/hphung/ce25_scratch2/Claude_DeepRL_Population_Models/real_ecology_runs/adapted_32cell_diagnostic_pending/code/scripts/run_hidden_rk_phase0.py
16142d3a768459fbe1c4b6f9cf2bde045761847cad3566b1908a951cd8f18837	4947	6	MAIN	/home/hphung/ce25_scratch2/Claude_DeepRL_Population_Models/real_ecology_runs/adapted_plus_moor_corrected_canary_20260717_v1/code/scripts/run_hidden_rk_phase0.py
16142d3a768459fbe1c4b6f9cf2bde045761847cad3566b1908a951cd8f18837	4947	6	MAIN	/home/hphung/ce25_scratch2/Claude_DeepRL_Population_Models/real_ecology_runs/ricker_only_plus_72_20260720/runtime_snapshot/scripts/run_hidden_rk_phase0.py
16142d3a768459fbe1c4b6f9cf2bde045761847cad3566b1908a951cd8f18837	4947	6	MAIN	/home/hphung/ce25_scratch2/Claude_DeepRL_Population_Models/scripts/run_hidden_rk_phase0.py
1b45850cfad0a2b08ea2021c19169c8c0935c3baa95ef6350a7fd1f8a3f617ac	1581	6	ECO_FROZEN	/home/hphung/ce25_scratch2/Claude_DeepRL_Population_Models/real_ecology_runs/ricker_only_plus_72_20260720/runtime_snapshot_routing_fix/configs/paper_faithful_hidden.yaml
1b45850cfad0a2b08ea2021c19169c8c0935c3baa95ef6350a7fd1f8a3f617ac	1581	6	GENERAL_FROZEN	/home/hphung/ce25_scratch2/general_rl_phase2_iso/real_ecology_runs/general_phase2e_full_sigma01_02_20260720_v1/code/configs/paper_faithful_hidden.yaml
1b45850cfad0a2b08ea2021c19169c8c0935c3baa95ef6350a7fd1f8a3f617ac	1581	6	MAIN	/home/hphung/ce25_scratch2/Claude_DeepRL_Population_Models/configs/paper_faithful_hidden.yaml
1b45850cfad0a2b08ea2021c19169c8c0935c3baa95ef6350a7fd1f8a3f617ac	1581	6	MAIN	/home/hphung/ce25_scratch2/Claude_DeepRL_Population_Models/real_ecology_runs/adapted_32cell_diagnostic_pending/code/configs/paper_faithful_hidden.yaml
1b45850cfad0a2b08ea2021c19169c8c0935c3baa95ef6350a7fd1f8a3f617ac	1581	6	MAIN	/home/hphung/ce25_scratch2/Claude_DeepRL_Population_Models/real_ecology_runs/adapted_plus_moor_corrected_canary_20260717_v1/code/configs/paper_faithful_hidden.yaml
1b45850cfad0a2b08ea2021c19169c8c0935c3baa95ef6350a7fd1f8a3f617ac	1581	6	MAIN	/home/hphung/ce25_scratch2/Claude_DeepRL_Population_Models/real_ecology_runs/ricker_only_plus_72_20260720/runtime_snapshot/configs/paper_faithful_hidden.yaml
27d9c14bdff57812137e697e17b2a54a7312ab50a7e37aca5b1d7282de72e53f	3288	6	ECO_FROZEN	/home/hphung/ce25_scratch2/Claude_DeepRL_Population_Models/real_ecology_runs/ricker_only_plus_72_20260720/runtime_snapshot_routing_fix/scripts/hash_paper_faithful_snapshot.py
27d9c14bdff57812137e697e17b2a54a7312ab50a7e37aca5b1d7282de72e53f	3288	6	GENERAL_FROZEN	/home/hphung/ce25_scratch2/general_rl_phase2_iso/real_ecology_runs/general_phase2e_full_sigma01_02_20260720_v1/code/scripts/hash_paper_faithful_snapshot.py
27d9c14bdff57812137e697e17b2a54a7312ab50a7e37aca5b1d7282de72e53f	3288	6	MAIN	/home/hphung/ce25_scratch2/Claude_DeepRL_Population_Models/real_ecology_runs/adapted_32cell_diagnostic_pending/code/scripts/hash_paper_faithful_snapshot.py
27d9c14bdff57812137e697e17b2a54a7312ab50a7e37aca5b1d7282de72e53f	3288	6	MAIN	/home/hphung/ce25_scratch2/Claude_DeepRL_Population_Models/real_ecology_runs/adapted_plus_moor_corrected_canary_20260717_v1/code/scripts/hash_paper_faithful_snapshot.py
27d9c14bdff57812137e697e17b2a54a7312ab50a7e37aca5b1d7282de72e53f	3288	6	MAIN	/home/hphung/ce25_scratch2/Claude_DeepRL_Population_Models/real_ecology_runs/ricker_only_plus_72_20260720/runtime_snapshot/scripts/hash_paper_faithful_snapshot.py
27d9c14bdff57812137e697e17b2a54a7312ab50a7e37aca5b1d7282de72e53f	3288	6	MAIN	/home/hphung/ce25_scratch2/Claude_DeepRL_Population_Models/scripts/hash_paper_faithful_snapshot.py
2f667d09c035b1ac35a59e6e5646a71ef0e4feb77b73bcd2f1bff64626ab229f	10290	6	ECO_FROZEN	/home/hphung/ce25_scratch2/Claude_DeepRL_Population_Models/real_ecology_runs/ricker_only_plus_72_20260720/runtime_snapshot_routing_fix/scripts/make_paper_faithful_manifest.py
2f667d09c035b1ac35a59e6e5646a71ef0e4feb77b73bcd2f1bff64626ab229f	10290	6	GENERAL_FROZEN	/home/hphung/ce25_scratch2/general_rl_phase2_iso/real_ecology_runs/general_phase2e_full_sigma01_02_20260720_v1/code/scripts/make_paper_faithful_manifest.py
2f667d09c035b1ac35a59e6e5646a71ef0e4feb77b73bcd2f1bff64626ab229f	10290	6	MAIN	/home/hphung/ce25_scratch2/Claude_DeepRL_Population_Models/real_ecology_runs/adapted_32cell_diagnostic_pending/code/scripts/make_paper_faithful_manifest.py
2f667d09c035b1ac35a59e6e5646a71ef0e4feb77b73bcd2f1bff64626ab229f	10290	6	MAIN	/home/hphung/ce25_scratch2/Claude_DeepRL_Population_Models/real_ecology_runs/adapted_plus_moor_corrected_canary_20260717_v1/code/scripts/make_paper_faithful_manifest.py
2f667d09c035b1ac35a59e6e5646a71ef0e4feb77b73bcd2f1bff64626ab229f	10290	6	MAIN	/home/hphung/ce25_scratch2/Claude_DeepRL_Population_Models/real_ecology_runs/ricker_only_plus_72_20260720/runtime_snapshot/scripts/make_paper_faithful_manifest.py
2f667d09c035b1ac35a59e6e5646a71ef0e4feb77b73bcd2f1bff64626ab229f	10290	6	MAIN	/home/hphung/ce25_scratch2/Claude_DeepRL_Population_Models/scripts/make_paper_faithful_manifest.py
375aa09f9d2dfaa83b67fa0c5ca549ae0aefc9c2a0fe645302ed38685087141e	4765	6	MAIN	/home/hphung/ce25_scratch2/Claude_DeepRL_Population_Models/real_ecology_runs/hidden_rk_comparison_20260716/code/scripts/run_hidden_rk_phase0.py
375aa09f9d2dfaa83b67fa0c5ca549ae0aefc9c2a0fe645302ed38685087141e	4765	6	MAIN	/home/hphung/ce25_scratch2/Claude_DeepRL_Population_Models/real_ecology_runs/paper_faithful_one_cell_4000_20260717_v1/code/scripts/run_hidden_rk_phase0.py
375aa09f9d2dfaa83b67fa0c5ca549ae0aefc9c2a0fe645302ed38685087141e	4765	6	MAIN	/home/hphung/ce25_scratch2/Claude_DeepRL_Population_Models/real_ecology_runs/paper_faithful_smoke_20260717/code/scripts/run_hidden_rk_phase0.py
375aa09f9d2dfaa83b67fa0c5ca549ae0aefc9c2a0fe645302ed38685087141e	4765	6	MAIN	/home/hphung/ce25_scratch2/Claude_DeepRL_Population_Models/real_ecology_runs/paper_faithful_smoke_20260717_v2/code/scripts/run_hidden_rk_phase0.py
375aa09f9d2dfaa83b67fa0c5ca549ae0aefc9c2a0fe645302ed38685087141e	4765	6	MAIN	/home/hphung/ce25_scratch2/Claude_DeepRL_Population_Models/real_ecology_runs/paper_faithful_smoke_20260717_v3/code/scripts/run_hidden_rk_phase0.py
375aa09f9d2dfaa83b67fa0c5ca549ae0aefc9c2a0fe645302ed38685087141e	4765	6	MAIN	/home/hphung/ce25_scratch2/Claude_DeepRL_Population_Models/real_ecology_runs/paper_faithful_smoke_20260717_v4/code/scripts/run_hidden_rk_phase0.py
4cf371a4677341dea8be8229df98567d96bea7ddf019bb44bb5ab2f1fa2e8b20	5048	6	ECO_FROZEN	/home/hphung/ce25_scratch2/Claude_DeepRL_Population_Models/real_ecology_runs/ricker_only_plus_72_20260720/runtime_snapshot_routing_fix/src/real_ecology_benchmark/methods/moor_faithful.py
4cf371a4677341dea8be8229df98567d96bea7ddf019bb44bb5ab2f1fa2e8b20	5048	6	GENERAL_FROZEN	/home/hphung/ce25_scratch2/general_rl_phase2_iso/real_ecology_runs/general_phase2e_full_sigma01_02_20260720_v1/code/src/real_ecology_benchmark/methods/moor_faithful.py
4cf371a4677341dea8be8229df98567d96bea7ddf019bb44bb5ab2f1fa2e8b20	5048	6	MAIN	/home/hphung/ce25_scratch2/Claude_DeepRL_Population_Models/real_ecology_runs/adapted_32cell_diagnostic_pending/code/src/real_ecology_benchmark/methods/moor_faithful.py
4cf371a4677341dea8be8229df98567d96bea7ddf019bb44bb5ab2f1fa2e8b20	5048	6	MAIN	/home/hphung/ce25_scratch2/Claude_DeepRL_Population_Models/real_ecology_runs/adapted_plus_moor_corrected_canary_20260717_v1/code/src/real_ecology_benchmark/methods/moor_faithful.py
4cf371a4677341dea8be8229df98567d96bea7ddf019bb44bb5ab2f1fa2e8b20	5048	6	MAIN	/home/hphung/ce25_scratch2/Claude_DeepRL_Population_Models/real_ecology_runs/ricker_only_plus_72_20260720/runtime_snapshot/src/real_ecology_benchmark/methods/moor_faithful.py
4cf371a4677341dea8be8229df98567d96bea7ddf019bb44bb5ab2f1fa2e8b20	5048	6	MAIN	/home/hphung/ce25_scratch2/Claude_DeepRL_Population_Models/src/real_ecology_benchmark/methods/moor_faithful.py
5fad3d844c117e3791d3491a756f23a3dcd1107acfd4c702483b1e85fedb7a7c	24644	6	ECO_FROZEN	/home/hphung/ce25_scratch2/Claude_DeepRL_Population_Models/real_ecology_runs/ricker_only_plus_72_20260720/runtime_snapshot_routing_fix/src/real_ecology_benchmark/pipeline.py
5fad3d844c117e3791d3491a756f23a3dcd1107acfd4c702483b1e85fedb7a7c	24644	6	GENERAL_FROZEN	/home/hphung/ce25_scratch2/general_rl_phase2_iso/real_ecology_runs/general_phase2e_full_sigma01_02_20260720_v1/code/src/real_ecology_benchmark/pipeline.py
5fad3d844c117e3791d3491a756f23a3dcd1107acfd4c702483b1e85fedb7a7c	24644	6	MAIN	/home/hphung/ce25_scratch2/Claude_DeepRL_Population_Models/real_ecology_runs/adapted_32cell_diagnostic_pending/code/src/real_ecology_benchmark/pipeline.py
5fad3d844c117e3791d3491a756f23a3dcd1107acfd4c702483b1e85fedb7a7c	24644	6	MAIN	/home/hphung/ce25_scratch2/Claude_DeepRL_Population_Models/real_ecology_runs/adapted_plus_moor_corrected_canary_20260717_v1/code/src/real_ecology_benchmark/pipeline.py
5fad3d844c117e3791d3491a756f23a3dcd1107acfd4c702483b1e85fedb7a7c	24644	6	MAIN	/home/hphung/ce25_scratch2/Claude_DeepRL_Population_Models/real_ecology_runs/ricker_only_plus_72_20260720/runtime_snapshot/src/real_ecology_benchmark/pipeline.py
5fad3d844c117e3791d3491a756f23a3dcd1107acfd4c702483b1e85fedb7a7c	24644	6	MAIN	/home/hphung/ce25_scratch2/Claude_DeepRL_Population_Models/src/real_ecology_benchmark/pipeline.py
7357d30238d388b65dfe83b18b15081d9dca00144e16e3b2b6beccec548bb7bf	10171	6	ECO_FROZEN	/home/hphung/ce25_scratch2/Claude_DeepRL_Population_Models/real_ecology_runs/ricker_only_plus_72_20260720/runtime_snapshot_routing_fix/src/real_ecology_benchmark/faithful_pomdp.py
7357d30238d388b65dfe83b18b15081d9dca00144e16e3b2b6beccec548bb7bf	10171	6	GENERAL_FROZEN	/home/hphung/ce25_scratch2/general_rl_phase2_iso/real_ecology_runs/general_phase2e_full_sigma01_02_20260720_v1/code/src/real_ecology_benchmark/faithful_pomdp.py
7357d30238d388b65dfe83b18b15081d9dca00144e16e3b2b6beccec548bb7bf	10171	6	MAIN	/home/hphung/ce25_scratch2/Claude_DeepRL_Population_Models/real_ecology_runs/adapted_32cell_diagnostic_pending/code/src/real_ecology_benchmark/faithful_pomdp.py
7357d30238d388b65dfe83b18b15081d9dca00144e16e3b2b6beccec548bb7bf	10171	6	MAIN	/home/hphung/ce25_scratch2/Claude_DeepRL_Population_Models/real_ecology_runs/adapted_plus_moor_corrected_canary_20260717_v1/code/src/real_ecology_benchmark/faithful_pomdp.py
7357d30238d388b65dfe83b18b15081d9dca00144e16e3b2b6beccec548bb7bf	10171	6	MAIN	/home/hphung/ce25_scratch2/Claude_DeepRL_Population_Models/real_ecology_runs/ricker_only_plus_72_20260720/runtime_snapshot/src/real_ecology_benchmark/faithful_pomdp.py
7357d30238d388b65dfe83b18b15081d9dca00144e16e3b2b6beccec548bb7bf	10171	6	MAIN	/home/hphung/ce25_scratch2/Claude_DeepRL_Population_Models/src/real_ecology_benchmark/faithful_pomdp.py
7908c5fad3fc192579896475aae996dc42171742bb5fbf4c535d970552343f75	10367	6	ECO_FROZEN	/home/hphung/ce25_scratch2/Claude_DeepRL_Population_Models/real_ecology_runs/ricker_only_plus_72_20260720/runtime_snapshot_routing_fix/docs/benchmark/SERVER_HANDOFF_motivation_experiment.md
7908c5fad3fc192579896475aae996dc42171742bb5fbf4c535d970552343f75	10367	6	MAIN	/home/hphung/ce25_scratch2/Claude_DeepRL_Population_Models/docs/benchmark/SERVER_HANDOFF_motivation_experiment.md
7908c5fad3fc192579896475aae996dc42171742bb5fbf4c535d970552343f75	10367	6	MAIN	/home/hphung/ce25_scratch2/Claude_DeepRL_Population_Models/real_ecology_runs/adapted_32cell_diagnostic_pending/code/docs/benchmark/SERVER_HANDOFF_motivation_experiment.md
7908c5fad3fc192579896475aae996dc42171742bb5fbf4c535d970552343f75	10367	6	MAIN	/home/hphung/ce25_scratch2/Claude_DeepRL_Population_Models/real_ecology_runs/general_audit_20260712/code/docs/benchmark/SERVER_HANDOFF_motivation_experiment.md
7908c5fad3fc192579896475aae996dc42171742bb5fbf4c535d970552343f75	10367	6	MAIN	/home/hphung/ce25_scratch2/Claude_DeepRL_Population_Models/real_ecology_runs/motivation_native_20260711/code/docs/benchmark/SERVER_HANDOFF_motivation_experiment.md
7908c5fad3fc192579896475aae996dc42171742bb5fbf4c535d970552343f75	10367	6	MAIN	/home/hphung/ce25_scratch2/Claude_DeepRL_Population_Models/real_ecology_runs/ricker_only_plus_72_20260720/runtime_snapshot/docs/benchmark/SERVER_HANDOFF_motivation_experiment.md
90cc0f9104a5946bfbd7a5f1e2ecc4a5af294b3c9aa52074b68148f34dc46ee6	230	6	ECO_FROZEN	/home/hphung/ce25_scratch2/Claude_DeepRL_Population_Models/real_ecology_runs/ricker_only_plus_72_20260720/runtime_snapshot_routing_fix/src/real_ecology_benchmark/planners/__init__.py
90cc0f9104a5946bfbd7a5f1e2ecc4a5af294b3c9aa52074b68148f34dc46ee6	230	6	GENERAL_FROZEN	/home/hphung/ce25_scratch2/general_rl_phase2_iso/real_ecology_runs/general_phase2e_full_sigma01_02_20260720_v1/code/src/real_ecology_benchmark/planners/__init__.py
90cc0f9104a5946bfbd7a5f1e2ecc4a5af294b3c9aa52074b68148f34dc46ee6	230	6	MAIN	/home/hphung/ce25_scratch2/Claude_DeepRL_Population_Models/real_ecology_runs/adapted_32cell_diagnostic_pending/code/src/real_ecology_benchmark/planners/__init__.py
90cc0f9104a5946bfbd7a5f1e2ecc4a5af294b3c9aa52074b68148f34dc46ee6	230	6	MAIN	/home/hphung/ce25_scratch2/Claude_DeepRL_Population_Models/real_ecology_runs/adapted_plus_moor_corrected_canary_20260717_v1/code/src/real_ecology_benchmark/planners/__init__.py
90cc0f9104a5946bfbd7a5f1e2ecc4a5af294b3c9aa52074b68148f34dc46ee6	230	6	MAIN	/home/hphung/ce25_scratch2/Claude_DeepRL_Population_Models/real_ecology_runs/ricker_only_plus_72_20260720/runtime_snapshot/src/real_ecology_benchmark/planners/__init__.py
90cc0f9104a5946bfbd7a5f1e2ecc4a5af294b3c9aa52074b68148f34dc46ee6	230	6	MAIN	/home/hphung/ce25_scratch2/Claude_DeepRL_Population_Models/src/real_ecology_benchmark/planners/__init__.py
95ffe5be345c57a425722557cd99b725cd10af94a2507f378d5d74a558955a47	5042	6	ECO_FROZEN	/home/hphung/ce25_scratch2/Claude_DeepRL_Population_Models/real_ecology_runs/ricker_only_plus_72_20260720/runtime_snapshot_routing_fix/scripts/run_paper_faithful_acceptance.py
95ffe5be345c57a425722557cd99b725cd10af94a2507f378d5d74a558955a47	5042	6	GENERAL_FROZEN	/home/hphung/ce25_scratch2/general_rl_phase2_iso/real_ecology_runs/general_phase2e_full_sigma01_02_20260720_v1/code/scripts/run_paper_faithful_acceptance.py
95ffe5be345c57a425722557cd99b725cd10af94a2507f378d5d74a558955a47	5042	6	MAIN	/home/hphung/ce25_scratch2/Claude_DeepRL_Population_Models/real_ecology_runs/adapted_32cell_diagnostic_pending/code/scripts/run_paper_faithful_acceptance.py
95ffe5be345c57a425722557cd99b725cd10af94a2507f378d5d74a558955a47	5042	6	MAIN	/home/hphung/ce25_scratch2/Claude_DeepRL_Population_Models/real_ecology_runs/adapted_plus_moor_corrected_canary_20260717_v1/code/scripts/run_paper_faithful_acceptance.py
95ffe5be345c57a425722557cd99b725cd10af94a2507f378d5d74a558955a47	5042	6	MAIN	/home/hphung/ce25_scratch2/Claude_DeepRL_Population_Models/real_ecology_runs/ricker_only_plus_72_20260720/runtime_snapshot/scripts/run_paper_faithful_acceptance.py
95ffe5be345c57a425722557cd99b725cd10af94a2507f378d5d74a558955a47	5042	6	MAIN	/home/hphung/ce25_scratch2/Claude_DeepRL_Population_Models/scripts/run_paper_faithful_acceptance.py
9849f00288338c206f69a593924993ed322f28aa45703d6c4b820bfede8f6a25	737	6	ECO_FROZEN	/home/hphung/ce25_scratch2/Claude_DeepRL_Population_Models/real_ecology_runs/ricker_only_plus_72_20260720/runtime_snapshot_routing_fix/src/real_ecology_benchmark/planners/base.py
9849f00288338c206f69a593924993ed322f28aa45703d6c4b820bfede8f6a25	737	6	GENERAL_FROZEN	/home/hphung/ce25_scratch2/general_rl_phase2_iso/real_ecology_runs/general_phase2e_full_sigma01_02_20260720_v1/code/src/real_ecology_benchmark/planners/base.py
9849f00288338c206f69a593924993ed322f28aa45703d6c4b820bfede8f6a25	737	6	MAIN	/home/hphung/ce25_scratch2/Claude_DeepRL_Population_Models/real_ecology_runs/adapted_32cell_diagnostic_pending/code/src/real_ecology_benchmark/planners/base.py
9849f00288338c206f69a593924993ed322f28aa45703d6c4b820bfede8f6a25	737	6	MAIN	/home/hphung/ce25_scratch2/Claude_DeepRL_Population_Models/real_ecology_runs/adapted_plus_moor_corrected_canary_20260717_v1/code/src/real_ecology_benchmark/planners/base.py
9849f00288338c206f69a593924993ed322f28aa45703d6c4b820bfede8f6a25	737	6	MAIN	/home/hphung/ce25_scratch2/Claude_DeepRL_Population_Models/real_ecology_runs/ricker_only_plus_72_20260720/runtime_snapshot/src/real_ecology_benchmark/planners/base.py
9849f00288338c206f69a593924993ed322f28aa45703d6c4b820bfede8f6a25	737	6	MAIN	/home/hphung/ce25_scratch2/Claude_DeepRL_Population_Models/src/real_ecology_benchmark/planners/base.py
9a0ced19b228622636453af867136f11d3c2b6976941c1f1d7579131b45e0ea0	11375	6	ECO_FROZEN	/home/hphung/ce25_scratch2/Claude_DeepRL_Population_Models/real_ecology_runs/ricker_only_plus_72_20260720/runtime_snapshot_routing_fix/src/real_ecology_benchmark/faithful_artifacts.py
9a0ced19b228622636453af867136f11d3c2b6976941c1f1d7579131b45e0ea0	11375	6	GENERAL_FROZEN	/home/hphung/ce25_scratch2/general_rl_phase2_iso/real_ecology_runs/general_phase2e_full_sigma01_02_20260720_v1/code/src/real_ecology_benchmark/faithful_artifacts.py
9a0ced19b228622636453af867136f11d3c2b6976941c1f1d7579131b45e0ea0	11375	6	MAIN	/home/hphung/ce25_scratch2/Claude_DeepRL_Population_Models/real_ecology_runs/adapted_32cell_diagnostic_pending/code/src/real_ecology_benchmark/faithful_artifacts.py
9a0ced19b228622636453af867136f11d3c2b6976941c1f1d7579131b45e0ea0	11375	6	MAIN	/home/hphung/ce25_scratch2/Claude_DeepRL_Population_Models/real_ecology_runs/adapted_plus_moor_corrected_canary_20260717_v1/code/src/real_ecology_benchmark/faithful_artifacts.py
9a0ced19b228622636453af867136f11d3c2b6976941c1f1d7579131b45e0ea0	11375	6	MAIN	/home/hphung/ce25_scratch2/Claude_DeepRL_Population_Models/real_ecology_runs/ricker_only_plus_72_20260720/runtime_snapshot/src/real_ecology_benchmark/faithful_artifacts.py
9a0ced19b228622636453af867136f11d3c2b6976941c1f1d7579131b45e0ea0	11375	6	MAIN	/home/hphung/ce25_scratch2/Claude_DeepRL_Population_Models/src/real_ecology_benchmark/faithful_artifacts.py
9c72fc4892709399e76eb2488812f932a801809ef5f608c9c4a0b3734e4c6055	45798	6	ECO_FROZEN	/home/hphung/ce25_scratch2/Claude_DeepRL_Population_Models/real_ecology_runs/ricker_only_plus_72_20260720/runtime_snapshot_routing_fix/docs/benchmark/SERVER_CONTEXT_motivation_native_baselines_gate.md
9c72fc4892709399e76eb2488812f932a801809ef5f608c9c4a0b3734e4c6055	45798	6	MAIN	/home/hphung/ce25_scratch2/Claude_DeepRL_Population_Models/docs/benchmark/SERVER_CONTEXT_motivation_native_baselines_gate.md
9c72fc4892709399e76eb2488812f932a801809ef5f608c9c4a0b3734e4c6055	45798	6	MAIN	/home/hphung/ce25_scratch2/Claude_DeepRL_Population_Models/real_ecology_runs/adapted_32cell_diagnostic_pending/code/docs/benchmark/SERVER_CONTEXT_motivation_native_baselines_gate.md
9c72fc4892709399e76eb2488812f932a801809ef5f608c9c4a0b3734e4c6055	45798	6	MAIN	/home/hphung/ce25_scratch2/Claude_DeepRL_Population_Models/real_ecology_runs/general_audit_20260712/code/docs/benchmark/SERVER_CONTEXT_motivation_native_baselines_gate.md
9c72fc4892709399e76eb2488812f932a801809ef5f608c9c4a0b3734e4c6055	45798	6	MAIN	/home/hphung/ce25_scratch2/Claude_DeepRL_Population_Models/real_ecology_runs/motivation_native_20260711/code/docs/benchmark/SERVER_CONTEXT_motivation_native_baselines_gate.md
9c72fc4892709399e76eb2488812f932a801809ef5f608c9c4a0b3734e4c6055	45798	6	MAIN	/home/hphung/ce25_scratch2/Claude_DeepRL_Population_Models/real_ecology_runs/ricker_only_plus_72_20260720/runtime_snapshot/docs/benchmark/SERVER_CONTEXT_motivation_native_baselines_gate.md
9ddabe5b968951461e9c2b6e23061e20c5efedab105cb9946205ea46280e4391	4963	6	ECO_FROZEN	/home/hphung/ce25_scratch2/Claude_DeepRL_Population_Models/real_ecology_runs/ricker_only_plus_72_20260720/runtime_snapshot_routing_fix/scripts/prepare_paper_faithful_smoke.py
9ddabe5b968951461e9c2b6e23061e20c5efedab105cb9946205ea46280e4391	4963	6	GENERAL_FROZEN	/home/hphung/ce25_scratch2/general_rl_phase2_iso/real_ecology_runs/general_phase2e_full_sigma01_02_20260720_v1/code/scripts/prepare_paper_faithful_smoke.py
9ddabe5b968951461e9c2b6e23061e20c5efedab105cb9946205ea46280e4391	4963	6	MAIN	/home/hphung/ce25_scratch2/Claude_DeepRL_Population_Models/real_ecology_runs/adapted_32cell_diagnostic_pending/code/scripts/prepare_paper_faithful_smoke.py
9ddabe5b968951461e9c2b6e23061e20c5efedab105cb9946205ea46280e4391	4963	6	MAIN	/home/hphung/ce25_scratch2/Claude_DeepRL_Population_Models/real_ecology_runs/adapted_plus_moor_corrected_canary_20260717_v1/code/scripts/prepare_paper_faithful_smoke.py
9ddabe5b968951461e9c2b6e23061e20c5efedab105cb9946205ea46280e4391	4963	6	MAIN	/home/hphung/ce25_scratch2/Claude_DeepRL_Population_Models/real_ecology_runs/ricker_only_plus_72_20260720/runtime_snapshot/scripts/prepare_paper_faithful_smoke.py
9ddabe5b968951461e9c2b6e23061e20c5efedab105cb9946205ea46280e4391	4963	6	MAIN	/home/hphung/ce25_scratch2/Claude_DeepRL_Population_Models/scripts/prepare_paper_faithful_smoke.py
9ec66daa5976fdbae9f24b4587e25d141197bf92b6fe077644cc6b6b13b3c22c	12388	6	ECO_FROZEN	/home/hphung/ce25_scratch2/Claude_DeepRL_Population_Models/real_ecology_runs/ricker_only_plus_72_20260720/runtime_snapshot_routing_fix/src/real_ecology_benchmark/faithful_ecology.py
9ec66daa5976fdbae9f24b4587e25d141197bf92b6fe077644cc6b6b13b3c22c	12388	6	GENERAL_FROZEN	/home/hphung/ce25_scratch2/general_rl_phase2_iso/real_ecology_runs/general_phase2e_full_sigma01_02_20260720_v1/code/src/real_ecology_benchmark/faithful_ecology.py
9ec66daa5976fdbae9f24b4587e25d141197bf92b6fe077644cc6b6b13b3c22c	12388	6	MAIN	/home/hphung/ce25_scratch2/Claude_DeepRL_Population_Models/real_ecology_runs/adapted_32cell_diagnostic_pending/code/src/real_ecology_benchmark/faithful_ecology.py
9ec66daa5976fdbae9f24b4587e25d141197bf92b6fe077644cc6b6b13b3c22c	12388	6	MAIN	/home/hphung/ce25_scratch2/Claude_DeepRL_Population_Models/real_ecology_runs/adapted_plus_moor_corrected_canary_20260717_v1/code/src/real_ecology_benchmark/faithful_ecology.py
9ec66daa5976fdbae9f24b4587e25d141197bf92b6fe077644cc6b6b13b3c22c	12388	6	MAIN	/home/hphung/ce25_scratch2/Claude_DeepRL_Population_Models/real_ecology_runs/ricker_only_plus_72_20260720/runtime_snapshot/src/real_ecology_benchmark/faithful_ecology.py
9ec66daa5976fdbae9f24b4587e25d141197bf92b6fe077644cc6b6b13b3c22c	12388	6	MAIN	/home/hphung/ce25_scratch2/Claude_DeepRL_Population_Models/src/real_ecology_benchmark/faithful_ecology.py
afd897ab44320f81babb24eaccca3b2aa850c53ba9b2fc8ced2c2d21821ed76a	1733	6	ECO_FROZEN	/home/hphung/ce25_scratch2/Claude_DeepRL_Population_Models/real_ecology_runs/ricker_only_plus_72_20260720/runtime_snapshot_routing_fix/configs/paper_faithful_hidden_hierarchical_weak.yaml
afd897ab44320f81babb24eaccca3b2aa850c53ba9b2fc8ced2c2d21821ed76a	1733	6	GENERAL_FROZEN	/home/hphung/ce25_scratch2/general_rl_phase2_iso/real_ecology_runs/general_phase2e_full_sigma01_02_20260720_v1/code/configs/paper_faithful_hidden_hierarchical_weak.yaml
afd897ab44320f81babb24eaccca3b2aa850c53ba9b2fc8ced2c2d21821ed76a	1733	6	MAIN	/home/hphung/ce25_scratch2/Claude_DeepRL_Population_Models/configs/paper_faithful_hidden_hierarchical_weak.yaml
afd897ab44320f81babb24eaccca3b2aa850c53ba9b2fc8ced2c2d21821ed76a	1733	6	MAIN	/home/hphung/ce25_scratch2/Claude_DeepRL_Population_Models/real_ecology_runs/adapted_32cell_diagnostic_pending/code/configs/paper_faithful_hidden_hierarchical_weak.yaml
afd897ab44320f81babb24eaccca3b2aa850c53ba9b2fc8ced2c2d21821ed76a	1733	6	MAIN	/home/hphung/ce25_scratch2/Claude_DeepRL_Population_Models/real_ecology_runs/adapted_plus_moor_corrected_canary_20260717_v1/code/configs/paper_faithful_hidden_hierarchical_weak.yaml
afd897ab44320f81babb24eaccca3b2aa850c53ba9b2fc8ced2c2d21821ed76a	1733	6	MAIN	/home/hphung/ce25_scratch2/Claude_DeepRL_Population_Models/real_ecology_runs/ricker_only_plus_72_20260720/runtime_snapshot/configs/paper_faithful_hidden_hierarchical_weak.yaml
c1e439e2edac2730420260925bab7d1d1fc1c122ba17741c77e181e38ddb8232	5834	6	ECO_FROZEN	/home/hphung/ce25_scratch2/Claude_DeepRL_Population_Models/real_ecology_runs/ricker_only_plus_72_20260720/runtime_snapshot_routing_fix/scripts/prepare_corrected_adapted_canary.py
c1e439e2edac2730420260925bab7d1d1fc1c122ba17741c77e181e38ddb8232	5834	6	GENERAL_FROZEN	/home/hphung/ce25_scratch2/general_rl_phase2_iso/real_ecology_runs/general_phase2e_full_sigma01_02_20260720_v1/code/scripts/prepare_corrected_adapted_canary.py
c1e439e2edac2730420260925bab7d1d1fc1c122ba17741c77e181e38ddb8232	5834	6	MAIN	/home/hphung/ce25_scratch2/Claude_DeepRL_Population_Models/real_ecology_runs/adapted_32cell_diagnostic_pending/code/scripts/prepare_corrected_adapted_canary.py
c1e439e2edac2730420260925bab7d1d1fc1c122ba17741c77e181e38ddb8232	5834	6	MAIN	/home/hphung/ce25_scratch2/Claude_DeepRL_Population_Models/real_ecology_runs/adapted_plus_moor_corrected_canary_20260717_v1/code/scripts/prepare_corrected_adapted_canary.py
c1e439e2edac2730420260925bab7d1d1fc1c122ba17741c77e181e38ddb8232	5834	6	MAIN	/home/hphung/ce25_scratch2/Claude_DeepRL_Population_Models/real_ecology_runs/ricker_only_plus_72_20260720/runtime_snapshot/scripts/prepare_corrected_adapted_canary.py
c1e439e2edac2730420260925bab7d1d1fc1c122ba17741c77e181e38ddb8232	5834	6	MAIN	/home/hphung/ce25_scratch2/Claude_DeepRL_Population_Models/scripts/prepare_corrected_adapted_canary.py
c87a27d6f8e95e7d86311c1dc72e2bec5dcebb2f9d1003853e1fc5a46fdee5ff	11405	6	MAIN	/home/hphung/ce25_scratch2/Claude_DeepRL_Population_Models/real_ecology_runs/hidden_rk_comparison_20260716/code/scripts/run_real_manifest_row.py
c87a27d6f8e95e7d86311c1dc72e2bec5dcebb2f9d1003853e1fc5a46fdee5ff	11405	6	MAIN	/home/hphung/ce25_scratch2/Claude_DeepRL_Population_Models/real_ecology_runs/paper_faithful_one_cell_4000_20260717_v1/code/scripts/run_real_manifest_row.py
c87a27d6f8e95e7d86311c1dc72e2bec5dcebb2f9d1003853e1fc5a46fdee5ff	11405	6	MAIN	/home/hphung/ce25_scratch2/Claude_DeepRL_Population_Models/real_ecology_runs/paper_faithful_smoke_20260717/code/scripts/run_real_manifest_row.py
c87a27d6f8e95e7d86311c1dc72e2bec5dcebb2f9d1003853e1fc5a46fdee5ff	11405	6	MAIN	/home/hphung/ce25_scratch2/Claude_DeepRL_Population_Models/real_ecology_runs/paper_faithful_smoke_20260717_v2/code/scripts/run_real_manifest_row.py
c87a27d6f8e95e7d86311c1dc72e2bec5dcebb2f9d1003853e1fc5a46fdee5ff	11405	6	MAIN	/home/hphung/ce25_scratch2/Claude_DeepRL_Population_Models/real_ecology_runs/paper_faithful_smoke_20260717_v3/code/scripts/run_real_manifest_row.py
c87a27d6f8e95e7d86311c1dc72e2bec5dcebb2f9d1003853e1fc5a46fdee5ff	11405	6	MAIN	/home/hphung/ce25_scratch2/Claude_DeepRL_Population_Models/real_ecology_runs/paper_faithful_smoke_20260717_v4/code/scripts/run_real_manifest_row.py
d4e25c391000f1d312c7d379b05bf451dea987a4eb3ed28902a946a0605a2b09	1525	6	ECO_FROZEN	/home/hphung/ce25_scratch2/Claude_DeepRL_Population_Models/real_ecology_runs/ricker_only_plus_72_20260720/runtime_snapshot_routing_fix/configs/paper_faithful_hidden_smoke.yaml
d4e25c391000f1d312c7d379b05bf451dea987a4eb3ed28902a946a0605a2b09	1525	6	GENERAL_FROZEN	/home/hphung/ce25_scratch2/general_rl_phase2_iso/real_ecology_runs/general_phase2e_full_sigma01_02_20260720_v1/code/configs/paper_faithful_hidden_smoke.yaml
d4e25c391000f1d312c7d379b05bf451dea987a4eb3ed28902a946a0605a2b09	1525	6	MAIN	/home/hphung/ce25_scratch2/Claude_DeepRL_Population_Models/configs/paper_faithful_hidden_smoke.yaml
d4e25c391000f1d312c7d379b05bf451dea987a4eb3ed28902a946a0605a2b09	1525	6	MAIN	/home/hphung/ce25_scratch2/Claude_DeepRL_Population_Models/real_ecology_runs/adapted_32cell_diagnostic_pending/code/configs/paper_faithful_hidden_smoke.yaml
d4e25c391000f1d312c7d379b05bf451dea987a4eb3ed28902a946a0605a2b09	1525	6	MAIN	/home/hphung/ce25_scratch2/Claude_DeepRL_Population_Models/real_ecology_runs/adapted_plus_moor_corrected_canary_20260717_v1/code/configs/paper_faithful_hidden_smoke.yaml
d4e25c391000f1d312c7d379b05bf451dea987a4eb3ed28902a946a0605a2b09	1525	6	MAIN	/home/hphung/ce25_scratch2/Claude_DeepRL_Population_Models/real_ecology_runs/ricker_only_plus_72_20260720/runtime_snapshot/configs/paper_faithful_hidden_smoke.yaml
dd827fccb14308dbb0597aeb2289cc84c24916d65c62258f3d78ea49aecf6410	13416	6	ECO_FROZEN	/home/hphung/ce25_scratch2/Claude_DeepRL_Population_Models/real_ecology_runs/ricker_only_plus_72_20260720/runtime_snapshot_routing_fix/docs/benchmark/SERVER_AUDIT_motivation_native_baselines_gate.md
dd827fccb14308dbb0597aeb2289cc84c24916d65c62258f3d78ea49aecf6410	13416	6	MAIN	/home/hphung/ce25_scratch2/Claude_DeepRL_Population_Models/docs/benchmark/SERVER_AUDIT_motivation_native_baselines_gate.md
dd827fccb14308dbb0597aeb2289cc84c24916d65c62258f3d78ea49aecf6410	13416	6	MAIN	/home/hphung/ce25_scratch2/Claude_DeepRL_Population_Models/real_ecology_runs/adapted_32cell_diagnostic_pending/code/docs/benchmark/SERVER_AUDIT_motivation_native_baselines_gate.md
dd827fccb14308dbb0597aeb2289cc84c24916d65c62258f3d78ea49aecf6410	13416	6	MAIN	/home/hphung/ce25_scratch2/Claude_DeepRL_Population_Models/real_ecology_runs/general_audit_20260712/code/docs/benchmark/SERVER_AUDIT_motivation_native_baselines_gate.md
dd827fccb14308dbb0597aeb2289cc84c24916d65c62258f3d78ea49aecf6410	13416	6	MAIN	/home/hphung/ce25_scratch2/Claude_DeepRL_Population_Models/real_ecology_runs/motivation_native_20260711/code/docs/benchmark/SERVER_AUDIT_motivation_native_baselines_gate.md
dd827fccb14308dbb0597aeb2289cc84c24916d65c62258f3d78ea49aecf6410	13416	6	MAIN	/home/hphung/ce25_scratch2/Claude_DeepRL_Population_Models/real_ecology_runs/ricker_only_plus_72_20260720/runtime_snapshot/docs/benchmark/SERVER_AUDIT_motivation_native_baselines_gate.md
e279050546aad45b9aa45f568e01aab38ecc0531aac633f03abc311302fa8430	5312	6	ECO_FROZEN	/home/hphung/ce25_scratch2/Claude_DeepRL_Population_Models/real_ecology_runs/ricker_only_plus_72_20260720/runtime_snapshot_routing_fix/src/real_ecology_benchmark/planners/pbvi.py
e279050546aad45b9aa45f568e01aab38ecc0531aac633f03abc311302fa8430	5312	6	GENERAL_FROZEN	/home/hphung/ce25_scratch2/general_rl_phase2_iso/real_ecology_runs/general_phase2e_full_sigma01_02_20260720_v1/code/src/real_ecology_benchmark/planners/pbvi.py
e279050546aad45b9aa45f568e01aab38ecc0531aac633f03abc311302fa8430	5312	6	MAIN	/home/hphung/ce25_scratch2/Claude_DeepRL_Population_Models/real_ecology_runs/adapted_32cell_diagnostic_pending/code/src/real_ecology_benchmark/planners/pbvi.py
e279050546aad45b9aa45f568e01aab38ecc0531aac633f03abc311302fa8430	5312	6	MAIN	/home/hphung/ce25_scratch2/Claude_DeepRL_Population_Models/real_ecology_runs/adapted_plus_moor_corrected_canary_20260717_v1/code/src/real_ecology_benchmark/planners/pbvi.py
e279050546aad45b9aa45f568e01aab38ecc0531aac633f03abc311302fa8430	5312	6	MAIN	/home/hphung/ce25_scratch2/Claude_DeepRL_Population_Models/real_ecology_runs/ricker_only_plus_72_20260720/runtime_snapshot/src/real_ecology_benchmark/planners/pbvi.py
e279050546aad45b9aa45f568e01aab38ecc0531aac633f03abc311302fa8430	5312	6	MAIN	/home/hphung/ce25_scratch2/Claude_DeepRL_Population_Models/src/real_ecology_benchmark/planners/pbvi.py
e4e2a042ec98524e35fe848b16982dc692a6a6f2b2bd428532be53c6d70b8a3c	1604	6	ECO_FROZEN	/home/hphung/ce25_scratch2/Claude_DeepRL_Population_Models/real_ecology_runs/ricker_only_plus_72_20260720/runtime_snapshot_routing_fix/configs/paper_faithful_hidden_one_cell_4000.yaml
e4e2a042ec98524e35fe848b16982dc692a6a6f2b2bd428532be53c6d70b8a3c	1604	6	GENERAL_FROZEN	/home/hphung/ce25_scratch2/general_rl_phase2_iso/real_ecology_runs/general_phase2e_full_sigma01_02_20260720_v1/code/configs/paper_faithful_hidden_one_cell_4000.yaml
e4e2a042ec98524e35fe848b16982dc692a6a6f2b2bd428532be53c6d70b8a3c	1604	6	MAIN	/home/hphung/ce25_scratch2/Claude_DeepRL_Population_Models/configs/paper_faithful_hidden_one_cell_4000.yaml
e4e2a042ec98524e35fe848b16982dc692a6a6f2b2bd428532be53c6d70b8a3c	1604	6	MAIN	/home/hphung/ce25_scratch2/Claude_DeepRL_Population_Models/real_ecology_runs/adapted_32cell_diagnostic_pending/code/configs/paper_faithful_hidden_one_cell_4000.yaml
e4e2a042ec98524e35fe848b16982dc692a6a6f2b2bd428532be53c6d70b8a3c	1604	6	MAIN	/home/hphung/ce25_scratch2/Claude_DeepRL_Population_Models/real_ecology_runs/adapted_plus_moor_corrected_canary_20260717_v1/code/configs/paper_faithful_hidden_one_cell_4000.yaml
e4e2a042ec98524e35fe848b16982dc692a6a6f2b2bd428532be53c6d70b8a3c	1604	6	MAIN	/home/hphung/ce25_scratch2/Claude_DeepRL_Population_Models/real_ecology_runs/ricker_only_plus_72_20260720/runtime_snapshot/configs/paper_faithful_hidden_one_cell_4000.yaml
f293ed77f79208446fb04df3498b68941f15fb7df0979e8b8d3362ef8ed546d1	11849	6	ECO_FROZEN	/home/hphung/ce25_scratch2/Claude_DeepRL_Population_Models/real_ecology_runs/ricker_only_plus_72_20260720/runtime_snapshot_routing_fix/src/real_ecology_benchmark/realdata.py
f293ed77f79208446fb04df3498b68941f15fb7df0979e8b8d3362ef8ed546d1	11849	6	GENERAL_FROZEN	/home/hphung/ce25_scratch2/general_rl_phase2_iso/real_ecology_runs/general_phase2e_full_sigma01_02_20260720_v1/code/src/real_ecology_benchmark/realdata.py
f293ed77f79208446fb04df3498b68941f15fb7df0979e8b8d3362ef8ed546d1	11849	6	MAIN	/home/hphung/ce25_scratch2/Claude_DeepRL_Population_Models/real_ecology_runs/adapted_32cell_diagnostic_pending/code/src/real_ecology_benchmark/realdata.py
f293ed77f79208446fb04df3498b68941f15fb7df0979e8b8d3362ef8ed546d1	11849	6	MAIN	/home/hphung/ce25_scratch2/Claude_DeepRL_Population_Models/real_ecology_runs/adapted_plus_moor_corrected_canary_20260717_v1/code/src/real_ecology_benchmark/realdata.py
f293ed77f79208446fb04df3498b68941f15fb7df0979e8b8d3362ef8ed546d1	11849	6	MAIN	/home/hphung/ce25_scratch2/Claude_DeepRL_Population_Models/real_ecology_runs/ricker_only_plus_72_20260720/runtime_snapshot/src/real_ecology_benchmark/realdata.py
f293ed77f79208446fb04df3498b68941f15fb7df0979e8b8d3362ef8ed546d1	11849	6	MAIN	/home/hphung/ce25_scratch2/Claude_DeepRL_Population_Models/src/real_ecology_benchmark/realdata.py
fbec55ca7b17f5ac1b24f1c14b995049602ed85f5145c479284e2186dd230c2c	1150	6	ECO_FROZEN	/home/hphung/ce25_scratch2/Claude_DeepRL_Population_Models/real_ecology_runs/ricker_only_plus_72_20260720/runtime_snapshot_routing_fix/scripts/slurm/run_adapted_fit_row.sh
fbec55ca7b17f5ac1b24f1c14b995049602ed85f5145c479284e2186dd230c2c	1150	6	GENERAL_FROZEN	/home/hphung/ce25_scratch2/general_rl_phase2_iso/real_ecology_runs/general_phase2e_full_sigma01_02_20260720_v1/code/scripts/slurm/run_adapted_fit_row.sh
fbec55ca7b17f5ac1b24f1c14b995049602ed85f5145c479284e2186dd230c2c	1150	6	MAIN	/home/hphung/ce25_scratch2/Claude_DeepRL_Population_Models/real_ecology_runs/adapted_32cell_diagnostic_pending/code/scripts/slurm/run_adapted_fit_row.sh
fbec55ca7b17f5ac1b24f1c14b995049602ed85f5145c479284e2186dd230c2c	1150	6	MAIN	/home/hphung/ce25_scratch2/Claude_DeepRL_Population_Models/real_ecology_runs/adapted_plus_moor_corrected_canary_20260717_v1/code/scripts/slurm/run_adapted_fit_row.sh
fbec55ca7b17f5ac1b24f1c14b995049602ed85f5145c479284e2186dd230c2c	1150	6	MAIN	/home/hphung/ce25_scratch2/Claude_DeepRL_Population_Models/real_ecology_runs/ricker_only_plus_72_20260720/runtime_snapshot/scripts/slurm/run_adapted_fit_row.sh
fbec55ca7b17f5ac1b24f1c14b995049602ed85f5145c479284e2186dd230c2c	1150	6	MAIN	/home/hphung/ce25_scratch2/Claude_DeepRL_Population_Models/scripts/slurm/run_adapted_fit_row.sh
fe9d09bce42963ccefd870d6e6df2823d8cee301f54ffbd5a68a5e3d7f55a607	3316	6	ECO_FROZEN	/home/hphung/ce25_scratch2/Claude_DeepRL_Population_Models/real_ecology_runs/ricker_only_plus_72_20260720/runtime_snapshot_routing_fix/src/real_ecology_benchmark/privacy.py
fe9d09bce42963ccefd870d6e6df2823d8cee301f54ffbd5a68a5e3d7f55a607	3316	6	GENERAL_FROZEN	/home/hphung/ce25_scratch2/general_rl_phase2_iso/real_ecology_runs/general_phase2e_full_sigma01_02_20260720_v1/code/src/real_ecology_benchmark/privacy.py
fe9d09bce42963ccefd870d6e6df2823d8cee301f54ffbd5a68a5e3d7f55a607	3316	6	MAIN	/home/hphung/ce25_scratch2/Claude_DeepRL_Population_Models/real_ecology_runs/adapted_32cell_diagnostic_pending/code/src/real_ecology_benchmark/privacy.py
fe9d09bce42963ccefd870d6e6df2823d8cee301f54ffbd5a68a5e3d7f55a607	3316	6	MAIN	/home/hphung/ce25_scratch2/Claude_DeepRL_Population_Models/real_ecology_runs/adapted_plus_moor_corrected_canary_20260717_v1/code/src/real_ecology_benchmark/privacy.py
fe9d09bce42963ccefd870d6e6df2823d8cee301f54ffbd5a68a5e3d7f55a607	3316	6	MAIN	/home/hphung/ce25_scratch2/Claude_DeepRL_Population_Models/real_ecology_runs/ricker_only_plus_72_20260720/runtime_snapshot/src/real_ecology_benchmark/privacy.py
fe9d09bce42963ccefd870d6e6df2823d8cee301f54ffbd5a68a5e3d7f55a607	3316	6	MAIN	/home/hphung/ce25_scratch2/Claude_DeepRL_Population_Models/src/real_ecology_benchmark/privacy.py
ff376aec1e2c427ee49fc8d6df1c480b98e9601e7ef0883262046f022d6c4f9a	2930	6	MAIN	/home/hphung/ce25_scratch2/Claude_DeepRL_Population_Models/real_ecology_runs/hidden_rk_comparison_20260716/code/src/real_ecology_benchmark/privacy.py
ff376aec1e2c427ee49fc8d6df1c480b98e9601e7ef0883262046f022d6c4f9a	2930	6	MAIN	/home/hphung/ce25_scratch2/Claude_DeepRL_Population_Models/real_ecology_runs/paper_faithful_one_cell_4000_20260717_v1/code/src/real_ecology_benchmark/privacy.py
ff376aec1e2c427ee49fc8d6df1c480b98e9601e7ef0883262046f022d6c4f9a	2930	6	MAIN	/home/hphung/ce25_scratch2/Claude_DeepRL_Population_Models/real_ecology_runs/paper_faithful_smoke_20260717/code/src/real_ecology_benchmark/privacy.py
ff376aec1e2c427ee49fc8d6df1c480b98e9601e7ef0883262046f022d6c4f9a	2930	6	MAIN	/home/hphung/ce25_scratch2/Claude_DeepRL_Population_Models/real_ecology_runs/paper_faithful_smoke_20260717_v2/code/src/real_ecology_benchmark/privacy.py
ff376aec1e2c427ee49fc8d6df1c480b98e9601e7ef0883262046f022d6c4f9a	2930	6	MAIN	/home/hphung/ce25_scratch2/Claude_DeepRL_Population_Models/real_ecology_runs/paper_faithful_smoke_20260717_v3/code/src/real_ecology_benchmark/privacy.py
ff376aec1e2c427ee49fc8d6df1c480b98e9601e7ef0883262046f022d6c4f9a	2930	6	MAIN	/home/hphung/ce25_scratch2/Claude_DeepRL_Population_Models/real_ecology_runs/paper_faithful_smoke_20260717_v4/code/src/real_ecology_benchmark/privacy.py
04d74e9ac1211b71a720df9908ce74504a9fad81b1adce57ee99809b7ad5ff48	2068	5	ECO_FROZEN	/home/hphung/ce25_scratch2/Claude_DeepRL_Population_Models/real_ecology_runs/ricker_only_plus_72_20260720/runtime_snapshot_routing_fix/tests/real/test_faithful_artifacts.py
04d74e9ac1211b71a720df9908ce74504a9fad81b1adce57ee99809b7ad5ff48	2068	5	GENERAL_FROZEN	/home/hphung/ce25_scratch2/general_rl_phase2_iso/real_ecology_runs/general_phase2e_full_sigma01_02_20260720_v1/code/tests/real/test_faithful_artifacts.py
04d74e9ac1211b71a720df9908ce74504a9fad81b1adce57ee99809b7ad5ff48	2068	5	MAIN	/home/hphung/ce25_scratch2/Claude_DeepRL_Population_Models/real_ecology_runs/adapted_32cell_diagnostic_pending/code/tests/real/test_faithful_artifacts.py
04d74e9ac1211b71a720df9908ce74504a9fad81b1adce57ee99809b7ad5ff48	2068	5	MAIN	/home/hphung/ce25_scratch2/Claude_DeepRL_Population_Models/real_ecology_runs/ricker_only_plus_72_20260720/runtime_snapshot/tests/real/test_faithful_artifacts.py
04d74e9ac1211b71a720df9908ce74504a9fad81b1adce57ee99809b7ad5ff48	2068	5	MAIN	/home/hphung/ce25_scratch2/Claude_DeepRL_Population_Models/tests/real/test_faithful_artifacts.py
052d8362b788450a4092a4640ac140ee8cb5fad4dbc3bab2cd10660bc35cdbe5	5182	5	ECO_FROZEN	/home/hphung/ce25_scratch2/Claude_DeepRL_Population_Models/real_ecology_runs/ricker_only_plus_72_20260720/runtime_snapshot_routing_fix/docs/real_ecology_history/29_6_codex_reward_state_dependent_fix_rebuttal.md
052d8362b788450a4092a4640ac140ee8cb5fad4dbc3bab2cd10660bc35cdbe5	5182	5	MAIN	/home/hphung/ce25_scratch2/Claude_DeepRL_Population_Models/docs/real_ecology_history/29_6_codex_reward_state_dependent_fix_rebuttal.md
052d8362b788450a4092a4640ac140ee8cb5fad4dbc3bab2cd10660bc35cdbe5	5182	5	MAIN	/home/hphung/ce25_scratch2/Claude_DeepRL_Population_Models/real_ecology_runs/adapted_32cell_diagnostic_pending/code/docs/real_ecology_history/29_6_codex_reward_state_dependent_fix_rebuttal.md
052d8362b788450a4092a4640ac140ee8cb5fad4dbc3bab2cd10660bc35cdbe5	5182	5	MAIN	/home/hphung/ce25_scratch2/Claude_DeepRL_Population_Models/real_ecology_runs/psafe_overnight_20260705/code/real_ecology_cont_obser/docs/29_6_codex_reward_state_dependent_fix_rebuttal.md
052d8362b788450a4092a4640ac140ee8cb5fad4dbc3bab2cd10660bc35cdbe5	5182	5	MAIN	/home/hphung/ce25_scratch2/Claude_DeepRL_Population_Models/real_ecology_runs/ricker_only_plus_72_20260720/runtime_snapshot/docs/real_ecology_history/29_6_codex_reward_state_dependent_fix_rebuttal.md
0aed989e1e04d60b847122a971aa8868ae24bf7e0aa5b56aedd63130bd3b9c16	1550	5	ECO_FROZEN	/home/hphung/ce25_scratch2/Claude_DeepRL_Population_Models/real_ecology_runs/ricker_only_plus_72_20260720/runtime_snapshot_routing_fix/docs/real_ecology_history/29_6_codex_response_to_claude_runner_verification.md
0aed989e1e04d60b847122a971aa8868ae24bf7e0aa5b56aedd63130bd3b9c16	1550	5	MAIN	/home/hphung/ce25_scratch2/Claude_DeepRL_Population_Models/docs/real_ecology_history/29_6_codex_response_to_claude_runner_verification.md
0aed989e1e04d60b847122a971aa8868ae24bf7e0aa5b56aedd63130bd3b9c16	1550	5	MAIN	/home/hphung/ce25_scratch2/Claude_DeepRL_Population_Models/real_ecology_runs/adapted_32cell_diagnostic_pending/code/docs/real_ecology_history/29_6_codex_response_to_claude_runner_verification.md
0aed989e1e04d60b847122a971aa8868ae24bf7e0aa5b56aedd63130bd3b9c16	1550	5	MAIN	/home/hphung/ce25_scratch2/Claude_DeepRL_Population_Models/real_ecology_runs/psafe_overnight_20260705/code/real_ecology_cont_obser/docs/29_6_codex_response_to_claude_runner_verification.md
0aed989e1e04d60b847122a971aa8868ae24bf7e0aa5b56aedd63130bd3b9c16	1550	5	MAIN	/home/hphung/ce25_scratch2/Claude_DeepRL_Population_Models/real_ecology_runs/ricker_only_plus_72_20260720/runtime_snapshot/docs/real_ecology_history/29_6_codex_response_to_claude_runner_verification.md
0d6613ef88ea0bd1e6cfc39faed19e102e6b9697f08a31634da68dc30c9d114a	5114	5	MAIN	/home/hphung/ce25_scratch2/Claude_DeepRL_Population_Models/real_ecology_runs/paper_faithful_one_cell_4000_20260717_v1/code/src/real_ecology_benchmark/planners/pbvi.py
0d6613ef88ea0bd1e6cfc39faed19e102e6b9697f08a31634da68dc30c9d114a	5114	5	MAIN	/home/hphung/ce25_scratch2/Claude_DeepRL_Population_Models/real_ecology_runs/paper_faithful_smoke_20260717/code/src/real_ecology_benchmark/planners/pbvi.py
0d6613ef88ea0bd1e6cfc39faed19e102e6b9697f08a31634da68dc30c9d114a	5114	5	MAIN	/home/hphung/ce25_scratch2/Claude_DeepRL_Population_Models/real_ecology_runs/paper_faithful_smoke_20260717_v2/code/src/real_ecology_benchmark/planners/pbvi.py
0d6613ef88ea0bd1e6cfc39faed19e102e6b9697f08a31634da68dc30c9d114a	5114	5	MAIN	/home/hphung/ce25_scratch2/Claude_DeepRL_Population_Models/real_ecology_runs/paper_faithful_smoke_20260717_v3/code/src/real_ecology_benchmark/planners/pbvi.py
0d6613ef88ea0bd1e6cfc39faed19e102e6b9697f08a31634da68dc30c9d114a	5114	5	MAIN	/home/hphung/ce25_scratch2/Claude_DeepRL_Population_Models/real_ecology_runs/paper_faithful_smoke_20260717_v4/code/src/real_ecology_benchmark/planners/pbvi.py
0d8cdc320ab884aa40151236a29710edaafc2a5771cfb12a71b768a37dc3393c	2331	5	ECO_FROZEN	/home/hphung/ce25_scratch2/Claude_DeepRL_Population_Models/real_ecology_runs/ricker_only_plus_72_20260720/runtime_snapshot_routing_fix/tests/real/test_faithful_privacy.py
0d8cdc320ab884aa40151236a29710edaafc2a5771cfb12a71b768a37dc3393c	2331	5	GENERAL_FROZEN	/home/hphung/ce25_scratch2/general_rl_phase2_iso/real_ecology_runs/general_phase2e_full_sigma01_02_20260720_v1/code/tests/real/test_faithful_privacy.py
0d8cdc320ab884aa40151236a29710edaafc2a5771cfb12a71b768a37dc3393c	2331	5	MAIN	/home/hphung/ce25_scratch2/Claude_DeepRL_Population_Models/real_ecology_runs/adapted_32cell_diagnostic_pending/code/tests/real/test_faithful_privacy.py
0d8cdc320ab884aa40151236a29710edaafc2a5771cfb12a71b768a37dc3393c	2331	5	MAIN	/home/hphung/ce25_scratch2/Claude_DeepRL_Population_Models/real_ecology_runs/ricker_only_plus_72_20260720/runtime_snapshot/tests/real/test_faithful_privacy.py
0d8cdc320ab884aa40151236a29710edaafc2a5771cfb12a71b768a37dc3393c	2331	5	MAIN	/home/hphung/ce25_scratch2/Claude_DeepRL_Population_Models/tests/real/test_faithful_privacy.py
0ef88cb79d1ad0ce1c10581bf04049bf6a418d179eeeb17b4ff0abd2bd70f6f2	9200	5	ECO_FROZEN	/home/hphung/ce25_scratch2/Claude_DeepRL_Population_Models/real_ecology_runs/ricker_only_plus_72_20260720/runtime_snapshot_routing_fix/docs/real_ecology_history/29_6_algorithm_audit_reasonable_todo.md
0ef88cb79d1ad0ce1c10581bf04049bf6a418d179eeeb17b4ff0abd2bd70f6f2	9200	5	MAIN	/home/hphung/ce25_scratch2/Claude_DeepRL_Population_Models/docs/real_ecology_history/29_6_algorithm_audit_reasonable_todo.md
0ef88cb79d1ad0ce1c10581bf04049bf6a418d179eeeb17b4ff0abd2bd70f6f2	9200	5	MAIN	/home/hphung/ce25_scratch2/Claude_DeepRL_Population_Models/real_ecology_runs/adapted_32cell_diagnostic_pending/code/docs/real_ecology_history/29_6_algorithm_audit_reasonable_todo.md
0ef88cb79d1ad0ce1c10581bf04049bf6a418d179eeeb17b4ff0abd2bd70f6f2	9200	5	MAIN	/home/hphung/ce25_scratch2/Claude_DeepRL_Population_Models/real_ecology_runs/psafe_overnight_20260705/code/real_ecology_cont_obser/docs/29_6_algorithm_audit_reasonable_todo.md
0ef88cb79d1ad0ce1c10581bf04049bf6a418d179eeeb17b4ff0abd2bd70f6f2	9200	5	MAIN	/home/hphung/ce25_scratch2/Claude_DeepRL_Population_Models/real_ecology_runs/ricker_only_plus_72_20260720/runtime_snapshot/docs/real_ecology_history/29_6_algorithm_audit_reasonable_todo.md
12bbc91afb1f72f976ccd84ef071dbe0b2a9a187fe6ea343adec6508ad7d11b9	1452	5	ECO_FROZEN	/home/hphung/ce25_scratch2/Claude_DeepRL_Population_Models/real_ecology_runs/ricker_only_plus_72_20260720/runtime_snapshot_routing_fix/tests/real/test_faithful_planners.py
12bbc91afb1f72f976ccd84ef071dbe0b2a9a187fe6ea343adec6508ad7d11b9	1452	5	GENERAL_FROZEN	/home/hphung/ce25_scratch2/general_rl_phase2_iso/real_ecology_runs/general_phase2e_full_sigma01_02_20260720_v1/code/tests/real/test_faithful_planners.py
12bbc91afb1f72f976ccd84ef071dbe0b2a9a187fe6ea343adec6508ad7d11b9	1452	5	MAIN	/home/hphung/ce25_scratch2/Claude_DeepRL_Population_Models/real_ecology_runs/adapted_32cell_diagnostic_pending/code/tests/real/test_faithful_planners.py
12bbc91afb1f72f976ccd84ef071dbe0b2a9a187fe6ea343adec6508ad7d11b9	1452	5	MAIN	/home/hphung/ce25_scratch2/Claude_DeepRL_Population_Models/real_ecology_runs/ricker_only_plus_72_20260720/runtime_snapshot/tests/real/test_faithful_planners.py
12bbc91afb1f72f976ccd84ef071dbe0b2a9a187fe6ea343adec6508ad7d11b9	1452	5	MAIN	/home/hphung/ce25_scratch2/Claude_DeepRL_Population_Models/tests/real/test_faithful_planners.py
12e470fc7bfa3a3802093b6d0051b579427e48e880d83cae809887a1e320049f	4622	5	ECO_FROZEN	/home/hphung/ce25_scratch2/Claude_DeepRL_Population_Models/real_ecology_runs/ricker_only_plus_72_20260720/runtime_snapshot_routing_fix/tests/synthetic/test_dataset_filter.py
12e470fc7bfa3a3802093b6d0051b579427e48e880d83cae809887a1e320049f	4622	5	GENERAL_FROZEN	/home/hphung/ce25_scratch2/general_rl_phase2_iso/real_ecology_runs/general_phase2e_full_sigma01_02_20260720_v1/code/tests/synthetic/test_dataset_filter.py
12e470fc7bfa3a3802093b6d0051b579427e48e880d83cae809887a1e320049f	4622	5	MAIN	/home/hphung/ce25_scratch2/Claude_DeepRL_Population_Models/real_ecology_runs/adapted_32cell_diagnostic_pending/code/tests/synthetic/test_dataset_filter.py
12e470fc7bfa3a3802093b6d0051b579427e48e880d83cae809887a1e320049f	4622	5	MAIN	/home/hphung/ce25_scratch2/Claude_DeepRL_Population_Models/real_ecology_runs/ricker_only_plus_72_20260720/runtime_snapshot/tests/synthetic/test_dataset_filter.py
12e470fc7bfa3a3802093b6d0051b579427e48e880d83cae809887a1e320049f	4622	5	MAIN	/home/hphung/ce25_scratch2/Claude_DeepRL_Population_Models/tests/synthetic/test_dataset_filter.py
1f3f048c99b2221ab20e37131d7bbd89afada4c5d87e758649aa8658101a1a91	704	5	MAIN	/home/hphung/ce25_scratch2/Claude_DeepRL_Population_Models/real_ecology_runs/paper_faithful_one_cell_4000_20260717_v1/code/src/real_ecology_benchmark/planners/base.py
1f3f048c99b2221ab20e37131d7bbd89afada4c5d87e758649aa8658101a1a91	704	5	MAIN	/home/hphung/ce25_scratch2/Claude_DeepRL_Population_Models/real_ecology_runs/paper_faithful_smoke_20260717/code/src/real_ecology_benchmark/planners/base.py
1f3f048c99b2221ab20e37131d7bbd89afada4c5d87e758649aa8658101a1a91	704	5	MAIN	/home/hphung/ce25_scratch2/Claude_DeepRL_Population_Models/real_ecology_runs/paper_faithful_smoke_20260717_v2/code/src/real_ecology_benchmark/planners/base.py
1f3f048c99b2221ab20e37131d7bbd89afada4c5d87e758649aa8658101a1a91	704	5	MAIN	/home/hphung/ce25_scratch2/Claude_DeepRL_Population_Models/real_ecology_runs/paper_faithful_smoke_20260717_v3/code/src/real_ecology_benchmark/planners/base.py
1f3f048c99b2221ab20e37131d7bbd89afada4c5d87e758649aa8658101a1a91	704	5	MAIN	/home/hphung/ce25_scratch2/Claude_DeepRL_Population_Models/real_ecology_runs/paper_faithful_smoke_20260717_v4/code/src/real_ecology_benchmark/planners/base.py
20f538e42d435c69d82504218019b27910920676c72df2743c5e92e1743c6365	1388	5	MAIN	/home/hphung/ce25_scratch2/Claude_DeepRL_Population_Models/real_ecology_runs/paper_faithful_one_cell_4000_20260717_v1/code/configs/paper_faithful_hidden_smoke.yaml
20f538e42d435c69d82504218019b27910920676c72df2743c5e92e1743c6365	1388	5	MAIN	/home/hphung/ce25_scratch2/Claude_DeepRL_Population_Models/real_ecology_runs/paper_faithful_smoke_20260717/code/configs/paper_faithful_hidden_smoke.yaml
20f538e42d435c69d82504218019b27910920676c72df2743c5e92e1743c6365	1388	5	MAIN	/home/hphung/ce25_scratch2/Claude_DeepRL_Population_Models/real_ecology_runs/paper_faithful_smoke_20260717_v2/code/configs/paper_faithful_hidden_smoke.yaml
20f538e42d435c69d82504218019b27910920676c72df2743c5e92e1743c6365	1388	5	MAIN	/home/hphung/ce25_scratch2/Claude_DeepRL_Population_Models/real_ecology_runs/paper_faithful_smoke_20260717_v3/code/configs/paper_faithful_hidden_smoke.yaml
20f538e42d435c69d82504218019b27910920676c72df2743c5e92e1743c6365	1388	5	MAIN	/home/hphung/ce25_scratch2/Claude_DeepRL_Population_Models/real_ecology_runs/paper_faithful_smoke_20260717_v4/code/configs/paper_faithful_hidden_smoke.yaml
214d7b58681cbc3332802cb433b113284656c05bce2286eb8a8365a078462673	5756	5	ECO_FROZEN	/home/hphung/ce25_scratch2/Claude_DeepRL_Population_Models/real_ecology_runs/ricker_only_plus_72_20260720/runtime_snapshot_routing_fix/scripts/check_docs.py
214d7b58681cbc3332802cb433b113284656c05bce2286eb8a8365a078462673	5756	5	MAIN	/home/hphung/ce25_scratch2/Claude_DeepRL_Population_Models/real_ecology_runs/adapted_32cell_diagnostic_pending/code/scripts/check_docs.py
214d7b58681cbc3332802cb433b113284656c05bce2286eb8a8365a078462673	5756	5	MAIN	/home/hphung/ce25_scratch2/Claude_DeepRL_Population_Models/real_ecology_runs/adapted_plus_moor_corrected_canary_20260717_v1/code/scripts/check_docs.py
214d7b58681cbc3332802cb433b113284656c05bce2286eb8a8365a078462673	5756	5	MAIN	/home/hphung/ce25_scratch2/Claude_DeepRL_Population_Models/real_ecology_runs/ricker_only_plus_72_20260720/runtime_snapshot/scripts/check_docs.py
214d7b58681cbc3332802cb433b113284656c05bce2286eb8a8365a078462673	5756	5	MAIN	/home/hphung/ce25_scratch2/Claude_DeepRL_Population_Models/scripts/check_docs.py
235ab993e5de2c69253c7254287a8434ffe0c475ed2fb45d544a0754ac77419c	5866	5	ECO_FROZEN	/home/hphung/ce25_scratch2/Claude_DeepRL_Population_Models/real_ecology_runs/ricker_only_plus_72_20260720/runtime_snapshot_routing_fix/docs/real_ecology_history/29_6_algorithm_audit_unreasonable_points.md
235ab993e5de2c69253c7254287a8434ffe0c475ed2fb45d544a0754ac77419c	5866	5	MAIN	/home/hphung/ce25_scratch2/Claude_DeepRL_Population_Models/docs/real_ecology_history/29_6_algorithm_audit_unreasonable_points.md
235ab993e5de2c69253c7254287a8434ffe0c475ed2fb45d544a0754ac77419c	5866	5	MAIN	/home/hphung/ce25_scratch2/Claude_DeepRL_Population_Models/real_ecology_runs/adapted_32cell_diagnostic_pending/code/docs/real_ecology_history/29_6_algorithm_audit_unreasonable_points.md
235ab993e5de2c69253c7254287a8434ffe0c475ed2fb45d544a0754ac77419c	5866	5	MAIN	/home/hphung/ce25_scratch2/Claude_DeepRL_Population_Models/real_ecology_runs/psafe_overnight_20260705/code/real_ecology_cont_obser/docs/29_6_algorithm_audit_unreasonable_points.md
235ab993e5de2c69253c7254287a8434ffe0c475ed2fb45d544a0754ac77419c	5866	5	MAIN	/home/hphung/ce25_scratch2/Claude_DeepRL_Population_Models/real_ecology_runs/ricker_only_plus_72_20260720/runtime_snapshot/docs/real_ecology_history/29_6_algorithm_audit_unreasonable_points.md
2fc5c4b0b17d2d1894574bc83c29287f7ffe111ee98a197a3f6d00ecfd57b1b0	35292	5	MAIN	/home/hphung/ce25_scratch2/Claude_DeepRL_Population_Models/real_ecology_runs/paper_faithful_one_cell_4000_20260717_v1/code/src/real_ecology_benchmark/config.py
2fc5c4b0b17d2d1894574bc83c29287f7ffe111ee98a197a3f6d00ecfd57b1b0	35292	5	MAIN	/home/hphung/ce25_scratch2/Claude_DeepRL_Population_Models/real_ecology_runs/paper_faithful_smoke_20260717/code/src/real_ecology_benchmark/config.py
2fc5c4b0b17d2d1894574bc83c29287f7ffe111ee98a197a3f6d00ecfd57b1b0	35292	5	MAIN	/home/hphung/ce25_scratch2/Claude_DeepRL_Population_Models/real_ecology_runs/paper_faithful_smoke_20260717_v2/code/src/real_ecology_benchmark/config.py
2fc5c4b0b17d2d1894574bc83c29287f7ffe111ee98a197a3f6d00ecfd57b1b0	35292	5	MAIN	/home/hphung/ce25_scratch2/Claude_DeepRL_Population_Models/real_ecology_runs/paper_faithful_smoke_20260717_v3/code/src/real_ecology_benchmark/config.py
2fc5c4b0b17d2d1894574bc83c29287f7ffe111ee98a197a3f6d00ecfd57b1b0	35292	5	MAIN	/home/hphung/ce25_scratch2/Claude_DeepRL_Population_Models/real_ecology_runs/paper_faithful_smoke_20260717_v4/code/src/real_ecology_benchmark/config.py
34ee0ab2eda486ef4561f05d9a8930a8ed624ea5e6bea734816ca47031c0aa07	9025	5	MAIN	/home/hphung/ce25_scratch2/Claude_DeepRL_Population_Models/real_ecology_runs/paper_faithful_one_cell_4000_20260717_v1/code/src/real_ecology_benchmark/faithful_ecology.py
34ee0ab2eda486ef4561f05d9a8930a8ed624ea5e6bea734816ca47031c0aa07	9025	5	MAIN	/home/hphung/ce25_scratch2/Claude_DeepRL_Population_Models/real_ecology_runs/paper_faithful_smoke_20260717/code/src/real_ecology_benchmark/faithful_ecology.py
34ee0ab2eda486ef4561f05d9a8930a8ed624ea5e6bea734816ca47031c0aa07	9025	5	MAIN	/home/hphung/ce25_scratch2/Claude_DeepRL_Population_Models/real_ecology_runs/paper_faithful_smoke_20260717_v2/code/src/real_ecology_benchmark/faithful_ecology.py
34ee0ab2eda486ef4561f05d9a8930a8ed624ea5e6bea734816ca47031c0aa07	9025	5	MAIN	/home/hphung/ce25_scratch2/Claude_DeepRL_Population_Models/real_ecology_runs/paper_faithful_smoke_20260717_v3/code/src/real_ecology_benchmark/faithful_ecology.py
34ee0ab2eda486ef4561f05d9a8930a8ed624ea5e6bea734816ca47031c0aa07	9025	5	MAIN	/home/hphung/ce25_scratch2/Claude_DeepRL_Population_Models/real_ecology_runs/paper_faithful_smoke_20260717_v4/code/src/real_ecology_benchmark/faithful_ecology.py
38a8d3548aca64c4503e1769232942ee90c974710a5195870d3b5a1fda84fce4	12578	5	ECO_FROZEN	/home/hphung/ce25_scratch2/Claude_DeepRL_Population_Models/real_ecology_runs/ricker_only_plus_72_20260720/runtime_snapshot_routing_fix/tests/real/test_native_baselines.py
38a8d3548aca64c4503e1769232942ee90c974710a5195870d3b5a1fda84fce4	12578	5	GENERAL_FROZEN	/home/hphung/ce25_scratch2/general_rl_phase2_iso/real_ecology_runs/general_phase2e_full_sigma01_02_20260720_v1/code/tests/real/test_native_baselines.py
38a8d3548aca64c4503e1769232942ee90c974710a5195870d3b5a1fda84fce4	12578	5	MAIN	/home/hphung/ce25_scratch2/Claude_DeepRL_Population_Models/real_ecology_runs/adapted_32cell_diagnostic_pending/code/tests/real/test_native_baselines.py
38a8d3548aca64c4503e1769232942ee90c974710a5195870d3b5a1fda84fce4	12578	5	MAIN	/home/hphung/ce25_scratch2/Claude_DeepRL_Population_Models/real_ecology_runs/ricker_only_plus_72_20260720/runtime_snapshot/tests/real/test_native_baselines.py
38a8d3548aca64c4503e1769232942ee90c974710a5195870d3b5a1fda84fce4	12578	5	MAIN	/home/hphung/ce25_scratch2/Claude_DeepRL_Population_Models/tests/real/test_native_baselines.py
3c8ac5d3b016bc17c50ce142366afafc3876b098f557d2305a1a267e8cbcbc78	2062	5	ECO_FROZEN	/home/hphung/ce25_scratch2/Claude_DeepRL_Population_Models/real_ecology_runs/ricker_only_plus_72_20260720/runtime_snapshot_routing_fix/docs/benchmark/hide_r_k/PHASE0_hidden_rK_results.md
3c8ac5d3b016bc17c50ce142366afafc3876b098f557d2305a1a267e8cbcbc78	2062	5	MAIN	/home/hphung/ce25_scratch2/Claude_DeepRL_Population_Models/docs/benchmark/hide_r_k/PHASE0_hidden_rK_results.md
3c8ac5d3b016bc17c50ce142366afafc3876b098f557d2305a1a267e8cbcbc78	2062	5	MAIN	/home/hphung/ce25_scratch2/Claude_DeepRL_Population_Models/real_ecology_runs/adapted_32cell_diagnostic_pending/code/docs/benchmark/hide_r_k/PHASE0_hidden_rK_results.md
3c8ac5d3b016bc17c50ce142366afafc3876b098f557d2305a1a267e8cbcbc78	2062	5	MAIN	/home/hphung/ce25_scratch2/Claude_DeepRL_Population_Models/real_ecology_runs/hidden_rk_comparison_20260716/code/docs/benchmark/hide_r_k/PHASE0_hidden_rK_results.md
3c8ac5d3b016bc17c50ce142366afafc3876b098f557d2305a1a267e8cbcbc78	2062	5	MAIN	/home/hphung/ce25_scratch2/Claude_DeepRL_Population_Models/real_ecology_runs/ricker_only_plus_72_20260720/runtime_snapshot/docs/benchmark/hide_r_k/PHASE0_hidden_rK_results.md
3e8b2736604063181ff02055be95cd142aa3937f3909130b8f84c05da1cdeca5	1448	5	MAIN	/home/hphung/ce25_scratch2/Claude_DeepRL_Population_Models/real_ecology_runs/paper_faithful_one_cell_4000_20260717_v1/code/configs/paper_faithful_hidden.yaml
3e8b2736604063181ff02055be95cd142aa3937f3909130b8f84c05da1cdeca5	1448	5	MAIN	/home/hphung/ce25_scratch2/Claude_DeepRL_Population_Models/real_ecology_runs/paper_faithful_smoke_20260717/code/configs/paper_faithful_hidden.yaml
3e8b2736604063181ff02055be95cd142aa3937f3909130b8f84c05da1cdeca5	1448	5	MAIN	/home/hphung/ce25_scratch2/Claude_DeepRL_Population_Models/real_ecology_runs/paper_faithful_smoke_20260717_v2/code/configs/paper_faithful_hidden.yaml
3e8b2736604063181ff02055be95cd142aa3937f3909130b8f84c05da1cdeca5	1448	5	MAIN	/home/hphung/ce25_scratch2/Claude_DeepRL_Population_Models/real_ecology_runs/paper_faithful_smoke_20260717_v3/code/configs/paper_faithful_hidden.yaml
3e8b2736604063181ff02055be95cd142aa3937f3909130b8f84c05da1cdeca5	1448	5	MAIN	/home/hphung/ce25_scratch2/Claude_DeepRL_Population_Models/real_ecology_runs/paper_faithful_smoke_20260717_v4/code/configs/paper_faithful_hidden.yaml
4135168b218295d60cc0aecf369a0c7ec41e0e77716f052d80e311fc282ff6e7	4631	5	ECO_FROZEN	/home/hphung/ce25_scratch2/Claude_DeepRL_Population_Models/real_ecology_runs/ricker_only_plus_72_20260720/runtime_snapshot_routing_fix/docs/real_ecology_history/29_6_claude_runner_verification.md
4135168b218295d60cc0aecf369a0c7ec41e0e77716f052d80e311fc282ff6e7	4631	5	MAIN	/home/hphung/ce25_scratch2/Claude_DeepRL_Population_Models/docs/real_ecology_history/29_6_claude_runner_verification.md
4135168b218295d60cc0aecf369a0c7ec41e0e77716f052d80e311fc282ff6e7	4631	5	MAIN	/home/hphung/ce25_scratch2/Claude_DeepRL_Population_Models/real_ecology_runs/adapted_32cell_diagnostic_pending/code/docs/real_ecology_history/29_6_claude_runner_verification.md
4135168b218295d60cc0aecf369a0c7ec41e0e77716f052d80e311fc282ff6e7	4631	5	MAIN	/home/hphung/ce25_scratch2/Claude_DeepRL_Population_Models/real_ecology_runs/psafe_overnight_20260705/code/real_ecology_cont_obser/docs/29_6_claude_runner_verification.md
4135168b218295d60cc0aecf369a0c7ec41e0e77716f052d80e311fc282ff6e7	4631	5	MAIN	/home/hphung/ce25_scratch2/Claude_DeepRL_Population_Models/real_ecology_runs/ricker_only_plus_72_20260720/runtime_snapshot/docs/real_ecology_history/29_6_claude_runner_verification.md
42bbe6a1261432990b3ca9d8c53e9d7f72056bf937c8399f8d272c33240ced12	1704	5	ECO_FROZEN	/home/hphung/ce25_scratch2/Claude_DeepRL_Population_Models/real_ecology_runs/ricker_only_plus_72_20260720/runtime_snapshot_routing_fix/tests/real/test_faithful_equations.py
42bbe6a1261432990b3ca9d8c53e9d7f72056bf937c8399f8d272c33240ced12	1704	5	GENERAL_FROZEN	/home/hphung/ce25_scratch2/general_rl_phase2_iso/real_ecology_runs/general_phase2e_full_sigma01_02_20260720_v1/code/tests/real/test_faithful_equations.py
42bbe6a1261432990b3ca9d8c53e9d7f72056bf937c8399f8d272c33240ced12	1704	5	MAIN	/home/hphung/ce25_scratch2/Claude_DeepRL_Population_Models/real_ecology_runs/adapted_32cell_diagnostic_pending/code/tests/real/test_faithful_equations.py
42bbe6a1261432990b3ca9d8c53e9d7f72056bf937c8399f8d272c33240ced12	1704	5	MAIN	/home/hphung/ce25_scratch2/Claude_DeepRL_Population_Models/real_ecology_runs/ricker_only_plus_72_20260720/runtime_snapshot/tests/real/test_faithful_equations.py
42bbe6a1261432990b3ca9d8c53e9d7f72056bf937c8399f8d272c33240ced12	1704	5	MAIN	/home/hphung/ce25_scratch2/Claude_DeepRL_Population_Models/tests/real/test_faithful_equations.py
46b36a1b166010bf1712cf21773e54279d303bd6e286f86bb56e43da4e1d3786	8224	5	ECO_FROZEN	/home/hphung/ce25_scratch2/Claude_DeepRL_Population_Models/real_ecology_runs/ricker_only_plus_72_20260720/runtime_snapshot_routing_fix/docs/real_ecology_history/29_6_claude_experiment_plan_audit.md
46b36a1b166010bf1712cf21773e54279d303bd6e286f86bb56e43da4e1d3786	8224	5	MAIN	/home/hphung/ce25_scratch2/Claude_DeepRL_Population_Models/docs/real_ecology_history/29_6_claude_experiment_plan_audit.md
46b36a1b166010bf1712cf21773e54279d303bd6e286f86bb56e43da4e1d3786	8224	5	MAIN	/home/hphung/ce25_scratch2/Claude_DeepRL_Population_Models/real_ecology_runs/adapted_32cell_diagnostic_pending/code/docs/real_ecology_history/29_6_claude_experiment_plan_audit.md
46b36a1b166010bf1712cf21773e54279d303bd6e286f86bb56e43da4e1d3786	8224	5	MAIN	/home/hphung/ce25_scratch2/Claude_DeepRL_Population_Models/real_ecology_runs/psafe_overnight_20260705/code/real_ecology_cont_obser/docs/29_6_claude_experiment_plan_audit.md
46b36a1b166010bf1712cf21773e54279d303bd6e286f86bb56e43da4e1d3786	8224	5	MAIN	/home/hphung/ce25_scratch2/Claude_DeepRL_Population_Models/real_ecology_runs/ricker_only_plus_72_20260720/runtime_snapshot/docs/real_ecology_history/29_6_claude_experiment_plan_audit.md
48c8a0c7a069b371a4bc33bcd077d6d3b86a1d4c345cec16193bdbe1302a48ef	26181	5	ECO_FROZEN	/home/hphung/ce25_scratch2/Claude_DeepRL_Population_Models/real_ecology_runs/ricker_only_plus_72_20260720/runtime_snapshot_routing_fix/docs/benchmark/hide_r_k/METHOD_RK_USAGE_ALGORITHM_FLOW.tex
48c8a0c7a069b371a4bc33bcd077d6d3b86a1d4c345cec16193bdbe1302a48ef	26181	5	MAIN	/home/hphung/ce25_scratch2/Claude_DeepRL_Population_Models/docs/benchmark/hide_r_k/METHOD_RK_USAGE_ALGORITHM_FLOW.tex
48c8a0c7a069b371a4bc33bcd077d6d3b86a1d4c345cec16193bdbe1302a48ef	26181	5	MAIN	/home/hphung/ce25_scratch2/Claude_DeepRL_Population_Models/real_ecology_runs/adapted_32cell_diagnostic_pending/code/docs/benchmark/hide_r_k/METHOD_RK_USAGE_ALGORITHM_FLOW.tex
48c8a0c7a069b371a4bc33bcd077d6d3b86a1d4c345cec16193bdbe1302a48ef	26181	5	MAIN	/home/hphung/ce25_scratch2/Claude_DeepRL_Population_Models/real_ecology_runs/hidden_rk_comparison_20260716/code/docs/benchmark/hide_r_k/METHOD_RK_USAGE_ALGORITHM_FLOW.tex
48c8a0c7a069b371a4bc33bcd077d6d3b86a1d4c345cec16193bdbe1302a48ef	26181	5	MAIN	/home/hphung/ce25_scratch2/Claude_DeepRL_Population_Models/real_ecology_runs/ricker_only_plus_72_20260720/runtime_snapshot/docs/benchmark/hide_r_k/METHOD_RK_USAGE_ALGORITHM_FLOW.tex
4cd98c1bd55efcc538c9bfcc3dbef3682d31778ce62d408150544f6f3ba0d63e	9504	5	ECO_FROZEN	/home/hphung/ce25_scratch2/Claude_DeepRL_Population_Models/real_ecology_runs/ricker_only_plus_72_20260720/runtime_snapshot_routing_fix/docs/real_ecology_history/README_real_ecology_cont_obser.md
4cd98c1bd55efcc538c9bfcc3dbef3682d31778ce62d408150544f6f3ba0d63e	9504	5	MAIN	/home/hphung/ce25_scratch2/Claude_DeepRL_Population_Models/docs/real_ecology_history/README_real_ecology_cont_obser.md
4cd98c1bd55efcc538c9bfcc3dbef3682d31778ce62d408150544f6f3ba0d63e	9504	5	MAIN	/home/hphung/ce25_scratch2/Claude_DeepRL_Population_Models/real_ecology_runs/adapted_32cell_diagnostic_pending/code/docs/real_ecology_history/README_real_ecology_cont_obser.md
4cd98c1bd55efcc538c9bfcc3dbef3682d31778ce62d408150544f6f3ba0d63e	9504	5	MAIN	/home/hphung/ce25_scratch2/Claude_DeepRL_Population_Models/real_ecology_runs/psafe_overnight_20260705/code/real_ecology_cont_obser/README.md
4cd98c1bd55efcc538c9bfcc3dbef3682d31778ce62d408150544f6f3ba0d63e	9504	5	MAIN	/home/hphung/ce25_scratch2/Claude_DeepRL_Population_Models/real_ecology_runs/ricker_only_plus_72_20260720/runtime_snapshot/docs/real_ecology_history/README_real_ecology_cont_obser.md
4f2b8f727d4e1a786cd274c4b02286fda139710a0e2b8da06554096872743275	8975	5	ECO_FROZEN	/home/hphung/ce25_scratch2/Claude_DeepRL_Population_Models/real_ecology_runs/ricker_only_plus_72_20260720/runtime_snapshot_routing_fix/docs/benchmark/SERVER_STATUS_motivation_native_launch_readiness.md
4f2b8f727d4e1a786cd274c4b02286fda139710a0e2b8da06554096872743275	8975	5	MAIN	/home/hphung/ce25_scratch2/Claude_DeepRL_Population_Models/docs/benchmark/SERVER_STATUS_motivation_native_launch_readiness.md
4f2b8f727d4e1a786cd274c4b02286fda139710a0e2b8da06554096872743275	8975	5	MAIN	/home/hphung/ce25_scratch2/Claude_DeepRL_Population_Models/real_ecology_runs/adapted_32cell_diagnostic_pending/code/docs/benchmark/SERVER_STATUS_motivation_native_launch_readiness.md
4f2b8f727d4e1a786cd274c4b02286fda139710a0e2b8da06554096872743275	8975	5	MAIN	/home/hphung/ce25_scratch2/Claude_DeepRL_Population_Models/real_ecology_runs/general_audit_20260712/code/docs/benchmark/SERVER_STATUS_motivation_native_launch_readiness.md
4f2b8f727d4e1a786cd274c4b02286fda139710a0e2b8da06554096872743275	8975	5	MAIN	/home/hphung/ce25_scratch2/Claude_DeepRL_Population_Models/real_ecology_runs/ricker_only_plus_72_20260720/runtime_snapshot/docs/benchmark/SERVER_STATUS_motivation_native_launch_readiness.md
51144e522d9758292d8a334fe912542c269481b3f0f9911d044ad67251a1cafe	9944	5	MAIN	/home/hphung/ce25_scratch2/Claude_DeepRL_Population_Models/real_ecology_runs/paper_faithful_one_cell_4000_20260717_v1/code/src/real_ecology_benchmark/faithful_pomdp.py
51144e522d9758292d8a334fe912542c269481b3f0f9911d044ad67251a1cafe	9944	5	MAIN	/home/hphung/ce25_scratch2/Claude_DeepRL_Population_Models/real_ecology_runs/paper_faithful_smoke_20260717/code/src/real_ecology_benchmark/faithful_pomdp.py
51144e522d9758292d8a334fe912542c269481b3f0f9911d044ad67251a1cafe	9944	5	MAIN	/home/hphung/ce25_scratch2/Claude_DeepRL_Population_Models/real_ecology_runs/paper_faithful_smoke_20260717_v2/code/src/real_ecology_benchmark/faithful_pomdp.py
51144e522d9758292d8a334fe912542c269481b3f0f9911d044ad67251a1cafe	9944	5	MAIN	/home/hphung/ce25_scratch2/Claude_DeepRL_Population_Models/real_ecology_runs/paper_faithful_smoke_20260717_v3/code/src/real_ecology_benchmark/faithful_pomdp.py
51144e522d9758292d8a334fe912542c269481b3f0f9911d044ad67251a1cafe	9944	5	MAIN	/home/hphung/ce25_scratch2/Claude_DeepRL_Population_Models/real_ecology_runs/paper_faithful_smoke_20260717_v4/code/src/real_ecology_benchmark/faithful_pomdp.py
572d4eaacd2c566b55403378deaffe2dc398beab77572ba00f5353667069f8ba	3358	5	ECO_FROZEN	/home/hphung/ce25_scratch2/Claude_DeepRL_Population_Models/real_ecology_runs/ricker_only_plus_72_20260720/runtime_snapshot_routing_fix/docs/real_ecology_history/29_6_codex_training_monitoring_implementation.md
572d4eaacd2c566b55403378deaffe2dc398beab77572ba00f5353667069f8ba	3358	5	MAIN	/home/hphung/ce25_scratch2/Claude_DeepRL_Population_Models/docs/real_ecology_history/29_6_codex_training_monitoring_implementation.md
572d4eaacd2c566b55403378deaffe2dc398beab77572ba00f5353667069f8ba	3358	5	MAIN	/home/hphung/ce25_scratch2/Claude_DeepRL_Population_Models/real_ecology_runs/adapted_32cell_diagnostic_pending/code/docs/real_ecology_history/29_6_codex_training_monitoring_implementation.md
572d4eaacd2c566b55403378deaffe2dc398beab77572ba00f5353667069f8ba	3358	5	MAIN	/home/hphung/ce25_scratch2/Claude_DeepRL_Population_Models/real_ecology_runs/psafe_overnight_20260705/code/real_ecology_cont_obser/docs/29_6_codex_training_monitoring_implementation.md
572d4eaacd2c566b55403378deaffe2dc398beab77572ba00f5353667069f8ba	3358	5	MAIN	/home/hphung/ce25_scratch2/Claude_DeepRL_Population_Models/real_ecology_runs/ricker_only_plus_72_20260720/runtime_snapshot/docs/real_ecology_history/29_6_codex_training_monitoring_implementation.md
5b18288ba1377167b5257ab17bb7d1b7634d92a838fe7293c9424666a9df8a55	11508	5	ECO_FROZEN	/home/hphung/ce25_scratch2/Claude_DeepRL_Population_Models/real_ecology_runs/ricker_only_plus_72_20260720/runtime_snapshot_routing_fix/docs/real_ecology_history/29_6_gpu_cpu_backend_implementation_plan.md
5b18288ba1377167b5257ab17bb7d1b7634d92a838fe7293c9424666a9df8a55	11508	5	MAIN	/home/hphung/ce25_scratch2/Claude_DeepRL_Population_Models/docs/real_ecology_history/29_6_gpu_cpu_backend_implementation_plan.md
5b18288ba1377167b5257ab17bb7d1b7634d92a838fe7293c9424666a9df8a55	11508	5	MAIN	/home/hphung/ce25_scratch2/Claude_DeepRL_Population_Models/real_ecology_runs/adapted_32cell_diagnostic_pending/code/docs/real_ecology_history/29_6_gpu_cpu_backend_implementation_plan.md
5b18288ba1377167b5257ab17bb7d1b7634d92a838fe7293c9424666a9df8a55	11508	5	MAIN	/home/hphung/ce25_scratch2/Claude_DeepRL_Population_Models/real_ecology_runs/psafe_overnight_20260705/code/real_ecology_cont_obser/docs/29_6_gpu_cpu_backend_implementation_plan.md
5b18288ba1377167b5257ab17bb7d1b7634d92a838fe7293c9424666a9df8a55	11508	5	MAIN	/home/hphung/ce25_scratch2/Claude_DeepRL_Population_Models/real_ecology_runs/ricker_only_plus_72_20260720/runtime_snapshot/docs/real_ecology_history/29_6_gpu_cpu_backend_implementation_plan.md
62a33fad05e4987ba279c31545196034be1adc6ed9691fd875d8d4d1608ec9f7	15734	5	ECO_FROZEN	/home/hphung/ce25_scratch2/Claude_DeepRL_Population_Models/real_ecology_runs/ricker_only_plus_72_20260720/runtime_snapshot_routing_fix/docs/real_ecology_history/AUDIT_algorithm_paper_implementation.md
62a33fad05e4987ba279c31545196034be1adc6ed9691fd875d8d4d1608ec9f7	15734	5	MAIN	/home/hphung/ce25_scratch2/Claude_DeepRL_Population_Models/docs/real_ecology_history/AUDIT_algorithm_paper_implementation.md
62a33fad05e4987ba279c31545196034be1adc6ed9691fd875d8d4d1608ec9f7	15734	5	MAIN	/home/hphung/ce25_scratch2/Claude_DeepRL_Population_Models/real_ecology_runs/adapted_32cell_diagnostic_pending/code/docs/real_ecology_history/AUDIT_algorithm_paper_implementation.md
62a33fad05e4987ba279c31545196034be1adc6ed9691fd875d8d4d1608ec9f7	15734	5	MAIN	/home/hphung/ce25_scratch2/Claude_DeepRL_Population_Models/real_ecology_runs/psafe_overnight_20260705/code/real_ecology_cont_obser/docs/AUDIT_algorithm_paper_implementation.md
62a33fad05e4987ba279c31545196034be1adc6ed9691fd875d8d4d1608ec9f7	15734	5	MAIN	/home/hphung/ce25_scratch2/Claude_DeepRL_Population_Models/real_ecology_runs/ricker_only_plus_72_20260720/runtime_snapshot/docs/real_ecology_history/AUDIT_algorithm_paper_implementation.md
692bb838fe112fc68193cb9395f6d6319a40fa7d8db9cf3fef54869afb4e5d67	6489	5	ECO_FROZEN	/home/hphung/ce25_scratch2/Claude_DeepRL_Population_Models/real_ecology_runs/ricker_only_plus_72_20260720/runtime_snapshot_routing_fix/tests/real/test_corrected_canary_tooling.py
692bb838fe112fc68193cb9395f6d6319a40fa7d8db9cf3fef54869afb4e5d67	6489	5	GENERAL_FROZEN	/home/hphung/ce25_scratch2/general_rl_phase2_iso/real_ecology_runs/general_phase2e_full_sigma01_02_20260720_v1/code/tests/real/test_corrected_canary_tooling.py
692bb838fe112fc68193cb9395f6d6319a40fa7d8db9cf3fef54869afb4e5d67	6489	5	MAIN	/home/hphung/ce25_scratch2/Claude_DeepRL_Population_Models/real_ecology_runs/adapted_32cell_diagnostic_pending/code/tests/real/test_corrected_canary_tooling.py
692bb838fe112fc68193cb9395f6d6319a40fa7d8db9cf3fef54869afb4e5d67	6489	5	MAIN	/home/hphung/ce25_scratch2/Claude_DeepRL_Population_Models/real_ecology_runs/ricker_only_plus_72_20260720/runtime_snapshot/tests/real/test_corrected_canary_tooling.py
692bb838fe112fc68193cb9395f6d6319a40fa7d8db9cf3fef54869afb4e5d67	6489	5	MAIN	/home/hphung/ce25_scratch2/Claude_DeepRL_Population_Models/tests/real/test_corrected_canary_tooling.py
70f6cb14a771b5ff0e9a298236ae3ce3643a9a0ca03b0fa4378bfa7fe74c81f8	26273	5	ECO_FROZEN	/home/hphung/ce25_scratch2/Claude_DeepRL_Population_Models/real_ecology_runs/ricker_only_plus_72_20260720/runtime_snapshot_routing_fix/docs/benchmark/hide_r_k/SERVER_FIX_BRIEF_hide_rK.md
70f6cb14a771b5ff0e9a298236ae3ce3643a9a0ca03b0fa4378bfa7fe74c81f8	26273	5	MAIN	/home/hphung/ce25_scratch2/Claude_DeepRL_Population_Models/docs/benchmark/hide_r_k/SERVER_FIX_BRIEF_hide_rK.md
70f6cb14a771b5ff0e9a298236ae3ce3643a9a0ca03b0fa4378bfa7fe74c81f8	26273	5	MAIN	/home/hphung/ce25_scratch2/Claude_DeepRL_Population_Models/real_ecology_runs/adapted_32cell_diagnostic_pending/code/docs/benchmark/hide_r_k/SERVER_FIX_BRIEF_hide_rK.md
70f6cb14a771b5ff0e9a298236ae3ce3643a9a0ca03b0fa4378bfa7fe74c81f8	26273	5	MAIN	/home/hphung/ce25_scratch2/Claude_DeepRL_Population_Models/real_ecology_runs/hidden_rk_comparison_20260716/code/docs/benchmark/hide_r_k/SERVER_FIX_BRIEF_hide_rK.md
70f6cb14a771b5ff0e9a298236ae3ce3643a9a0ca03b0fa4378bfa7fe74c81f8	26273	5	MAIN	/home/hphung/ce25_scratch2/Claude_DeepRL_Population_Models/real_ecology_runs/ricker_only_plus_72_20260720/runtime_snapshot/docs/benchmark/hide_r_k/SERVER_FIX_BRIEF_hide_rK.md
715aece037e720aeaa87b87f8ce453052cf761b5fbc681418d280ebfb5e512f0	1169	5	MAIN	/home/hphung/ce25_scratch2/Claude_DeepRL_Population_Models/real_ecology_runs/paper_faithful_one_cell_4000_20260717_v1/code/src/real_ecology_benchmark/methods/__init__.py
715aece037e720aeaa87b87f8ce453052cf761b5fbc681418d280ebfb5e512f0	1169	5	MAIN	/home/hphung/ce25_scratch2/Claude_DeepRL_Population_Models/real_ecology_runs/paper_faithful_smoke_20260717/code/src/real_ecology_benchmark/methods/__init__.py
715aece037e720aeaa87b87f8ce453052cf761b5fbc681418d280ebfb5e512f0	1169	5	MAIN	/home/hphung/ce25_scratch2/Claude_DeepRL_Population_Models/real_ecology_runs/paper_faithful_smoke_20260717_v2/code/src/real_ecology_benchmark/methods/__init__.py
715aece037e720aeaa87b87f8ce453052cf761b5fbc681418d280ebfb5e512f0	1169	5	MAIN	/home/hphung/ce25_scratch2/Claude_DeepRL_Population_Models/real_ecology_runs/paper_faithful_smoke_20260717_v3/code/src/real_ecology_benchmark/methods/__init__.py
715aece037e720aeaa87b87f8ce453052cf761b5fbc681418d280ebfb5e512f0	1169	5	MAIN	/home/hphung/ce25_scratch2/Claude_DeepRL_Population_Models/real_ecology_runs/paper_faithful_smoke_20260717_v4/code/src/real_ecology_benchmark/methods/__init__.py
71750fdc18b7c962aa5983a4c366528f2ec491db8e305401c94698dd53c97e3c	9841	5	ECO_FROZEN	/home/hphung/ce25_scratch2/Claude_DeepRL_Population_Models/real_ecology_runs/ricker_only_plus_72_20260720/runtime_snapshot_routing_fix/docs/real_ecology_history/29_6_codex_reward_state_dependent_audit.md
71750fdc18b7c962aa5983a4c366528f2ec491db8e305401c94698dd53c97e3c	9841	5	MAIN	/home/hphung/ce25_scratch2/Claude_DeepRL_Population_Models/docs/real_ecology_history/29_6_codex_reward_state_dependent_audit.md
71750fdc18b7c962aa5983a4c366528f2ec491db8e305401c94698dd53c97e3c	9841	5	MAIN	/home/hphung/ce25_scratch2/Claude_DeepRL_Population_Models/real_ecology_runs/adapted_32cell_diagnostic_pending/code/docs/real_ecology_history/29_6_codex_reward_state_dependent_audit.md
71750fdc18b7c962aa5983a4c366528f2ec491db8e305401c94698dd53c97e3c	9841	5	MAIN	/home/hphung/ce25_scratch2/Claude_DeepRL_Population_Models/real_ecology_runs/psafe_overnight_20260705/code/real_ecology_cont_obser/docs/29_6_codex_reward_state_dependent_audit.md
71750fdc18b7c962aa5983a4c366528f2ec491db8e305401c94698dd53c97e3c	9841	5	MAIN	/home/hphung/ce25_scratch2/Claude_DeepRL_Population_Models/real_ecology_runs/ricker_only_plus_72_20260720/runtime_snapshot/docs/real_ecology_history/29_6_codex_reward_state_dependent_audit.md
7293c091383dd5920064af17ccf89f9b9ed987ceec76bc4cd2acc2710647e490	4603	5	ECO_FROZEN	/home/hphung/ce25_scratch2/Claude_DeepRL_Population_Models/real_ecology_runs/ricker_only_plus_72_20260720/runtime_snapshot_routing_fix/docs/real_ecology_history/29_6_claude_gpu_cpu_backend_implementation.md
7293c091383dd5920064af17ccf89f9b9ed987ceec76bc4cd2acc2710647e490	4603	5	MAIN	/home/hphung/ce25_scratch2/Claude_DeepRL_Population_Models/docs/real_ecology_history/29_6_claude_gpu_cpu_backend_implementation.md
7293c091383dd5920064af17ccf89f9b9ed987ceec76bc4cd2acc2710647e490	4603	5	MAIN	/home/hphung/ce25_scratch2/Claude_DeepRL_Population_Models/real_ecology_runs/adapted_32cell_diagnostic_pending/code/docs/real_ecology_history/29_6_claude_gpu_cpu_backend_implementation.md
7293c091383dd5920064af17ccf89f9b9ed987ceec76bc4cd2acc2710647e490	4603	5	MAIN	/home/hphung/ce25_scratch2/Claude_DeepRL_Population_Models/real_ecology_runs/psafe_overnight_20260705/code/real_ecology_cont_obser/docs/29_6_claude_gpu_cpu_backend_implementation.md
7293c091383dd5920064af17ccf89f9b9ed987ceec76bc4cd2acc2710647e490	4603	5	MAIN	/home/hphung/ce25_scratch2/Claude_DeepRL_Population_Models/real_ecology_runs/ricker_only_plus_72_20260720/runtime_snapshot/docs/real_ecology_history/29_6_claude_gpu_cpu_backend_implementation.md
73fe58c77f0c0db21667b355377a631cef93be055942085a8550f097ad670962	3168	5	ECO_FROZEN	/home/hphung/ce25_scratch2/Claude_DeepRL_Population_Models/real_ecology_runs/ricker_only_plus_72_20260720/runtime_snapshot_routing_fix/tests/synthetic/test_evaluator_gate.py
73fe58c77f0c0db21667b355377a631cef93be055942085a8550f097ad670962	3168	5	GENERAL_FROZEN	/home/hphung/ce25_scratch2/general_rl_phase2_iso/real_ecology_runs/general_phase2e_full_sigma01_02_20260720_v1/code/tests/synthetic/test_evaluator_gate.py
73fe58c77f0c0db21667b355377a631cef93be055942085a8550f097ad670962	3168	5	MAIN	/home/hphung/ce25_scratch2/Claude_DeepRL_Population_Models/real_ecology_runs/adapted_32cell_diagnostic_pending/code/tests/synthetic/test_evaluator_gate.py
73fe58c77f0c0db21667b355377a631cef93be055942085a8550f097ad670962	3168	5	MAIN	/home/hphung/ce25_scratch2/Claude_DeepRL_Population_Models/real_ecology_runs/ricker_only_plus_72_20260720/runtime_snapshot/tests/synthetic/test_evaluator_gate.py
73fe58c77f0c0db21667b355377a631cef93be055942085a8550f097ad670962	3168	5	MAIN	/home/hphung/ce25_scratch2/Claude_DeepRL_Population_Models/tests/synthetic/test_evaluator_gate.py
7c6ea536ac85b429fd8d60c5ccb0e1c086e8368a7318a7f9ef0e3f8db0c68359	2493	5	ECO_FROZEN	/home/hphung/ce25_scratch2/Claude_DeepRL_Population_Models/real_ecology_runs/ricker_only_plus_72_20260720/runtime_snapshot_routing_fix/tests/real/test_moor_faithful.py
7c6ea536ac85b429fd8d60c5ccb0e1c086e8368a7318a7f9ef0e3f8db0c68359	2493	5	GENERAL_FROZEN	/home/hphung/ce25_scratch2/general_rl_phase2_iso/real_ecology_runs/general_phase2e_full_sigma01_02_20260720_v1/code/tests/real/test_moor_faithful.py
7c6ea536ac85b429fd8d60c5ccb0e1c086e8368a7318a7f9ef0e3f8db0c68359	2493	5	MAIN	/home/hphung/ce25_scratch2/Claude_DeepRL_Population_Models/real_ecology_runs/adapted_32cell_diagnostic_pending/code/tests/real/test_moor_faithful.py
7c6ea536ac85b429fd8d60c5ccb0e1c086e8368a7318a7f9ef0e3f8db0c68359	2493	5	MAIN	/home/hphung/ce25_scratch2/Claude_DeepRL_Population_Models/real_ecology_runs/ricker_only_plus_72_20260720/runtime_snapshot/tests/real/test_moor_faithful.py
7c6ea536ac85b429fd8d60c5ccb0e1c086e8368a7318a7f9ef0e3f8db0c68359	2493	5	MAIN	/home/hphung/ce25_scratch2/Claude_DeepRL_Population_Models/tests/real/test_moor_faithful.py
7e6918e69704ffb1457c418ab76026f2ac74c997dd9320339143f125e0edfd12	4246	5	ECO_FROZEN	/home/hphung/ce25_scratch2/Claude_DeepRL_Population_Models/real_ecology_runs/ricker_only_plus_72_20260720/runtime_snapshot_routing_fix/docs/real_ecology_history/29_6_codex_response_to_claude_experiment_plan_audit.md
7e6918e69704ffb1457c418ab76026f2ac74c997dd9320339143f125e0edfd12	4246	5	MAIN	/home/hphung/ce25_scratch2/Claude_DeepRL_Population_Models/docs/real_ecology_history/29_6_codex_response_to_claude_experiment_plan_audit.md
7e6918e69704ffb1457c418ab76026f2ac74c997dd9320339143f125e0edfd12	4246	5	MAIN	/home/hphung/ce25_scratch2/Claude_DeepRL_Population_Models/real_ecology_runs/adapted_32cell_diagnostic_pending/code/docs/real_ecology_history/29_6_codex_response_to_claude_experiment_plan_audit.md
7e6918e69704ffb1457c418ab76026f2ac74c997dd9320339143f125e0edfd12	4246	5	MAIN	/home/hphung/ce25_scratch2/Claude_DeepRL_Population_Models/real_ecology_runs/psafe_overnight_20260705/code/real_ecology_cont_obser/docs/29_6_codex_response_to_claude_experiment_plan_audit.md
7e6918e69704ffb1457c418ab76026f2ac74c997dd9320339143f125e0edfd12	4246	5	MAIN	/home/hphung/ce25_scratch2/Claude_DeepRL_Population_Models/real_ecology_runs/ricker_only_plus_72_20260720/runtime_snapshot/docs/real_ecology_history/29_6_codex_response_to_claude_experiment_plan_audit.md
82aadee28c381edc7c2eae80f37be8b22298a68ff45630a964fce6fe65637f4b	7158	5	ECO_FROZEN	/home/hphung/ce25_scratch2/Claude_DeepRL_Population_Models/real_ecology_runs/ricker_only_plus_72_20260720/runtime_snapshot_routing_fix/docs/real_ecology_history/29_6_claude_gpu_cpu_backend_audit.md
82aadee28c381edc7c2eae80f37be8b22298a68ff45630a964fce6fe65637f4b	7158	5	MAIN	/home/hphung/ce25_scratch2/Claude_DeepRL_Population_Models/docs/real_ecology_history/29_6_claude_gpu_cpu_backend_audit.md
82aadee28c381edc7c2eae80f37be8b22298a68ff45630a964fce6fe65637f4b	7158	5	MAIN	/home/hphung/ce25_scratch2/Claude_DeepRL_Population_Models/real_ecology_runs/adapted_32cell_diagnostic_pending/code/docs/real_ecology_history/29_6_claude_gpu_cpu_backend_audit.md
82aadee28c381edc7c2eae80f37be8b22298a68ff45630a964fce6fe65637f4b	7158	5	MAIN	/home/hphung/ce25_scratch2/Claude_DeepRL_Population_Models/real_ecology_runs/psafe_overnight_20260705/code/real_ecology_cont_obser/docs/29_6_claude_gpu_cpu_backend_audit.md
82aadee28c381edc7c2eae80f37be8b22298a68ff45630a964fce6fe65637f4b	7158	5	MAIN	/home/hphung/ce25_scratch2/Claude_DeepRL_Population_Models/real_ecology_runs/ricker_only_plus_72_20260720/runtime_snapshot/docs/real_ecology_history/29_6_claude_gpu_cpu_backend_audit.md
84bc9dab5bf6558eb28541f49c6005da34dfee8d7261e2499fb1dad2bf925a7d	1813	5	ECO_FROZEN	/home/hphung/ce25_scratch2/Claude_DeepRL_Population_Models/real_ecology_runs/ricker_only_plus_72_20260720/runtime_snapshot_routing_fix/tests/synthetic/common.py
84bc9dab5bf6558eb28541f49c6005da34dfee8d7261e2499fb1dad2bf925a7d	1813	5	GENERAL_FROZEN	/home/hphung/ce25_scratch2/general_rl_phase2_iso/real_ecology_runs/general_phase2e_full_sigma01_02_20260720_v1/code/tests/synthetic/common.py
84bc9dab5bf6558eb28541f49c6005da34dfee8d7261e2499fb1dad2bf925a7d	1813	5	MAIN	/home/hphung/ce25_scratch2/Claude_DeepRL_Population_Models/real_ecology_runs/adapted_32cell_diagnostic_pending/code/tests/synthetic/common.py
84bc9dab5bf6558eb28541f49c6005da34dfee8d7261e2499fb1dad2bf925a7d	1813	5	MAIN	/home/hphung/ce25_scratch2/Claude_DeepRL_Population_Models/real_ecology_runs/ricker_only_plus_72_20260720/runtime_snapshot/tests/synthetic/common.py
84bc9dab5bf6558eb28541f49c6005da34dfee8d7261e2499fb1dad2bf925a7d	1813	5	MAIN	/home/hphung/ce25_scratch2/Claude_DeepRL_Population_Models/tests/synthetic/common.py
93504a534dad2074b9b8e87dd4f4872406aabed537c988d06022c6708e8f4f7a	3885	5	ECO_FROZEN	/home/hphung/ce25_scratch2/Claude_DeepRL_Population_Models/real_ecology_runs/ricker_only_plus_72_20260720/runtime_snapshot_routing_fix/tests/real/faithful_fixtures.py
93504a534dad2074b9b8e87dd4f4872406aabed537c988d06022c6708e8f4f7a	3885	5	GENERAL_FROZEN	/home/hphung/ce25_scratch2/general_rl_phase2_iso/real_ecology_runs/general_phase2e_full_sigma01_02_20260720_v1/code/tests/real/faithful_fixtures.py
93504a534dad2074b9b8e87dd4f4872406aabed537c988d06022c6708e8f4f7a	3885	5	MAIN	/home/hphung/ce25_scratch2/Claude_DeepRL_Population_Models/real_ecology_runs/adapted_32cell_diagnostic_pending/code/tests/real/faithful_fixtures.py
93504a534dad2074b9b8e87dd4f4872406aabed537c988d06022c6708e8f4f7a	3885	5	MAIN	/home/hphung/ce25_scratch2/Claude_DeepRL_Population_Models/real_ecology_runs/ricker_only_plus_72_20260720/runtime_snapshot/tests/real/faithful_fixtures.py
93504a534dad2074b9b8e87dd4f4872406aabed537c988d06022c6708e8f4f7a	3885	5	MAIN	/home/hphung/ce25_scratch2/Claude_DeepRL_Population_Models/tests/real/faithful_fixtures.py
94695351313ae0259bd6fc6f337d85b36964824b238ca3894b62cba131218f03	229	5	MAIN	/home/hphung/ce25_scratch2/Claude_DeepRL_Population_Models/real_ecology_runs/paper_faithful_one_cell_4000_20260717_v1/code/src/real_ecology_benchmark/planners/__init__.py
94695351313ae0259bd6fc6f337d85b36964824b238ca3894b62cba131218f03	229	5	MAIN	/home/hphung/ce25_scratch2/Claude_DeepRL_Population_Models/real_ecology_runs/paper_faithful_smoke_20260717/code/src/real_ecology_benchmark/planners/__init__.py
94695351313ae0259bd6fc6f337d85b36964824b238ca3894b62cba131218f03	229	5	MAIN	/home/hphung/ce25_scratch2/Claude_DeepRL_Population_Models/real_ecology_runs/paper_faithful_smoke_20260717_v2/code/src/real_ecology_benchmark/planners/__init__.py
94695351313ae0259bd6fc6f337d85b36964824b238ca3894b62cba131218f03	229	5	MAIN	/home/hphung/ce25_scratch2/Claude_DeepRL_Population_Models/real_ecology_runs/paper_faithful_smoke_20260717_v3/code/src/real_ecology_benchmark/planners/__init__.py
94695351313ae0259bd6fc6f337d85b36964824b238ca3894b62cba131218f03	229	5	MAIN	/home/hphung/ce25_scratch2/Claude_DeepRL_Population_Models/real_ecology_runs/paper_faithful_smoke_20260717_v4/code/src/real_ecology_benchmark/planners/__init__.py
948597fb9f958318ffd3f797818ebd51376d20b23175abd32773cc918a4de2e7	6303	5	ECO_FROZEN	/home/hphung/ce25_scratch2/Claude_DeepRL_Population_Models/real_ecology_runs/ricker_only_plus_72_20260720/runtime_snapshot_routing_fix/docs/real_ecology_history/HANDOFF_probe_Psafe_calibration_2026-07-05.md
948597fb9f958318ffd3f797818ebd51376d20b23175abd32773cc918a4de2e7	6303	5	MAIN	/home/hphung/ce25_scratch2/Claude_DeepRL_Population_Models/docs/real_ecology_history/HANDOFF_probe_Psafe_calibration_2026-07-05.md
948597fb9f958318ffd3f797818ebd51376d20b23175abd32773cc918a4de2e7	6303	5	MAIN	/home/hphung/ce25_scratch2/Claude_DeepRL_Population_Models/real_ecology_runs/adapted_32cell_diagnostic_pending/code/docs/real_ecology_history/HANDOFF_probe_Psafe_calibration_2026-07-05.md
948597fb9f958318ffd3f797818ebd51376d20b23175abd32773cc918a4de2e7	6303	5	MAIN	/home/hphung/ce25_scratch2/Claude_DeepRL_Population_Models/real_ecology_runs/psafe_overnight_20260705/code/real_ecology_cont_obser/docs/HANDOFF_probe_Psafe_calibration_2026-07-05.md
948597fb9f958318ffd3f797818ebd51376d20b23175abd32773cc918a4de2e7	6303	5	MAIN	/home/hphung/ce25_scratch2/Claude_DeepRL_Population_Models/real_ecology_runs/ricker_only_plus_72_20260720/runtime_snapshot/docs/real_ecology_history/HANDOFF_probe_Psafe_calibration_2026-07-05.md
9ee9f0616426c94d69e052932346809e75982767b23cf222ebf1b68e75294866	8730	5	ECO_FROZEN	/home/hphung/ce25_scratch2/Claude_DeepRL_Population_Models/real_ecology_runs/ricker_only_plus_72_20260720/runtime_snapshot_routing_fix/docs/real_ecology_history/CODE_REVIEW_doc_alignment_2026-07-05.md
9ee9f0616426c94d69e052932346809e75982767b23cf222ebf1b68e75294866	8730	5	MAIN	/home/hphung/ce25_scratch2/Claude_DeepRL_Population_Models/docs/real_ecology_history/CODE_REVIEW_doc_alignment_2026-07-05.md
9ee9f0616426c94d69e052932346809e75982767b23cf222ebf1b68e75294866	8730	5	MAIN	/home/hphung/ce25_scratch2/Claude_DeepRL_Population_Models/real_ecology_runs/adapted_32cell_diagnostic_pending/code/docs/real_ecology_history/CODE_REVIEW_doc_alignment_2026-07-05.md
9ee9f0616426c94d69e052932346809e75982767b23cf222ebf1b68e75294866	8730	5	MAIN	/home/hphung/ce25_scratch2/Claude_DeepRL_Population_Models/real_ecology_runs/psafe_overnight_20260705/code/real_ecology_cont_obser/docs/CODE_REVIEW_doc_alignment_2026-07-05.md
9ee9f0616426c94d69e052932346809e75982767b23cf222ebf1b68e75294866	8730	5	MAIN	/home/hphung/ce25_scratch2/Claude_DeepRL_Population_Models/real_ecology_runs/ricker_only_plus_72_20260720/runtime_snapshot/docs/real_ecology_history/CODE_REVIEW_doc_alignment_2026-07-05.md
9f8f8b7e5d946ada6ebff471804c605b9eba1246ee964b376d425b2e6a48da6e	5585	5	ECO_FROZEN	/home/hphung/ce25_scratch2/Claude_DeepRL_Population_Models/real_ecology_runs/ricker_only_plus_72_20260720/runtime_snapshot_routing_fix/tests/synthetic/test_calibration_profiles.py
9f8f8b7e5d946ada6ebff471804c605b9eba1246ee964b376d425b2e6a48da6e	5585	5	GENERAL_FROZEN	/home/hphung/ce25_scratch2/general_rl_phase2_iso/real_ecology_runs/general_phase2e_full_sigma01_02_20260720_v1/code/tests/synthetic/test_calibration_profiles.py
9f8f8b7e5d946ada6ebff471804c605b9eba1246ee964b376d425b2e6a48da6e	5585	5	MAIN	/home/hphung/ce25_scratch2/Claude_DeepRL_Population_Models/real_ecology_runs/adapted_32cell_diagnostic_pending/code/tests/synthetic/test_calibration_profiles.py
9f8f8b7e5d946ada6ebff471804c605b9eba1246ee964b376d425b2e6a48da6e	5585	5	MAIN	/home/hphung/ce25_scratch2/Claude_DeepRL_Population_Models/real_ecology_runs/ricker_only_plus_72_20260720/runtime_snapshot/tests/synthetic/test_calibration_profiles.py
9f8f8b7e5d946ada6ebff471804c605b9eba1246ee964b376d425b2e6a48da6e	5585	5	MAIN	/home/hphung/ce25_scratch2/Claude_DeepRL_Population_Models/tests/synthetic/test_calibration_profiles.py
a3fe839e6423173625949becdf2e8aff5ca51aeee865c2ca52f2cf15e0641b4c	43927	5	ECO_FROZEN	/home/hphung/ce25_scratch2/Claude_DeepRL_Population_Models/real_ecology_runs/ricker_only_plus_72_20260720/runtime_snapshot_routing_fix/docs/benchmark/hide_r_k/SERVER_IMPLEMENTATION_PLAN_hide_rK.md
a3fe839e6423173625949becdf2e8aff5ca51aeee865c2ca52f2cf15e0641b4c	43927	5	MAIN	/home/hphung/ce25_scratch2/Claude_DeepRL_Population_Models/docs/benchmark/hide_r_k/SERVER_IMPLEMENTATION_PLAN_hide_rK.md
a3fe839e6423173625949becdf2e8aff5ca51aeee865c2ca52f2cf15e0641b4c	43927	5	MAIN	/home/hphung/ce25_scratch2/Claude_DeepRL_Population_Models/real_ecology_runs/adapted_32cell_diagnostic_pending/code/docs/benchmark/hide_r_k/SERVER_IMPLEMENTATION_PLAN_hide_rK.md
a3fe839e6423173625949becdf2e8aff5ca51aeee865c2ca52f2cf15e0641b4c	43927	5	MAIN	/home/hphung/ce25_scratch2/Claude_DeepRL_Population_Models/real_ecology_runs/hidden_rk_comparison_20260716/code/docs/benchmark/hide_r_k/SERVER_IMPLEMENTATION_PLAN_hide_rK.md
a3fe839e6423173625949becdf2e8aff5ca51aeee865c2ca52f2cf15e0641b4c	43927	5	MAIN	/home/hphung/ce25_scratch2/Claude_DeepRL_Population_Models/real_ecology_runs/ricker_only_plus_72_20260720/runtime_snapshot/docs/benchmark/hide_r_k/SERVER_IMPLEMENTATION_PLAN_hide_rK.md
a6b064ae07d265fd01fb13fbe5f35001fd3b2fbe82cdcd744958cf5b9ca58a0a	4527	5	ECO_FROZEN	/home/hphung/ce25_scratch2/Claude_DeepRL_Population_Models/real_ecology_runs/ricker_only_plus_72_20260720/runtime_snapshot_routing_fix/docs/real_ecology_history/29_6_codex_gpu_cpu_backend_fixes.md
a6b064ae07d265fd01fb13fbe5f35001fd3b2fbe82cdcd744958cf5b9ca58a0a	4527	5	MAIN	/home/hphung/ce25_scratch2/Claude_DeepRL_Population_Models/docs/real_ecology_history/29_6_codex_gpu_cpu_backend_fixes.md
a6b064ae07d265fd01fb13fbe5f35001fd3b2fbe82cdcd744958cf5b9ca58a0a	4527	5	MAIN	/home/hphung/ce25_scratch2/Claude_DeepRL_Population_Models/real_ecology_runs/adapted_32cell_diagnostic_pending/code/docs/real_ecology_history/29_6_codex_gpu_cpu_backend_fixes.md
a6b064ae07d265fd01fb13fbe5f35001fd3b2fbe82cdcd744958cf5b9ca58a0a	4527	5	MAIN	/home/hphung/ce25_scratch2/Claude_DeepRL_Population_Models/real_ecology_runs/psafe_overnight_20260705/code/real_ecology_cont_obser/docs/29_6_codex_gpu_cpu_backend_fixes.md
a6b064ae07d265fd01fb13fbe5f35001fd3b2fbe82cdcd744958cf5b9ca58a0a	4527	5	MAIN	/home/hphung/ce25_scratch2/Claude_DeepRL_Population_Models/real_ecology_runs/ricker_only_plus_72_20260720/runtime_snapshot/docs/real_ecology_history/29_6_codex_gpu_cpu_backend_fixes.md
a8209459f5bbd24c263c6bdd80caca418401914209d49cd6ec0ce70498a9f9e0	39536	5	ECO_FROZEN	/home/hphung/ce25_scratch2/Claude_DeepRL_Population_Models/real_ecology_runs/ricker_only_plus_72_20260720/runtime_snapshot_routing_fix/tests/real/test_real_ecology.py
a8209459f5bbd24c263c6bdd80caca418401914209d49cd6ec0ce70498a9f9e0	39536	5	GENERAL_FROZEN	/home/hphung/ce25_scratch2/general_rl_phase2_iso/real_ecology_runs/general_phase2e_full_sigma01_02_20260720_v1/code/tests/real/test_real_ecology.py
a8209459f5bbd24c263c6bdd80caca418401914209d49cd6ec0ce70498a9f9e0	39536	5	MAIN	/home/hphung/ce25_scratch2/Claude_DeepRL_Population_Models/real_ecology_runs/adapted_32cell_diagnostic_pending/code/tests/real/test_real_ecology.py
a8209459f5bbd24c263c6bdd80caca418401914209d49cd6ec0ce70498a9f9e0	39536	5	MAIN	/home/hphung/ce25_scratch2/Claude_DeepRL_Population_Models/real_ecology_runs/ricker_only_plus_72_20260720/runtime_snapshot/tests/real/test_real_ecology.py
a8209459f5bbd24c263c6bdd80caca418401914209d49cd6ec0ce70498a9f9e0	39536	5	MAIN	/home/hphung/ce25_scratch2/Claude_DeepRL_Population_Models/tests/real/test_real_ecology.py
ab494ccd79b9cd6856b8849446ba7d1c432856fa8d56f1d9140f13a036ebac66	16540	5	ECO_FROZEN	/home/hphung/ce25_scratch2/Claude_DeepRL_Population_Models/real_ecology_runs/ricker_only_plus_72_20260720/runtime_snapshot_routing_fix/tests/real/test_corrected_adapted_mechanistic.py
ab494ccd79b9cd6856b8849446ba7d1c432856fa8d56f1d9140f13a036ebac66	16540	5	GENERAL_FROZEN	/home/hphung/ce25_scratch2/general_rl_phase2_iso/real_ecology_runs/general_phase2e_full_sigma01_02_20260720_v1/code/tests/real/test_corrected_adapted_mechanistic.py
ab494ccd79b9cd6856b8849446ba7d1c432856fa8d56f1d9140f13a036ebac66	16540	5	MAIN	/home/hphung/ce25_scratch2/Claude_DeepRL_Population_Models/real_ecology_runs/adapted_32cell_diagnostic_pending/code/tests/real/test_corrected_adapted_mechanistic.py
ab494ccd79b9cd6856b8849446ba7d1c432856fa8d56f1d9140f13a036ebac66	16540	5	MAIN	/home/hphung/ce25_scratch2/Claude_DeepRL_Population_Models/real_ecology_runs/ricker_only_plus_72_20260720/runtime_snapshot/tests/real/test_corrected_adapted_mechanistic.py
ab494ccd79b9cd6856b8849446ba7d1c432856fa8d56f1d9140f13a036ebac66	16540	5	MAIN	/home/hphung/ce25_scratch2/Claude_DeepRL_Population_Models/tests/real/test_corrected_adapted_mechanistic.py
af616e259cc12f6191334303f33f862e9a4a4cfd553256ee1bf9501b28d28018	6551	5	ECO_FROZEN	/home/hphung/ce25_scratch2/Claude_DeepRL_Population_Models/real_ecology_runs/ricker_only_plus_72_20260720/runtime_snapshot_routing_fix/docs/real_ecology_history/29_6_claude_reward_audit_response.md
af616e259cc12f6191334303f33f862e9a4a4cfd553256ee1bf9501b28d28018	6551	5	MAIN	/home/hphung/ce25_scratch2/Claude_DeepRL_Population_Models/docs/real_ecology_history/29_6_claude_reward_audit_response.md
af616e259cc12f6191334303f33f862e9a4a4cfd553256ee1bf9501b28d28018	6551	5	MAIN	/home/hphung/ce25_scratch2/Claude_DeepRL_Population_Models/real_ecology_runs/adapted_32cell_diagnostic_pending/code/docs/real_ecology_history/29_6_claude_reward_audit_response.md
af616e259cc12f6191334303f33f862e9a4a4cfd553256ee1bf9501b28d28018	6551	5	MAIN	/home/hphung/ce25_scratch2/Claude_DeepRL_Population_Models/real_ecology_runs/psafe_overnight_20260705/code/real_ecology_cont_obser/docs/29_6_claude_reward_audit_response.md
af616e259cc12f6191334303f33f862e9a4a4cfd553256ee1bf9501b28d28018	6551	5	MAIN	/home/hphung/ce25_scratch2/Claude_DeepRL_Population_Models/real_ecology_runs/ricker_only_plus_72_20260720/runtime_snapshot/docs/real_ecology_history/29_6_claude_reward_audit_response.md
b696ac987bdf5abec3726a3f5c0484b69893375af850e1ca96785999f623a380	422	5	ECO_FROZEN	/home/hphung/ce25_scratch2/Claude_DeepRL_Population_Models/real_ecology_runs/ricker_only_plus_72_20260720/runtime_snapshot_routing_fix/docs/fix_implement_ecology_baseline/paper_faithful_fit_requirements.lock
b696ac987bdf5abec3726a3f5c0484b69893375af850e1ca96785999f623a380	422	5	GENERAL_FROZEN	/home/hphung/ce25_scratch2/general_rl_phase2_iso/real_ecology_runs/general_phase2e_full_sigma01_02_20260720_v1/code/docs/fix_implement_ecology_baseline/paper_faithful_fit_requirements.lock
b696ac987bdf5abec3726a3f5c0484b69893375af850e1ca96785999f623a380	422	5	MAIN	/home/hphung/ce25_scratch2/Claude_DeepRL_Population_Models/docs/fix_implement_ecology_baseline/paper_faithful_fit_requirements.lock
b696ac987bdf5abec3726a3f5c0484b69893375af850e1ca96785999f623a380	422	5	MAIN	/home/hphung/ce25_scratch2/Claude_DeepRL_Population_Models/real_ecology_runs/adapted_32cell_diagnostic_pending/code/docs/fix_implement_ecology_baseline/paper_faithful_fit_requirements.lock
b696ac987bdf5abec3726a3f5c0484b69893375af850e1ca96785999f623a380	422	5	MAIN	/home/hphung/ce25_scratch2/Claude_DeepRL_Population_Models/real_ecology_runs/ricker_only_plus_72_20260720/runtime_snapshot/docs/fix_implement_ecology_baseline/paper_faithful_fit_requirements.lock
b982ce0ca22c97d53b9ff6953a8e4604187babfac0ec38a1745d8ab3d01cab2d	17756	5	ECO_FROZEN	/home/hphung/ce25_scratch2/Claude_DeepRL_Population_Models/real_ecology_runs/ricker_only_plus_72_20260720/runtime_snapshot_routing_fix/tests/real/test_phase2_verification.py
b982ce0ca22c97d53b9ff6953a8e4604187babfac0ec38a1745d8ab3d01cab2d	17756	5	GENERAL_FROZEN	/home/hphung/ce25_scratch2/general_rl_phase2_iso/real_ecology_runs/general_phase2e_full_sigma01_02_20260720_v1/code/tests/real/test_phase2_verification.py
b982ce0ca22c97d53b9ff6953a8e4604187babfac0ec38a1745d8ab3d01cab2d	17756	5	MAIN	/home/hphung/ce25_scratch2/Claude_DeepRL_Population_Models/real_ecology_runs/adapted_32cell_diagnostic_pending/code/tests/real/test_phase2_verification.py
b982ce0ca22c97d53b9ff6953a8e4604187babfac0ec38a1745d8ab3d01cab2d	17756	5	MAIN	/home/hphung/ce25_scratch2/Claude_DeepRL_Population_Models/real_ecology_runs/ricker_only_plus_72_20260720/runtime_snapshot/tests/real/test_phase2_verification.py
b982ce0ca22c97d53b9ff6953a8e4604187babfac0ec38a1745d8ab3d01cab2d	17756	5	MAIN	/home/hphung/ce25_scratch2/Claude_DeepRL_Population_Models/tests/real/test_phase2_verification.py
bb81917b31d13f5ec797384768a4b522c2bd3dd5614f4fce68c6f4b0c34cef39	13478	5	ECO_FROZEN	/home/hphung/ce25_scratch2/Claude_DeepRL_Population_Models/real_ecology_runs/ricker_only_plus_72_20260720/runtime_snapshot_routing_fix/docs/real_ecology_history/29_6_codex_gpu_cpu_backend_audit.md
bb81917b31d13f5ec797384768a4b522c2bd3dd5614f4fce68c6f4b0c34cef39	13478	5	MAIN	/home/hphung/ce25_scratch2/Claude_DeepRL_Population_Models/docs/real_ecology_history/29_6_codex_gpu_cpu_backend_audit.md
bb81917b31d13f5ec797384768a4b522c2bd3dd5614f4fce68c6f4b0c34cef39	13478	5	MAIN	/home/hphung/ce25_scratch2/Claude_DeepRL_Population_Models/real_ecology_runs/adapted_32cell_diagnostic_pending/code/docs/real_ecology_history/29_6_codex_gpu_cpu_backend_audit.md
bb81917b31d13f5ec797384768a4b522c2bd3dd5614f4fce68c6f4b0c34cef39	13478	5	MAIN	/home/hphung/ce25_scratch2/Claude_DeepRL_Population_Models/real_ecology_runs/psafe_overnight_20260705/code/real_ecology_cont_obser/docs/29_6_codex_gpu_cpu_backend_audit.md
bb81917b31d13f5ec797384768a4b522c2bd3dd5614f4fce68c6f4b0c34cef39	13478	5	MAIN	/home/hphung/ce25_scratch2/Claude_DeepRL_Population_Models/real_ecology_runs/ricker_only_plus_72_20260720/runtime_snapshot/docs/real_ecology_history/29_6_codex_gpu_cpu_backend_audit.md
be246abf4f348cfb9c849371ae451862d41f6c942c3f0469d2283dcea979720d	20377	5	ECO_FROZEN	/home/hphung/ce25_scratch2/Claude_DeepRL_Population_Models/real_ecology_runs/ricker_only_plus_72_20260720/runtime_snapshot_routing_fix/docs/benchmark/SERVER_HANDOFF_hidden_rk_experiment_setting.md
be246abf4f348cfb9c849371ae451862d41f6c942c3f0469d2283dcea979720d	20377	5	MAIN	/home/hphung/ce25_scratch2/Claude_DeepRL_Population_Models/docs/benchmark/SERVER_HANDOFF_hidden_rk_experiment_setting.md
be246abf4f348cfb9c849371ae451862d41f6c942c3f0469d2283dcea979720d	20377	5	MAIN	/home/hphung/ce25_scratch2/Claude_DeepRL_Population_Models/real_ecology_runs/adapted_32cell_diagnostic_pending/code/docs/benchmark/SERVER_HANDOFF_hidden_rk_experiment_setting.md
be246abf4f348cfb9c849371ae451862d41f6c942c3f0469d2283dcea979720d	20377	5	MAIN	/home/hphung/ce25_scratch2/Claude_DeepRL_Population_Models/real_ecology_runs/hidden_rk_comparison_20260716/code/docs/benchmark/SERVER_HANDOFF_hidden_rk_experiment_setting.md
be246abf4f348cfb9c849371ae451862d41f6c942c3f0469d2283dcea979720d	20377	5	MAIN	/home/hphung/ce25_scratch2/Claude_DeepRL_Population_Models/real_ecology_runs/ricker_only_plus_72_20260720/runtime_snapshot/docs/benchmark/SERVER_HANDOFF_hidden_rk_experiment_setting.md
c03fe9898222a4ca227a6b1f9e587e24380a6c8f7981363dff830a45737856a9	8839	5	ECO_FROZEN	/home/hphung/ce25_scratch2/Claude_DeepRL_Population_Models/real_ecology_runs/ricker_only_plus_72_20260720/runtime_snapshot_routing_fix/docs/benchmark/SERVER_RESULTS_motivation_native_run.md
c03fe9898222a4ca227a6b1f9e587e24380a6c8f7981363dff830a45737856a9	8839	5	MAIN	/home/hphung/ce25_scratch2/Claude_DeepRL_Population_Models/docs/benchmark/SERVER_RESULTS_motivation_native_run.md
c03fe9898222a4ca227a6b1f9e587e24380a6c8f7981363dff830a45737856a9	8839	5	MAIN	/home/hphung/ce25_scratch2/Claude_DeepRL_Population_Models/real_ecology_runs/adapted_32cell_diagnostic_pending/code/docs/benchmark/SERVER_RESULTS_motivation_native_run.md
c03fe9898222a4ca227a6b1f9e587e24380a6c8f7981363dff830a45737856a9	8839	5	MAIN	/home/hphung/ce25_scratch2/Claude_DeepRL_Population_Models/real_ecology_runs/general_audit_20260712/code/docs/benchmark/SERVER_RESULTS_motivation_native_run.md
c03fe9898222a4ca227a6b1f9e587e24380a6c8f7981363dff830a45737856a9	8839	5	MAIN	/home/hphung/ce25_scratch2/Claude_DeepRL_Population_Models/real_ecology_runs/ricker_only_plus_72_20260720/runtime_snapshot/docs/benchmark/SERVER_RESULTS_motivation_native_run.md
c0f43c16ebdd4ddeba9b78f015140223e137e243f1875d23516b7a9711fcf044	10171	5	ECO_FROZEN	/home/hphung/ce25_scratch2/Claude_DeepRL_Population_Models/real_ecology_runs/ricker_only_plus_72_20260720/runtime_snapshot_routing_fix/docs/benchmark/hide_r_k/HANDOFF_rK_leak_error_and_discussion.md
c0f43c16ebdd4ddeba9b78f015140223e137e243f1875d23516b7a9711fcf044	10171	5	MAIN	/home/hphung/ce25_scratch2/Claude_DeepRL_Population_Models/docs/benchmark/hide_r_k/HANDOFF_rK_leak_error_and_discussion.md
c0f43c16ebdd4ddeba9b78f015140223e137e243f1875d23516b7a9711fcf044	10171	5	MAIN	/home/hphung/ce25_scratch2/Claude_DeepRL_Population_Models/real_ecology_runs/adapted_32cell_diagnostic_pending/code/docs/benchmark/hide_r_k/HANDOFF_rK_leak_error_and_discussion.md
c0f43c16ebdd4ddeba9b78f015140223e137e243f1875d23516b7a9711fcf044	10171	5	MAIN	/home/hphung/ce25_scratch2/Claude_DeepRL_Population_Models/real_ecology_runs/hidden_rk_comparison_20260716/code/docs/benchmark/hide_r_k/HANDOFF_rK_leak_error_and_discussion.md
c0f43c16ebdd4ddeba9b78f015140223e137e243f1875d23516b7a9711fcf044	10171	5	MAIN	/home/hphung/ce25_scratch2/Claude_DeepRL_Population_Models/real_ecology_runs/ricker_only_plus_72_20260720/runtime_snapshot/docs/benchmark/hide_r_k/HANDOFF_rK_leak_error_and_discussion.md
c234f843979e17fb2acb67a70f99c6c4390bd631603c311b8c4ab37a82d37c50	24177	5	ECO_FROZEN	/home/hphung/ce25_scratch2/Claude_DeepRL_Population_Models/real_ecology_runs/ricker_only_plus_72_20260720/runtime_snapshot_routing_fix/docs/benchmark/hide_r_k/SERVER_FIX_BRIEF_hide_rK.tex
c234f843979e17fb2acb67a70f99c6c4390bd631603c311b8c4ab37a82d37c50	24177	5	MAIN	/home/hphung/ce25_scratch2/Claude_DeepRL_Population_Models/docs/benchmark/hide_r_k/SERVER_FIX_BRIEF_hide_rK.tex
c234f843979e17fb2acb67a70f99c6c4390bd631603c311b8c4ab37a82d37c50	24177	5	MAIN	/home/hphung/ce25_scratch2/Claude_DeepRL_Population_Models/real_ecology_runs/adapted_32cell_diagnostic_pending/code/docs/benchmark/hide_r_k/SERVER_FIX_BRIEF_hide_rK.tex
c234f843979e17fb2acb67a70f99c6c4390bd631603c311b8c4ab37a82d37c50	24177	5	MAIN	/home/hphung/ce25_scratch2/Claude_DeepRL_Population_Models/real_ecology_runs/hidden_rk_comparison_20260716/code/docs/benchmark/hide_r_k/SERVER_FIX_BRIEF_hide_rK.tex
c234f843979e17fb2acb67a70f99c6c4390bd631603c311b8c4ab37a82d37c50	24177	5	MAIN	/home/hphung/ce25_scratch2/Claude_DeepRL_Population_Models/real_ecology_runs/ricker_only_plus_72_20260720/runtime_snapshot/docs/benchmark/hide_r_k/SERVER_FIX_BRIEF_hide_rK.tex
c593146921511630826a90dd8d568a83eda431130077d9acae4a52c6848d7f71	6978	5	ECO_FROZEN	/home/hphung/ce25_scratch2/Claude_DeepRL_Population_Models/real_ecology_runs/ricker_only_plus_72_20260720/runtime_snapshot_routing_fix/docs/benchmark/SERVER_AUDIT_REQUEST_motivation_results.md
c593146921511630826a90dd8d568a83eda431130077d9acae4a52c6848d7f71	6978	5	MAIN	/home/hphung/ce25_scratch2/Claude_DeepRL_Population_Models/docs/benchmark/SERVER_AUDIT_REQUEST_motivation_results.md
c593146921511630826a90dd8d568a83eda431130077d9acae4a52c6848d7f71	6978	5	MAIN	/home/hphung/ce25_scratch2/Claude_DeepRL_Population_Models/real_ecology_runs/adapted_32cell_diagnostic_pending/code/docs/benchmark/SERVER_AUDIT_REQUEST_motivation_results.md
c593146921511630826a90dd8d568a83eda431130077d9acae4a52c6848d7f71	6978	5	MAIN	/home/hphung/ce25_scratch2/Claude_DeepRL_Population_Models/real_ecology_runs/general_audit_20260712/code/docs/benchmark/SERVER_AUDIT_REQUEST_motivation_results.md
c593146921511630826a90dd8d568a83eda431130077d9acae4a52c6848d7f71	6978	5	MAIN	/home/hphung/ce25_scratch2/Claude_DeepRL_Population_Models/real_ecology_runs/ricker_only_plus_72_20260720/runtime_snapshot/docs/benchmark/SERVER_AUDIT_REQUEST_motivation_results.md
d0314977882b5f7b5cced09f1ac988b2a9f14422a4075bdcbbbfe78a95e716c4	23133	5	ECO_FROZEN	/home/hphung/ce25_scratch2/Claude_DeepRL_Population_Models/real_ecology_runs/ricker_only_plus_72_20260720/runtime_snapshot_routing_fix/docs/benchmark/hide_r_k/SERVER_AUDIT_hidden_parameter_usage_by_method.tex
d0314977882b5f7b5cced09f1ac988b2a9f14422a4075bdcbbbfe78a95e716c4	23133	5	MAIN	/home/hphung/ce25_scratch2/Claude_DeepRL_Population_Models/docs/benchmark/hide_r_k/SERVER_AUDIT_hidden_parameter_usage_by_method.tex
d0314977882b5f7b5cced09f1ac988b2a9f14422a4075bdcbbbfe78a95e716c4	23133	5	MAIN	/home/hphung/ce25_scratch2/Claude_DeepRL_Population_Models/real_ecology_runs/adapted_32cell_diagnostic_pending/code/docs/benchmark/hide_r_k/SERVER_AUDIT_hidden_parameter_usage_by_method.tex
d0314977882b5f7b5cced09f1ac988b2a9f14422a4075bdcbbbfe78a95e716c4	23133	5	MAIN	/home/hphung/ce25_scratch2/Claude_DeepRL_Population_Models/real_ecology_runs/hidden_rk_comparison_20260716/code/docs/benchmark/hide_r_k/SERVER_AUDIT_hidden_parameter_usage_by_method.tex
d0314977882b5f7b5cced09f1ac988b2a9f14422a4075bdcbbbfe78a95e716c4	23133	5	MAIN	/home/hphung/ce25_scratch2/Claude_DeepRL_Population_Models/real_ecology_runs/ricker_only_plus_72_20260720/runtime_snapshot/docs/benchmark/hide_r_k/SERVER_AUDIT_hidden_parameter_usage_by_method.tex
d24452419c4d3df29719a96e739e4e7750591ff532f77b8adbcb4c0072da64ff	3448	5	ECO_FROZEN	/home/hphung/ce25_scratch2/Claude_DeepRL_Population_Models/real_ecology_runs/ricker_only_plus_72_20260720/runtime_snapshot_routing_fix/tests/real/test_plus_faithful.py
d24452419c4d3df29719a96e739e4e7750591ff532f77b8adbcb4c0072da64ff	3448	5	GENERAL_FROZEN	/home/hphung/ce25_scratch2/general_rl_phase2_iso/real_ecology_runs/general_phase2e_full_sigma01_02_20260720_v1/code/tests/real/test_plus_faithful.py
d24452419c4d3df29719a96e739e4e7750591ff532f77b8adbcb4c0072da64ff	3448	5	MAIN	/home/hphung/ce25_scratch2/Claude_DeepRL_Population_Models/real_ecology_runs/adapted_32cell_diagnostic_pending/code/tests/real/test_plus_faithful.py
d24452419c4d3df29719a96e739e4e7750591ff532f77b8adbcb4c0072da64ff	3448	5	MAIN	/home/hphung/ce25_scratch2/Claude_DeepRL_Population_Models/real_ecology_runs/ricker_only_plus_72_20260720/runtime_snapshot/tests/real/test_plus_faithful.py
d24452419c4d3df29719a96e739e4e7750591ff532f77b8adbcb4c0072da64ff	3448	5	MAIN	/home/hphung/ce25_scratch2/Claude_DeepRL_Population_Models/tests/real/test_plus_faithful.py
d3b50f66302d1a3e6e5503dffd4fe31913b55d47968babd8c74b7cbdcc58674e	14381	5	ECO_FROZEN	/home/hphung/ce25_scratch2/Claude_DeepRL_Population_Models/real_ecology_runs/ricker_only_plus_72_20260720/runtime_snapshot_routing_fix/docs/benchmark/SERVER_PLAN_motivation_native_run.md
d3b50f66302d1a3e6e5503dffd4fe31913b55d47968babd8c74b7cbdcc58674e	14381	5	MAIN	/home/hphung/ce25_scratch2/Claude_DeepRL_Population_Models/docs/benchmark/SERVER_PLAN_motivation_native_run.md
d3b50f66302d1a3e6e5503dffd4fe31913b55d47968babd8c74b7cbdcc58674e	14381	5	MAIN	/home/hphung/ce25_scratch2/Claude_DeepRL_Population_Models/real_ecology_runs/adapted_32cell_diagnostic_pending/code/docs/benchmark/SERVER_PLAN_motivation_native_run.md
d3b50f66302d1a3e6e5503dffd4fe31913b55d47968babd8c74b7cbdcc58674e	14381	5	MAIN	/home/hphung/ce25_scratch2/Claude_DeepRL_Population_Models/real_ecology_runs/general_audit_20260712/code/docs/benchmark/SERVER_PLAN_motivation_native_run.md
d3b50f66302d1a3e6e5503dffd4fe31913b55d47968babd8c74b7cbdcc58674e	14381	5	MAIN	/home/hphung/ce25_scratch2/Claude_DeepRL_Population_Models/real_ecology_runs/ricker_only_plus_72_20260720/runtime_snapshot/docs/benchmark/SERVER_PLAN_motivation_native_run.md
d6272a0e15154be9adfd4496c118c32aa0fae71aeee3dc75de20a3bbff33ed91	16885	5	ECO_FROZEN	/home/hphung/ce25_scratch2/Claude_DeepRL_Population_Models/real_ecology_runs/ricker_only_plus_72_20260720/runtime_snapshot_routing_fix/tests/synthetic/test_cumulative_controls.py
d6272a0e15154be9adfd4496c118c32aa0fae71aeee3dc75de20a3bbff33ed91	16885	5	GENERAL_FROZEN	/home/hphung/ce25_scratch2/general_rl_phase2_iso/real_ecology_runs/general_phase2e_full_sigma01_02_20260720_v1/code/tests/synthetic/test_cumulative_controls.py
d6272a0e15154be9adfd4496c118c32aa0fae71aeee3dc75de20a3bbff33ed91	16885	5	MAIN	/home/hphung/ce25_scratch2/Claude_DeepRL_Population_Models/real_ecology_runs/adapted_32cell_diagnostic_pending/code/tests/synthetic/test_cumulative_controls.py
d6272a0e15154be9adfd4496c118c32aa0fae71aeee3dc75de20a3bbff33ed91	16885	5	MAIN	/home/hphung/ce25_scratch2/Claude_DeepRL_Population_Models/real_ecology_runs/ricker_only_plus_72_20260720/runtime_snapshot/tests/synthetic/test_cumulative_controls.py
d6272a0e15154be9adfd4496c118c32aa0fae71aeee3dc75de20a3bbff33ed91	16885	5	MAIN	/home/hphung/ce25_scratch2/Claude_DeepRL_Population_Models/tests/synthetic/test_cumulative_controls.py
ddaac32e71f2a5e23bc6e0179f9815fc220f7b09fe335f6d3260f590a9c0f8b3	14440	5	ECO_FROZEN	/home/hphung/ce25_scratch2/Claude_DeepRL_Population_Models/real_ecology_runs/ricker_only_plus_72_20260720/runtime_snapshot_routing_fix/docs/real_ecology_history/reward_state_dependent_change_proposal.md
ddaac32e71f2a5e23bc6e0179f9815fc220f7b09fe335f6d3260f590a9c0f8b3	14440	5	MAIN	/home/hphung/ce25_scratch2/Claude_DeepRL_Population_Models/docs/real_ecology_history/reward_state_dependent_change_proposal.md
ddaac32e71f2a5e23bc6e0179f9815fc220f7b09fe335f6d3260f590a9c0f8b3	14440	5	MAIN	/home/hphung/ce25_scratch2/Claude_DeepRL_Population_Models/real_ecology_runs/adapted_32cell_diagnostic_pending/code/docs/real_ecology_history/reward_state_dependent_change_proposal.md
ddaac32e71f2a5e23bc6e0179f9815fc220f7b09fe335f6d3260f590a9c0f8b3	14440	5	MAIN	/home/hphung/ce25_scratch2/Claude_DeepRL_Population_Models/real_ecology_runs/psafe_overnight_20260705/code/real_ecology_cont_obser/docs/reward_state_dependent_change_proposal.md
ddaac32e71f2a5e23bc6e0179f9815fc220f7b09fe335f6d3260f590a9c0f8b3	14440	5	MAIN	/home/hphung/ce25_scratch2/Claude_DeepRL_Population_Models/real_ecology_runs/ricker_only_plus_72_20260720/runtime_snapshot/docs/real_ecology_history/reward_state_dependent_change_proposal.md
e2bd001adaef3496d92f053aca8f86adc69fb9f9769221d429482a4a619452d6	4832	5	ECO_FROZEN	/home/hphung/ce25_scratch2/Claude_DeepRL_Population_Models/real_ecology_runs/ricker_only_plus_72_20260720/runtime_snapshot_routing_fix/tests/dummy/test_dummy_setpoint.py
e2bd001adaef3496d92f053aca8f86adc69fb9f9769221d429482a4a619452d6	4832	5	GENERAL_FROZEN	/home/hphung/ce25_scratch2/general_rl_phase2_iso/real_ecology_runs/general_phase2e_full_sigma01_02_20260720_v1/code/tests/dummy/test_dummy_setpoint.py
e2bd001adaef3496d92f053aca8f86adc69fb9f9769221d429482a4a619452d6	4832	5	MAIN	/home/hphung/ce25_scratch2/Claude_DeepRL_Population_Models/real_ecology_runs/adapted_32cell_diagnostic_pending/code/tests/dummy/test_dummy_setpoint.py
e2bd001adaef3496d92f053aca8f86adc69fb9f9769221d429482a4a619452d6	4832	5	MAIN	/home/hphung/ce25_scratch2/Claude_DeepRL_Population_Models/real_ecology_runs/ricker_only_plus_72_20260720/runtime_snapshot/tests/dummy/test_dummy_setpoint.py
e2bd001adaef3496d92f053aca8f86adc69fb9f9769221d429482a4a619452d6	4832	5	MAIN	/home/hphung/ce25_scratch2/Claude_DeepRL_Population_Models/tests/dummy/test_dummy_setpoint.py
e62fe9b801ac0f5111cd3635198311a9c6840ffb01d792dc8dae16e179a24f2f	19053	5	ECO_FROZEN	/home/hphung/ce25_scratch2/Claude_DeepRL_Population_Models/real_ecology_runs/ricker_only_plus_72_20260720/runtime_snapshot_routing_fix/docs/real_ecology_history/29_6_codex_real_ecology_experiment_and_scripts_plan.md
e62fe9b801ac0f5111cd3635198311a9c6840ffb01d792dc8dae16e179a24f2f	19053	5	MAIN	/home/hphung/ce25_scratch2/Claude_DeepRL_Population_Models/docs/real_ecology_history/29_6_codex_real_ecology_experiment_and_scripts_plan.md
e62fe9b801ac0f5111cd3635198311a9c6840ffb01d792dc8dae16e179a24f2f	19053	5	MAIN	/home/hphung/ce25_scratch2/Claude_DeepRL_Population_Models/real_ecology_runs/adapted_32cell_diagnostic_pending/code/docs/real_ecology_history/29_6_codex_real_ecology_experiment_and_scripts_plan.md
e62fe9b801ac0f5111cd3635198311a9c6840ffb01d792dc8dae16e179a24f2f	19053	5	MAIN	/home/hphung/ce25_scratch2/Claude_DeepRL_Population_Models/real_ecology_runs/psafe_overnight_20260705/code/real_ecology_cont_obser/docs/29_6_codex_real_ecology_experiment_and_scripts_plan.md
e62fe9b801ac0f5111cd3635198311a9c6840ffb01d792dc8dae16e179a24f2f	19053	5	MAIN	/home/hphung/ce25_scratch2/Claude_DeepRL_Population_Models/real_ecology_runs/ricker_only_plus_72_20260720/runtime_snapshot/docs/real_ecology_history/29_6_codex_real_ecology_experiment_and_scripts_plan.md
ed8fa3345bef5d400f99ee3cfc6f79b449f487e6292e1becab3a6af494fcb3f5	3123	5	ECO_FROZEN	/home/hphung/ce25_scratch2/Claude_DeepRL_Population_Models/real_ecology_runs/ricker_only_plus_72_20260720/runtime_snapshot_routing_fix/tests/synthetic/test_environment.py
ed8fa3345bef5d400f99ee3cfc6f79b449f487e6292e1becab3a6af494fcb3f5	3123	5	GENERAL_FROZEN	/home/hphung/ce25_scratch2/general_rl_phase2_iso/real_ecology_runs/general_phase2e_full_sigma01_02_20260720_v1/code/tests/synthetic/test_environment.py
ed8fa3345bef5d400f99ee3cfc6f79b449f487e6292e1becab3a6af494fcb3f5	3123	5	MAIN	/home/hphung/ce25_scratch2/Claude_DeepRL_Population_Models/real_ecology_runs/adapted_32cell_diagnostic_pending/code/tests/synthetic/test_environment.py
ed8fa3345bef5d400f99ee3cfc6f79b449f487e6292e1becab3a6af494fcb3f5	3123	5	MAIN	/home/hphung/ce25_scratch2/Claude_DeepRL_Population_Models/real_ecology_runs/ricker_only_plus_72_20260720/runtime_snapshot/tests/synthetic/test_environment.py
ed8fa3345bef5d400f99ee3cfc6f79b449f487e6292e1becab3a6af494fcb3f5	3123	5	MAIN	/home/hphung/ce25_scratch2/Claude_DeepRL_Population_Models/tests/synthetic/test_environment.py
00ed85712ddb3817c8eba35cdfad0d948aecfe8181fe7b33ff6b67717fb069e5	9027	4	ECO_FROZEN	/home/hphung/ce25_scratch2/Claude_DeepRL_Population_Models/real_ecology_runs/ricker_only_plus_72_20260720/runtime_snapshot_routing_fix/docs/history/HANDOFF_repo_cleanup_discrete_action_cont_obser_2026-07-09.md
00ed85712ddb3817c8eba35cdfad0d948aecfe8181fe7b33ff6b67717fb069e5	9027	4	MAIN	/home/hphung/ce25_scratch2/Claude_DeepRL_Population_Models/docs/history/HANDOFF_repo_cleanup_discrete_action_cont_obser_2026-07-09.md
00ed85712ddb3817c8eba35cdfad0d948aecfe8181fe7b33ff6b67717fb069e5	9027	4	MAIN	/home/hphung/ce25_scratch2/Claude_DeepRL_Population_Models/real_ecology_runs/adapted_32cell_diagnostic_pending/code/docs/history/HANDOFF_repo_cleanup_discrete_action_cont_obser_2026-07-09.md
00ed85712ddb3817c8eba35cdfad0d948aecfe8181fe7b33ff6b67717fb069e5	9027	4	MAIN	/home/hphung/ce25_scratch2/Claude_DeepRL_Population_Models/real_ecology_runs/ricker_only_plus_72_20260720/runtime_snapshot/docs/history/HANDOFF_repo_cleanup_discrete_action_cont_obser_2026-07-09.md
0378be713f97fdb8ee992ddb0d05234c57fab00fc00d6654993e41bbeb504d43	21727	4	ECO_FROZEN	/home/hphung/ce25_scratch2/Claude_DeepRL_Population_Models/real_ecology_runs/ricker_only_plus_72_20260720/runtime_snapshot_routing_fix/docs/history/codex_experiment_plan.md
0378be713f97fdb8ee992ddb0d05234c57fab00fc00d6654993e41bbeb504d43	21727	4	MAIN	/home/hphung/ce25_scratch2/Claude_DeepRL_Population_Models/docs/history/codex_experiment_plan.md
0378be713f97fdb8ee992ddb0d05234c57fab00fc00d6654993e41bbeb504d43	21727	4	MAIN	/home/hphung/ce25_scratch2/Claude_DeepRL_Population_Models/real_ecology_runs/adapted_32cell_diagnostic_pending/code/docs/history/codex_experiment_plan.md
0378be713f97fdb8ee992ddb0d05234c57fab00fc00d6654993e41bbeb504d43	21727	4	MAIN	/home/hphung/ce25_scratch2/Claude_DeepRL_Population_Models/real_ecology_runs/ricker_only_plus_72_20260720/runtime_snapshot/docs/history/codex_experiment_plan.md
07c86c3e796200903e530dedb1b0c359a0ebb6ba66f84963c7aa6f7c5956d134	6849	4	ECO_FROZEN	/home/hphung/ce25_scratch2/Claude_DeepRL_Population_Models/real_ecology_runs/ricker_only_plus_72_20260720/runtime_snapshot_routing_fix/docs/benchmark/README.md
07c86c3e796200903e530dedb1b0c359a0ebb6ba66f84963c7aa6f7c5956d134	6849	4	MAIN	/home/hphung/ce25_scratch2/Claude_DeepRL_Population_Models/docs/benchmark/README.md
07c86c3e796200903e530dedb1b0c359a0ebb6ba66f84963c7aa6f7c5956d134	6849	4	MAIN	/home/hphung/ce25_scratch2/Claude_DeepRL_Population_Models/real_ecology_runs/adapted_32cell_diagnostic_pending/code/docs/benchmark/README.md
07c86c3e796200903e530dedb1b0c359a0ebb6ba66f84963c7aa6f7c5956d134	6849	4	MAIN	/home/hphung/ce25_scratch2/Claude_DeepRL_Population_Models/real_ecology_runs/ricker_only_plus_72_20260720/runtime_snapshot/docs/benchmark/README.md
0a244f4904d96bc8c5d3427b453808ec94b28935b980a1fade832a1ecc8d46bd	6682	4	GENERAL_FROZEN	/home/hphung/ce25_scratch2/general_rl_phase2_iso/real_ecology_runs/general_phase2e_full_sigma01_02_20260720_v1/code/src/real_ecology_benchmark/methods/plus_faithful.py
0a244f4904d96bc8c5d3427b453808ec94b28935b980a1fade832a1ecc8d46bd	6682	4	MAIN	/home/hphung/ce25_scratch2/Claude_DeepRL_Population_Models/real_ecology_runs/adapted_32cell_diagnostic_pending/code/src/real_ecology_benchmark/methods/plus_faithful.py
0a244f4904d96bc8c5d3427b453808ec94b28935b980a1fade832a1ecc8d46bd	6682	4	MAIN	/home/hphung/ce25_scratch2/Claude_DeepRL_Population_Models/real_ecology_runs/adapted_plus_moor_corrected_canary_20260717_v1/code/src/real_ecology_benchmark/methods/plus_faithful.py
0a244f4904d96bc8c5d3427b453808ec94b28935b980a1fade832a1ecc8d46bd	6682	4	MAIN	/home/hphung/ce25_scratch2/Claude_DeepRL_Population_Models/src/real_ecology_benchmark/methods/plus_faithful.py
0d061f4582aa38e350487ee5baf01c67e96141a5c0227acdbfffd29a71e10790	11674	4	ECO_FROZEN	/home/hphung/ce25_scratch2/Claude_DeepRL_Population_Models/real_ecology_runs/ricker_only_plus_72_20260720/runtime_snapshot_routing_fix/docs/real_ecology_history/CODEX_followup_experiments_after_psafe_overnight_2026-07-05.md
0d061f4582aa38e350487ee5baf01c67e96141a5c0227acdbfffd29a71e10790	11674	4	MAIN	/home/hphung/ce25_scratch2/Claude_DeepRL_Population_Models/docs/real_ecology_history/CODEX_followup_experiments_after_psafe_overnight_2026-07-05.md
0d061f4582aa38e350487ee5baf01c67e96141a5c0227acdbfffd29a71e10790	11674	4	MAIN	/home/hphung/ce25_scratch2/Claude_DeepRL_Population_Models/real_ecology_runs/adapted_32cell_diagnostic_pending/code/docs/real_ecology_history/CODEX_followup_experiments_after_psafe_overnight_2026-07-05.md
0d061f4582aa38e350487ee5baf01c67e96141a5c0227acdbfffd29a71e10790	11674	4	MAIN	/home/hphung/ce25_scratch2/Claude_DeepRL_Population_Models/real_ecology_runs/ricker_only_plus_72_20260720/runtime_snapshot/docs/real_ecology_history/CODEX_followup_experiments_after_psafe_overnight_2026-07-05.md
0d983d39f10af6ab6b600a14c4f6b38455a1dd734002dc7646d83e7cdb5d28a3	20490	4	ECO_FROZEN	/home/hphung/ce25_scratch2/Claude_DeepRL_Population_Models/real_ecology_runs/ricker_only_plus_72_20260720/runtime_snapshot_routing_fix/docs/history/codex_claude_conversation_md/claude_review_codex_tier2_continuous_plan.md
0d983d39f10af6ab6b600a14c4f6b38455a1dd734002dc7646d83e7cdb5d28a3	20490	4	MAIN	/home/hphung/ce25_scratch2/Claude_DeepRL_Population_Models/docs/history/codex_claude_conversation_md/claude_review_codex_tier2_continuous_plan.md
0d983d39f10af6ab6b600a14c4f6b38455a1dd734002dc7646d83e7cdb5d28a3	20490	4	MAIN	/home/hphung/ce25_scratch2/Claude_DeepRL_Population_Models/real_ecology_runs/adapted_32cell_diagnostic_pending/code/docs/history/codex_claude_conversation_md/claude_review_codex_tier2_continuous_plan.md
0d983d39f10af6ab6b600a14c4f6b38455a1dd734002dc7646d83e7cdb5d28a3	20490	4	MAIN	/home/hphung/ce25_scratch2/Claude_DeepRL_Population_Models/real_ecology_runs/ricker_only_plus_72_20260720/runtime_snapshot/docs/history/codex_claude_conversation_md/claude_review_codex_tier2_continuous_plan.md
113b2f2c3d59262c53892961954ce59efb7306b726842cd5b1f07cc7c970f02c	11376	4	ECO_FROZEN	/home/hphung/ce25_scratch2/Claude_DeepRL_Population_Models/real_ecology_runs/ricker_only_plus_72_20260720/runtime_snapshot_routing_fix/docs/fix_implement_ecology_baseline/PHASE2_FINAL_READINESS_REPORT.md
113b2f2c3d59262c53892961954ce59efb7306b726842cd5b1f07cc7c970f02c	11376	4	MAIN	/home/hphung/ce25_scratch2/Claude_DeepRL_Population_Models/docs/fix_implement_ecology_baseline/PHASE2_FINAL_READINESS_REPORT.md
113b2f2c3d59262c53892961954ce59efb7306b726842cd5b1f07cc7c970f02c	11376	4	MAIN	/home/hphung/ce25_scratch2/Claude_DeepRL_Population_Models/real_ecology_runs/adapted_32cell_diagnostic_pending/code/docs/fix_implement_ecology_baseline/PHASE2_FINAL_READINESS_REPORT.md
113b2f2c3d59262c53892961954ce59efb7306b726842cd5b1f07cc7c970f02c	11376	4	MAIN	/home/hphung/ce25_scratch2/Claude_DeepRL_Population_Models/real_ecology_runs/ricker_only_plus_72_20260720/runtime_snapshot/docs/fix_implement_ecology_baseline/PHASE2_FINAL_READINESS_REPORT.md
122affbe8e8dd3b5246afdba46d6545b6eac39ed482348d2925cff479d5389ea	8624	4	ECO_FROZEN	/home/hphung/ce25_scratch2/Claude_DeepRL_Population_Models/real_ecology_runs/ricker_only_plus_72_20260720/runtime_snapshot_routing_fix/docs/fix_implement_ecology_baseline/archive/CLAUDE_AUDIT_CORRECTED_PLUS_MOOR_PLAN.md
122affbe8e8dd3b5246afdba46d6545b6eac39ed482348d2925cff479d5389ea	8624	4	MAIN	/home/hphung/ce25_scratch2/Claude_DeepRL_Population_Models/docs/fix_implement_ecology_baseline/archive/CLAUDE_AUDIT_CORRECTED_PLUS_MOOR_PLAN.md
122affbe8e8dd3b5246afdba46d6545b6eac39ed482348d2925cff479d5389ea	8624	4	MAIN	/home/hphung/ce25_scratch2/Claude_DeepRL_Population_Models/real_ecology_runs/adapted_32cell_diagnostic_pending/code/docs/fix_implement_ecology_baseline/archive/CLAUDE_AUDIT_CORRECTED_PLUS_MOOR_PLAN.md
122affbe8e8dd3b5246afdba46d6545b6eac39ed482348d2925cff479d5389ea	8624	4	MAIN	/home/hphung/ce25_scratch2/Claude_DeepRL_Population_Models/real_ecology_runs/ricker_only_plus_72_20260720/runtime_snapshot/docs/fix_implement_ecology_baseline/archive/CLAUDE_AUDIT_CORRECTED_PLUS_MOOR_PLAN.md
1682fa9f90efb663a72838dffeb52191d16e23ebf71ac603c8a6ed9fca75c994	16151	4	ECO_FROZEN	/home/hphung/ce25_scratch2/Claude_DeepRL_Population_Models/real_ecology_runs/ricker_only_plus_72_20260720/runtime_snapshot_routing_fix/docs/history/next_chat_selected_algorithm_handoff.md
1682fa9f90efb663a72838dffeb52191d16e23ebf71ac603c8a6ed9fca75c994	16151	4	MAIN	/home/hphung/ce25_scratch2/Claude_DeepRL_Population_Models/docs/history/next_chat_selected_algorithm_handoff.md
1682fa9f90efb663a72838dffeb52191d16e23ebf71ac603c8a6ed9fca75c994	16151	4	MAIN	/home/hphung/ce25_scratch2/Claude_DeepRL_Population_Models/real_ecology_runs/adapted_32cell_diagnostic_pending/code/docs/history/next_chat_selected_algorithm_handoff.md
1682fa9f90efb663a72838dffeb52191d16e23ebf71ac603c8a6ed9fca75c994	16151	4	MAIN	/home/hphung/ce25_scratch2/Claude_DeepRL_Population_Models/real_ecology_runs/ricker_only_plus_72_20260720/runtime_snapshot/docs/history/next_chat_selected_algorithm_handoff.md
1839f6f3e713ce5c053242bc0e641cc6ba97b3480131223c42124cd96a746141	8740	4	ECO_FROZEN	/home/hphung/ce25_scratch2/Claude_DeepRL_Population_Models/real_ecology_runs/ricker_only_plus_72_20260720/runtime_snapshot_routing_fix/docs/history/phase116_final_bamcts_report.tex
1839f6f3e713ce5c053242bc0e641cc6ba97b3480131223c42124cd96a746141	8740	4	MAIN	/home/hphung/ce25_scratch2/Claude_DeepRL_Population_Models/docs/history/phase116_final_bamcts_report.tex
1839f6f3e713ce5c053242bc0e641cc6ba97b3480131223c42124cd96a746141	8740	4	MAIN	/home/hphung/ce25_scratch2/Claude_DeepRL_Population_Models/real_ecology_runs/adapted_32cell_diagnostic_pending/code/docs/history/phase116_final_bamcts_report.tex
1839f6f3e713ce5c053242bc0e641cc6ba97b3480131223c42124cd96a746141	8740	4	MAIN	/home/hphung/ce25_scratch2/Claude_DeepRL_Population_Models/real_ecology_runs/ricker_only_plus_72_20260720/runtime_snapshot/docs/history/phase116_final_bamcts_report.tex
18e26228e512bd47e398087b22a974742ceaf8348aff11b144400360775f9941	1909	4	ECO_FROZEN	/home/hphung/ce25_scratch2/Claude_DeepRL_Population_Models/real_ecology_runs/ricker_only_plus_72_20260720/runtime_snapshot_routing_fix/baseline_original/python_port/src/building hmMDP/mean_parameters.py
18e26228e512bd47e398087b22a974742ceaf8348aff11b144400360775f9941	1909	4	MAIN	/home/hphung/ce25_scratch2/Claude_DeepRL_Population_Models/baseline_original/python_port/src/building hmMDP/mean_parameters.py
18e26228e512bd47e398087b22a974742ceaf8348aff11b144400360775f9941	1909	4	MAIN	/home/hphung/ce25_scratch2/Claude_DeepRL_Population_Models/real_ecology_runs/adapted_32cell_diagnostic_pending/code/baseline_original/python_port/src/building hmMDP/mean_parameters.py
18e26228e512bd47e398087b22a974742ceaf8348aff11b144400360775f9941	1909	4	MAIN	/home/hphung/ce25_scratch2/Claude_DeepRL_Population_Models/real_ecology_runs/ricker_only_plus_72_20260720/runtime_snapshot/baseline_original/python_port/src/building hmMDP/mean_parameters.py
19e3818007a7a4f1759dc89eefb753098fc1250d3b6318522a5c423823b7f32d	11628	4	ECO_FROZEN	/home/hphung/ce25_scratch2/Claude_DeepRL_Population_Models/real_ecology_runs/ricker_only_plus_72_20260720/runtime_snapshot_routing_fix/docs/history/AUDIT_readability_plan_2026-07-09.md
19e3818007a7a4f1759dc89eefb753098fc1250d3b6318522a5c423823b7f32d	11628	4	MAIN	/home/hphung/ce25_scratch2/Claude_DeepRL_Population_Models/docs/history/AUDIT_readability_plan_2026-07-09.md
19e3818007a7a4f1759dc89eefb753098fc1250d3b6318522a5c423823b7f32d	11628	4	MAIN	/home/hphung/ce25_scratch2/Claude_DeepRL_Population_Models/real_ecology_runs/adapted_32cell_diagnostic_pending/code/docs/history/AUDIT_readability_plan_2026-07-09.md
19e3818007a7a4f1759dc89eefb753098fc1250d3b6318522a5c423823b7f32d	11628	4	MAIN	/home/hphung/ce25_scratch2/Claude_DeepRL_Population_Models/real_ecology_runs/ricker_only_plus_72_20260720/runtime_snapshot/docs/history/AUDIT_readability_plan_2026-07-09.md
1b8b5a5a7f253c19ae65d78ec3a929db1da12b16b28080a53a5614d6b4736a88	10907	4	ECO_FROZEN	/home/hphung/ce25_scratch2/Claude_DeepRL_Population_Models/real_ecology_runs/ricker_only_plus_72_20260720/runtime_snapshot_routing_fix/docs/fix_implement_ecology_baseline/archive/RESPONSE_TO_REVIEW_PROVISIONAL_PAPER_ALIGNED_PLUS_MOOR.md
1b8b5a5a7f253c19ae65d78ec3a929db1da12b16b28080a53a5614d6b4736a88	10907	4	MAIN	/home/hphung/ce25_scratch2/Claude_DeepRL_Population_Models/docs/fix_implement_ecology_baseline/archive/RESPONSE_TO_REVIEW_PROVISIONAL_PAPER_ALIGNED_PLUS_MOOR.md
1b8b5a5a7f253c19ae65d78ec3a929db1da12b16b28080a53a5614d6b4736a88	10907	4	MAIN	/home/hphung/ce25_scratch2/Claude_DeepRL_Population_Models/real_ecology_runs/adapted_32cell_diagnostic_pending/code/docs/fix_implement_ecology_baseline/archive/RESPONSE_TO_REVIEW_PROVISIONAL_PAPER_ALIGNED_PLUS_MOOR.md
1b8b5a5a7f253c19ae65d78ec3a929db1da12b16b28080a53a5614d6b4736a88	10907	4	MAIN	/home/hphung/ce25_scratch2/Claude_DeepRL_Population_Models/real_ecology_runs/ricker_only_plus_72_20260720/runtime_snapshot/docs/fix_implement_ecology_baseline/archive/RESPONSE_TO_REVIEW_PROVISIONAL_PAPER_ALIGNED_PLUS_MOOR.md
1c7dc398f2086ea8a5b5fa74c4ad5528f53ad1cd69fb1a4808a34ba7dcc07b19	3708	4	ECO_FROZEN	/home/hphung/ce25_scratch2/Claude_DeepRL_Population_Models/real_ecology_runs/ricker_only_plus_72_20260720/runtime_snapshot_routing_fix/baseline_original/python_port/src/analyse results/main.py
1c7dc398f2086ea8a5b5fa74c4ad5528f53ad1cd69fb1a4808a34ba7dcc07b19	3708	4	MAIN	/home/hphung/ce25_scratch2/Claude_DeepRL_Population_Models/baseline_original/python_port/src/analyse results/main.py
1c7dc398f2086ea8a5b5fa74c4ad5528f53ad1cd69fb1a4808a34ba7dcc07b19	3708	4	MAIN	/home/hphung/ce25_scratch2/Claude_DeepRL_Population_Models/real_ecology_runs/adapted_32cell_diagnostic_pending/code/baseline_original/python_port/src/analyse results/main.py
1c7dc398f2086ea8a5b5fa74c4ad5528f53ad1cd69fb1a4808a34ba7dcc07b19	3708	4	MAIN	/home/hphung/ce25_scratch2/Claude_DeepRL_Population_Models/real_ecology_runs/ricker_only_plus_72_20260720/runtime_snapshot/baseline_original/python_port/src/analyse results/main.py
1ebbbbc41d2cc6a9d72d98a1782a100e771f96d2d7fdc02b5cc8fb569c43a4c8	11089	4	ECO_FROZEN	/home/hphung/ce25_scratch2/Claude_DeepRL_Population_Models/real_ecology_runs/ricker_only_plus_72_20260720/runtime_snapshot_routing_fix/docs/history/codex_claude_conversation_md/claude_plots_and_results_handoff_for_codex.md
1ebbbbc41d2cc6a9d72d98a1782a100e771f96d2d7fdc02b5cc8fb569c43a4c8	11089	4	MAIN	/home/hphung/ce25_scratch2/Claude_DeepRL_Population_Models/docs/history/codex_claude_conversation_md/claude_plots_and_results_handoff_for_codex.md
1ebbbbc41d2cc6a9d72d98a1782a100e771f96d2d7fdc02b5cc8fb569c43a4c8	11089	4	MAIN	/home/hphung/ce25_scratch2/Claude_DeepRL_Population_Models/real_ecology_runs/adapted_32cell_diagnostic_pending/code/docs/history/codex_claude_conversation_md/claude_plots_and_results_handoff_for_codex.md
1ebbbbc41d2cc6a9d72d98a1782a100e771f96d2d7fdc02b5cc8fb569c43a4c8	11089	4	MAIN	/home/hphung/ce25_scratch2/Claude_DeepRL_Population_Models/real_ecology_runs/ricker_only_plus_72_20260720/runtime_snapshot/docs/history/codex_claude_conversation_md/claude_plots_and_results_handoff_for_codex.md
20811c9b15dccb1ef1fce25dbe5e75126f395df8f830527fdb9cc365aa2a934b	32947	4	ECO_FROZEN	/home/hphung/ce25_scratch2/Claude_DeepRL_Population_Models/real_ecology_runs/ricker_only_plus_72_20260720/runtime_snapshot_routing_fix/docs/history/latex_files_reports/quick_selected_methods_report.tex
20811c9b15dccb1ef1fce25dbe5e75126f395df8f830527fdb9cc365aa2a934b	32947	4	MAIN	/home/hphung/ce25_scratch2/Claude_DeepRL_Population_Models/docs/history/latex_files_reports/quick_selected_methods_report.tex
20811c9b15dccb1ef1fce25dbe5e75126f395df8f830527fdb9cc365aa2a934b	32947	4	MAIN	/home/hphung/ce25_scratch2/Claude_DeepRL_Population_Models/real_ecology_runs/adapted_32cell_diagnostic_pending/code/docs/history/latex_files_reports/quick_selected_methods_report.tex
20811c9b15dccb1ef1fce25dbe5e75126f395df8f830527fdb9cc365aa2a934b	32947	4	MAIN	/home/hphung/ce25_scratch2/Claude_DeepRL_Population_Models/real_ecology_runs/ricker_only_plus_72_20260720/runtime_snapshot/docs/history/latex_files_reports/quick_selected_methods_report.tex
2084178f71f126563add49ed58919e3c897d7a8a303d4356b7eb279b30051177	4354	4	ECO_FROZEN	/home/hphung/ce25_scratch2/Claude_DeepRL_Population_Models/real_ecology_runs/ricker_only_plus_72_20260720/runtime_snapshot_routing_fix/docs/benchmark/07_recent_real_ecology_results.md
2084178f71f126563add49ed58919e3c897d7a8a303d4356b7eb279b30051177	4354	4	MAIN	/home/hphung/ce25_scratch2/Claude_DeepRL_Population_Models/docs/benchmark/07_recent_real_ecology_results.md
2084178f71f126563add49ed58919e3c897d7a8a303d4356b7eb279b30051177	4354	4	MAIN	/home/hphung/ce25_scratch2/Claude_DeepRL_Population_Models/real_ecology_runs/adapted_32cell_diagnostic_pending/code/docs/benchmark/07_recent_real_ecology_results.md
2084178f71f126563add49ed58919e3c897d7a8a303d4356b7eb279b30051177	4354	4	MAIN	/home/hphung/ce25_scratch2/Claude_DeepRL_Population_Models/real_ecology_runs/ricker_only_plus_72_20260720/runtime_snapshot/docs/benchmark/07_recent_real_ecology_results.md
23d1260e0caa9d786499ddcb383563ca4450b76ec12d1ea8331d69b17a4771a6	12538	4	ECO_FROZEN	/home/hphung/ce25_scratch2/Claude_DeepRL_Population_Models/real_ecology_runs/ricker_only_plus_72_20260720/runtime_snapshot_routing_fix/docs/history/PLAN_single_real_data_repo_with_dummy_setpoint_2026-07-09.md
23d1260e0caa9d786499ddcb383563ca4450b76ec12d1ea8331d69b17a4771a6	12538	4	MAIN	/home/hphung/ce25_scratch2/Claude_DeepRL_Population_Models/docs/history/PLAN_single_real_data_repo_with_dummy_setpoint_2026-07-09.md
23d1260e0caa9d786499ddcb383563ca4450b76ec12d1ea8331d69b17a4771a6	12538	4	MAIN	/home/hphung/ce25_scratch2/Claude_DeepRL_Population_Models/real_ecology_runs/adapted_32cell_diagnostic_pending/code/docs/history/PLAN_single_real_data_repo_with_dummy_setpoint_2026-07-09.md
23d1260e0caa9d786499ddcb383563ca4450b76ec12d1ea8331d69b17a4771a6	12538	4	MAIN	/home/hphung/ce25_scratch2/Claude_DeepRL_Population_Models/real_ecology_runs/ricker_only_plus_72_20260720/runtime_snapshot/docs/history/PLAN_single_real_data_repo_with_dummy_setpoint_2026-07-09.md
24bdae46074699a70efc976f6f318e9ec47420c50be01225487e25ebfecacb74	3813	4	ECO_FROZEN	/home/hphung/ce25_scratch2/Claude_DeepRL_Population_Models/real_ecology_runs/ricker_only_plus_72_20260720/runtime_snapshot_routing_fix/docs/real_ecology_history/CODEX_no_compute_analysis_cleanup_2026-07-05.md
24bdae46074699a70efc976f6f318e9ec47420c50be01225487e25ebfecacb74	3813	4	MAIN	/home/hphung/ce25_scratch2/Claude_DeepRL_Population_Models/docs/real_ecology_history/CODEX_no_compute_analysis_cleanup_2026-07-05.md
24bdae46074699a70efc976f6f318e9ec47420c50be01225487e25ebfecacb74	3813	4	MAIN	/home/hphung/ce25_scratch2/Claude_DeepRL_Population_Models/real_ecology_runs/adapted_32cell_diagnostic_pending/code/docs/real_ecology_history/CODEX_no_compute_analysis_cleanup_2026-07-05.md
24bdae46074699a70efc976f6f318e9ec47420c50be01225487e25ebfecacb74	3813	4	MAIN	/home/hphung/ce25_scratch2/Claude_DeepRL_Population_Models/real_ecology_runs/ricker_only_plus_72_20260720/runtime_snapshot/docs/real_ecology_history/CODEX_no_compute_analysis_cleanup_2026-07-05.md
256ab4efc6c106b28bc38f2f430d87c792c9a78ab0bcd1483a176aeadcbcb129	2114	4	ECO_FROZEN	/home/hphung/ce25_scratch2/Claude_DeepRL_Population_Models/real_ecology_runs/ricker_only_plus_72_20260720/runtime_snapshot_routing_fix/docs/history/experiment_protocol.md
256ab4efc6c106b28bc38f2f430d87c792c9a78ab0bcd1483a176aeadcbcb129	2114	4	MAIN	/home/hphung/ce25_scratch2/Claude_DeepRL_Population_Models/docs/history/experiment_protocol.md
256ab4efc6c106b28bc38f2f430d87c792c9a78ab0bcd1483a176aeadcbcb129	2114	4	MAIN	/home/hphung/ce25_scratch2/Claude_DeepRL_Population_Models/real_ecology_runs/adapted_32cell_diagnostic_pending/code/docs/history/experiment_protocol.md
256ab4efc6c106b28bc38f2f430d87c792c9a78ab0bcd1483a176aeadcbcb129	2114	4	MAIN	/home/hphung/ce25_scratch2/Claude_DeepRL_Population_Models/real_ecology_runs/ricker_only_plus_72_20260720/runtime_snapshot/docs/history/experiment_protocol.md
279047e4903db8946018ead81b090432e167e38295a7b4aaf3b3ce8bb918b540	26744	4	ECO_FROZEN	/home/hphung/ce25_scratch2/Claude_DeepRL_Population_Models/real_ecology_runs/ricker_only_plus_72_20260720/runtime_snapshot_routing_fix/docs/fix_implement_ecology_baseline/PLUS_MOOR_PAPER_ALIGNMENT_COMPLETE_REFERENCE.md
279047e4903db8946018ead81b090432e167e38295a7b4aaf3b3ce8bb918b540	26744	4	MAIN	/home/hphung/ce25_scratch2/Claude_DeepRL_Population_Models/docs/fix_implement_ecology_baseline/PLUS_MOOR_PAPER_ALIGNMENT_COMPLETE_REFERENCE.md
279047e4903db8946018ead81b090432e167e38295a7b4aaf3b3ce8bb918b540	26744	4	MAIN	/home/hphung/ce25_scratch2/Claude_DeepRL_Population_Models/real_ecology_runs/adapted_32cell_diagnostic_pending/code/docs/fix_implement_ecology_baseline/PLUS_MOOR_PAPER_ALIGNMENT_COMPLETE_REFERENCE.md
279047e4903db8946018ead81b090432e167e38295a7b4aaf3b3ce8bb918b540	26744	4	MAIN	/home/hphung/ce25_scratch2/Claude_DeepRL_Population_Models/real_ecology_runs/ricker_only_plus_72_20260720/runtime_snapshot/docs/fix_implement_ecology_baseline/PLUS_MOOR_PAPER_ALIGNMENT_COMPLETE_REFERENCE.md
2a26396d5e52332ba1413fb1c01a60fc219baeac809492402fca8113e1833f0e	15147	4	ECO_FROZEN	/home/hphung/ce25_scratch2/Claude_DeepRL_Population_Models/real_ecology_runs/ricker_only_plus_72_20260720/runtime_snapshot_routing_fix/docs/fix_implement_ecology_baseline/archive/CLAUDE_AUDIT_PAPER_FAITHFUL_IMPLEMENTATION_AND_SMOKE.md
2a26396d5e52332ba1413fb1c01a60fc219baeac809492402fca8113e1833f0e	15147	4	MAIN	/home/hphung/ce25_scratch2/Claude_DeepRL_Population_Models/docs/fix_implement_ecology_baseline/archive/CLAUDE_AUDIT_PAPER_FAITHFUL_IMPLEMENTATION_AND_SMOKE.md
2a26396d5e52332ba1413fb1c01a60fc219baeac809492402fca8113e1833f0e	15147	4	MAIN	/home/hphung/ce25_scratch2/Claude_DeepRL_Population_Models/real_ecology_runs/adapted_32cell_diagnostic_pending/code/docs/fix_implement_ecology_baseline/archive/CLAUDE_AUDIT_PAPER_FAITHFUL_IMPLEMENTATION_AND_SMOKE.md
2a26396d5e52332ba1413fb1c01a60fc219baeac809492402fca8113e1833f0e	15147	4	MAIN	/home/hphung/ce25_scratch2/Claude_DeepRL_Population_Models/real_ecology_runs/ricker_only_plus_72_20260720/runtime_snapshot/docs/fix_implement_ecology_baseline/archive/CLAUDE_AUDIT_PAPER_FAITHFUL_IMPLEMENTATION_AND_SMOKE.md
2a64b3d95765a03b2e9172e0e634aea511e411e6f87468d3d76a4528b26f6a49	18060	4	ECO_FROZEN	/home/hphung/ce25_scratch2/Claude_DeepRL_Population_Models/real_ecology_runs/ricker_only_plus_72_20260720/runtime_snapshot_routing_fix/docs/history/116_refplan_danger_zone_experiment_plan.md
2a64b3d95765a03b2e9172e0e634aea511e411e6f87468d3d76a4528b26f6a49	18060	4	MAIN	/home/hphung/ce25_scratch2/Claude_DeepRL_Population_Models/docs/history/116_refplan_danger_zone_experiment_plan.md
2a64b3d95765a03b2e9172e0e634aea511e411e6f87468d3d76a4528b26f6a49	18060	4	MAIN	/home/hphung/ce25_scratch2/Claude_DeepRL_Population_Models/real_ecology_runs/adapted_32cell_diagnostic_pending/code/docs/history/116_refplan_danger_zone_experiment_plan.md
2a64b3d95765a03b2e9172e0e634aea511e411e6f87468d3d76a4528b26f6a49	18060	4	MAIN	/home/hphung/ce25_scratch2/Claude_DeepRL_Population_Models/real_ecology_runs/ricker_only_plus_72_20260720/runtime_snapshot/docs/history/116_refplan_danger_zone_experiment_plan.md
2e5d49af3109f885809ff15c008dae600d46f0b261eb27f1ed0ea1b4bc07d89f	15057	4	ECO_FROZEN	/home/hphung/ce25_scratch2/Claude_DeepRL_Population_Models/real_ecology_runs/ricker_only_plus_72_20260720/runtime_snapshot_routing_fix/docs/history/29_6_tier3_final_implementation_plan.md
2e5d49af3109f885809ff15c008dae600d46f0b261eb27f1ed0ea1b4bc07d89f	15057	4	MAIN	/home/hphung/ce25_scratch2/Claude_DeepRL_Population_Models/docs/history/29_6_tier3_final_implementation_plan.md
2e5d49af3109f885809ff15c008dae600d46f0b261eb27f1ed0ea1b4bc07d89f	15057	4	MAIN	/home/hphung/ce25_scratch2/Claude_DeepRL_Population_Models/real_ecology_runs/adapted_32cell_diagnostic_pending/code/docs/history/29_6_tier3_final_implementation_plan.md
2e5d49af3109f885809ff15c008dae600d46f0b261eb27f1ed0ea1b4bc07d89f	15057	4	MAIN	/home/hphung/ce25_scratch2/Claude_DeepRL_Population_Models/real_ecology_runs/ricker_only_plus_72_20260720/runtime_snapshot/docs/history/29_6_tier3_final_implementation_plan.md
31c21b0a370e2863eb7c9d66af1e5e15be346f6f1e2eb9593a216691884fddf8	26723	4	ECO_FROZEN	/home/hphung/ce25_scratch2/Claude_DeepRL_Population_Models/real_ecology_runs/ricker_only_plus_72_20260720/runtime_snapshot_routing_fix/docs/benchmark/SERVER_PLAN_general_method_audit.md
31c21b0a370e2863eb7c9d66af1e5e15be346f6f1e2eb9593a216691884fddf8	26723	4	MAIN	/home/hphung/ce25_scratch2/Claude_DeepRL_Population_Models/docs/benchmark/SERVER_PLAN_general_method_audit.md
31c21b0a370e2863eb7c9d66af1e5e15be346f6f1e2eb9593a216691884fddf8	26723	4	MAIN	/home/hphung/ce25_scratch2/Claude_DeepRL_Population_Models/real_ecology_runs/adapted_32cell_diagnostic_pending/code/docs/benchmark/SERVER_PLAN_general_method_audit.md
31c21b0a370e2863eb7c9d66af1e5e15be346f6f1e2eb9593a216691884fddf8	26723	4	MAIN	/home/hphung/ce25_scratch2/Claude_DeepRL_Population_Models/real_ecology_runs/ricker_only_plus_72_20260720/runtime_snapshot/docs/benchmark/SERVER_PLAN_general_method_audit.md
335e32a756cce8a8736a08daae8690e4ba28f02fc85d3da60f2d1cedf705388c	13178	4	ECO_FROZEN	/home/hphung/ce25_scratch2/Claude_DeepRL_Population_Models/real_ecology_runs/ricker_only_plus_72_20260720/runtime_snapshot_routing_fix/tests/real/test_hidden_rk.py
335e32a756cce8a8736a08daae8690e4ba28f02fc85d3da60f2d1cedf705388c	13178	4	MAIN	/home/hphung/ce25_scratch2/Claude_DeepRL_Population_Models/real_ecology_runs/adapted_32cell_diagnostic_pending/code/tests/real/test_hidden_rk.py
335e32a756cce8a8736a08daae8690e4ba28f02fc85d3da60f2d1cedf705388c	13178	4	MAIN	/home/hphung/ce25_scratch2/Claude_DeepRL_Population_Models/real_ecology_runs/ricker_only_plus_72_20260720/runtime_snapshot/tests/real/test_hidden_rk.py
335e32a756cce8a8736a08daae8690e4ba28f02fc85d3da60f2d1cedf705388c	13178	4	MAIN	/home/hphung/ce25_scratch2/Claude_DeepRL_Population_Models/tests/real/test_hidden_rk.py
33a5a07b97b0b0e9274643f225151ba2051ae5e7bba9ad58506cbf04775dffa7	18904	4	ECO_FROZEN	/home/hphung/ce25_scratch2/Claude_DeepRL_Population_Models/real_ecology_runs/ricker_only_plus_72_20260720/runtime_snapshot_routing_fix/docs/claude_build_report/EXPERIMENT_REPORT.md
33a5a07b97b0b0e9274643f225151ba2051ae5e7bba9ad58506cbf04775dffa7	18904	4	MAIN	/home/hphung/ce25_scratch2/Claude_DeepRL_Population_Models/docs/claude_build_report/EXPERIMENT_REPORT.md
33a5a07b97b0b0e9274643f225151ba2051ae5e7bba9ad58506cbf04775dffa7	18904	4	MAIN	/home/hphung/ce25_scratch2/Claude_DeepRL_Population_Models/real_ecology_runs/adapted_32cell_diagnostic_pending/code/docs/claude_build_report/EXPERIMENT_REPORT.md
33a5a07b97b0b0e9274643f225151ba2051ae5e7bba9ad58506cbf04775dffa7	18904	4	MAIN	/home/hphung/ce25_scratch2/Claude_DeepRL_Population_Models/real_ecology_runs/ricker_only_plus_72_20260720/runtime_snapshot/docs/claude_build_report/EXPERIMENT_REPORT.md
33db5d3aa2856be565d0b4094bec901a7b7ec5109ee5dfc73aced5e2582660eb	15939	4	ECO_FROZEN	/home/hphung/ce25_scratch2/Claude_DeepRL_Population_Models/real_ecology_runs/ricker_only_plus_72_20260720/runtime_snapshot_routing_fix/docs/benchmark/SERVER_HANDOFF_hidden_dynamics_experiment.md
33db5d3aa2856be565d0b4094bec901a7b7ec5109ee5dfc73aced5e2582660eb	15939	4	MAIN	/home/hphung/ce25_scratch2/Claude_DeepRL_Population_Models/docs/benchmark/SERVER_HANDOFF_hidden_dynamics_experiment.md
33db5d3aa2856be565d0b4094bec901a7b7ec5109ee5dfc73aced5e2582660eb	15939	4	MAIN	/home/hphung/ce25_scratch2/Claude_DeepRL_Population_Models/real_ecology_runs/adapted_32cell_diagnostic_pending/code/docs/benchmark/SERVER_HANDOFF_hidden_dynamics_experiment.md
33db5d3aa2856be565d0b4094bec901a7b7ec5109ee5dfc73aced5e2582660eb	15939	4	MAIN	/home/hphung/ce25_scratch2/Claude_DeepRL_Population_Models/real_ecology_runs/ricker_only_plus_72_20260720/runtime_snapshot/docs/benchmark/SERVER_HANDOFF_hidden_dynamics_experiment.md
347fe911a888cafbd18f9e95305c010723cdc406ddbf8eee2e6283250a87c8f8	28291	4	ECO_FROZEN	/home/hphung/ce25_scratch2/Claude_DeepRL_Population_Models/real_ecology_runs/ricker_only_plus_72_20260720/runtime_snapshot_routing_fix/docs/real_ecology_history/29_6_algorithm_method_notes.tex
347fe911a888cafbd18f9e95305c010723cdc406ddbf8eee2e6283250a87c8f8	28291	4	MAIN	/home/hphung/ce25_scratch2/Claude_DeepRL_Population_Models/docs/real_ecology_history/29_6_algorithm_method_notes.tex
347fe911a888cafbd18f9e95305c010723cdc406ddbf8eee2e6283250a87c8f8	28291	4	MAIN	/home/hphung/ce25_scratch2/Claude_DeepRL_Population_Models/real_ecology_runs/adapted_32cell_diagnostic_pending/code/docs/real_ecology_history/29_6_algorithm_method_notes.tex
347fe911a888cafbd18f9e95305c010723cdc406ddbf8eee2e6283250a87c8f8	28291	4	MAIN	/home/hphung/ce25_scratch2/Claude_DeepRL_Population_Models/real_ecology_runs/ricker_only_plus_72_20260720/runtime_snapshot/docs/real_ecology_history/29_6_algorithm_method_notes.tex
36bc969f6f5e8d21c26e70d20906e0fe0313f18ae278380839fb49b28060b0a2	27310	4	ECO_FROZEN	/home/hphung/ce25_scratch2/Claude_DeepRL_Population_Models/real_ecology_runs/ricker_only_plus_72_20260720/runtime_snapshot_routing_fix/docs/fix_implement_ecology_baseline/CORRECTED_PLUS_MOOR_IMPLEMENTATION_PLAN.md
36bc969f6f5e8d21c26e70d20906e0fe0313f18ae278380839fb49b28060b0a2	27310	4	MAIN	/home/hphung/ce25_scratch2/Claude_DeepRL_Population_Models/docs/fix_implement_ecology_baseline/CORRECTED_PLUS_MOOR_IMPLEMENTATION_PLAN.md
36bc969f6f5e8d21c26e70d20906e0fe0313f18ae278380839fb49b28060b0a2	27310	4	MAIN	/home/hphung/ce25_scratch2/Claude_DeepRL_Population_Models/real_ecology_runs/adapted_32cell_diagnostic_pending/code/docs/fix_implement_ecology_baseline/CORRECTED_PLUS_MOOR_IMPLEMENTATION_PLAN.md
36bc969f6f5e8d21c26e70d20906e0fe0313f18ae278380839fb49b28060b0a2	27310	4	MAIN	/home/hphung/ce25_scratch2/Claude_DeepRL_Population_Models/real_ecology_runs/ricker_only_plus_72_20260720/runtime_snapshot/docs/fix_implement_ecology_baseline/CORRECTED_PLUS_MOOR_IMPLEMENTATION_PLAN.md
36dcd3a3d26939f9cc55b21fa497571f7ac77cc222ec46113f8974669a0a930b	13688	4	ECO_FROZEN	/home/hphung/ce25_scratch2/Claude_DeepRL_Population_Models/real_ecology_runs/ricker_only_plus_72_20260720/runtime_snapshot_routing_fix/docs/benchmark/SERVER_AUDIT_REQUEST_full_session.md
36dcd3a3d26939f9cc55b21fa497571f7ac77cc222ec46113f8974669a0a930b	13688	4	MAIN	/home/hphung/ce25_scratch2/Claude_DeepRL_Population_Models/docs/benchmark/SERVER_AUDIT_REQUEST_full_session.md
36dcd3a3d26939f9cc55b21fa497571f7ac77cc222ec46113f8974669a0a930b	13688	4	MAIN	/home/hphung/ce25_scratch2/Claude_DeepRL_Population_Models/real_ecology_runs/adapted_32cell_diagnostic_pending/code/docs/benchmark/SERVER_AUDIT_REQUEST_full_session.md
36dcd3a3d26939f9cc55b21fa497571f7ac77cc222ec46113f8974669a0a930b	13688	4	MAIN	/home/hphung/ce25_scratch2/Claude_DeepRL_Population_Models/real_ecology_runs/ricker_only_plus_72_20260720/runtime_snapshot/docs/benchmark/SERVER_AUDIT_REQUEST_full_session.md
39cde5a1c64d36572da6835e66df197f6a12206a559dce29ba47bd26acaf804b	2491	4	ECO_FROZEN	/home/hphung/ce25_scratch2/Claude_DeepRL_Population_Models/real_ecology_runs/ricker_only_plus_72_20260720/runtime_snapshot_routing_fix/baseline_original/python_port/src/simulations/sim_mdp_momdp_policy.py
39cde5a1c64d36572da6835e66df197f6a12206a559dce29ba47bd26acaf804b	2491	4	MAIN	/home/hphung/ce25_scratch2/Claude_DeepRL_Population_Models/baseline_original/python_port/src/simulations/sim_mdp_momdp_policy.py
39cde5a1c64d36572da6835e66df197f6a12206a559dce29ba47bd26acaf804b	2491	4	MAIN	/home/hphung/ce25_scratch2/Claude_DeepRL_Population_Models/real_ecology_runs/adapted_32cell_diagnostic_pending/code/baseline_original/python_port/src/simulations/sim_mdp_momdp_policy.py
39cde5a1c64d36572da6835e66df197f6a12206a559dce29ba47bd26acaf804b	2491	4	MAIN	/home/hphung/ce25_scratch2/Claude_DeepRL_Population_Models/real_ecology_runs/ricker_only_plus_72_20260720/runtime_snapshot/baseline_original/python_port/src/simulations/sim_mdp_momdp_policy.py
3a27c74516e1bff40e588b557381262e9afeff30486d45c02a4a15e7e52d17c9	6067	4	ECO_FROZEN	/home/hphung/ce25_scratch2/Claude_DeepRL_Population_Models/real_ecology_runs/ricker_only_plus_72_20260720/runtime_snapshot_routing_fix/docs/history/codex_claude_conversation_md/codex_22_6_response_to_claude_tier2_plan_review.md
3a27c74516e1bff40e588b557381262e9afeff30486d45c02a4a15e7e52d17c9	6067	4	MAIN	/home/hphung/ce25_scratch2/Claude_DeepRL_Population_Models/docs/history/codex_claude_conversation_md/codex_22_6_response_to_claude_tier2_plan_review.md
3a27c74516e1bff40e588b557381262e9afeff30486d45c02a4a15e7e52d17c9	6067	4	MAIN	/home/hphung/ce25_scratch2/Claude_DeepRL_Population_Models/real_ecology_runs/adapted_32cell_diagnostic_pending/code/docs/history/codex_claude_conversation_md/codex_22_6_response_to_claude_tier2_plan_review.md
3a27c74516e1bff40e588b557381262e9afeff30486d45c02a4a15e7e52d17c9	6067	4	MAIN	/home/hphung/ce25_scratch2/Claude_DeepRL_Population_Models/real_ecology_runs/ricker_only_plus_72_20260720/runtime_snapshot/docs/history/codex_claude_conversation_md/codex_22_6_response_to_claude_tier2_plan_review.md
3ab0368b66d5d299a6416308cdb44700927ca22d052ee0bad524452accec958c	864	4	ECO_FROZEN	/home/hphung/ce25_scratch2/Claude_DeepRL_Population_Models/real_ecology_runs/ricker_only_plus_72_20260720/runtime_snapshot_routing_fix/baseline_original/python_port/data/examples2states10actions.py
3ab0368b66d5d299a6416308cdb44700927ca22d052ee0bad524452accec958c	864	4	MAIN	/home/hphung/ce25_scratch2/Claude_DeepRL_Population_Models/baseline_original/python_port/data/examples2states10actions.py
3ab0368b66d5d299a6416308cdb44700927ca22d052ee0bad524452accec958c	864	4	MAIN	/home/hphung/ce25_scratch2/Claude_DeepRL_Population_Models/real_ecology_runs/adapted_32cell_diagnostic_pending/code/baseline_original/python_port/data/examples2states10actions.py
3ab0368b66d5d299a6416308cdb44700927ca22d052ee0bad524452accec958c	864	4	MAIN	/home/hphung/ce25_scratch2/Claude_DeepRL_Population_Models/real_ecology_runs/ricker_only_plus_72_20260720/runtime_snapshot/baseline_original/python_port/data/examples2states10actions.py
3e9eb95b96173f228e181fc4cbb3a628ebc31769db829bf51055db7fad73390c	7440	4	ECO_FROZEN	/home/hphung/ce25_scratch2/Claude_DeepRL_Population_Models/real_ecology_runs/ricker_only_plus_72_20260720/runtime_snapshot_routing_fix/docs/history/codex_stress_models_pomdp_task.md
3e9eb95b96173f228e181fc4cbb3a628ebc31769db829bf51055db7fad73390c	7440	4	MAIN	/home/hphung/ce25_scratch2/Claude_DeepRL_Population_Models/docs/history/codex_stress_models_pomdp_task.md
3e9eb95b96173f228e181fc4cbb3a628ebc31769db829bf51055db7fad73390c	7440	4	MAIN	/home/hphung/ce25_scratch2/Claude_DeepRL_Population_Models/real_ecology_runs/adapted_32cell_diagnostic_pending/code/docs/history/codex_stress_models_pomdp_task.md
3e9eb95b96173f228e181fc4cbb3a628ebc31769db829bf51055db7fad73390c	7440	4	MAIN	/home/hphung/ce25_scratch2/Claude_DeepRL_Population_Models/real_ecology_runs/ricker_only_plus_72_20260720/runtime_snapshot/docs/history/codex_stress_models_pomdp_task.md
4186f5fa9f98a7c9ca9cd3d71dc414865bc63be2106689a52fc91553e9b8b0d6	31807	4	ECO_FROZEN	/home/hphung/ce25_scratch2/Claude_DeepRL_Population_Models/real_ecology_runs/ricker_only_plus_72_20260720/runtime_snapshot_routing_fix/docs/history/29_6_Real_Ecology_Setting_Implementation_Plan.tex
4186f5fa9f98a7c9ca9cd3d71dc414865bc63be2106689a52fc91553e9b8b0d6	31807	4	MAIN	/home/hphung/ce25_scratch2/Claude_DeepRL_Population_Models/docs/history/29_6_Real_Ecology_Setting_Implementation_Plan.tex
4186f5fa9f98a7c9ca9cd3d71dc414865bc63be2106689a52fc91553e9b8b0d6	31807	4	MAIN	/home/hphung/ce25_scratch2/Claude_DeepRL_Population_Models/real_ecology_runs/adapted_32cell_diagnostic_pending/code/docs/history/29_6_Real_Ecology_Setting_Implementation_Plan.tex
4186f5fa9f98a7c9ca9cd3d71dc414865bc63be2106689a52fc91553e9b8b0d6	31807	4	MAIN	/home/hphung/ce25_scratch2/Claude_DeepRL_Population_Models/real_ecology_runs/ricker_only_plus_72_20260720/runtime_snapshot/docs/history/29_6_Real_Ecology_Setting_Implementation_Plan.tex
41909d0237b6f97d7aa81620c444a6cf59dd119fed97e030b60b4e8812d11cd2	4386	4	ECO_FROZEN	/home/hphung/ce25_scratch2/Claude_DeepRL_Population_Models/real_ecology_runs/ricker_only_plus_72_20260720/runtime_snapshot_routing_fix/docs/fix_implement_ecology_baseline/archive/CODEX_IMPLEMENTATION_HANDOFF_CORRECTED_PLUS_MOOR.md
41909d0237b6f97d7aa81620c444a6cf59dd119fed97e030b60b4e8812d11cd2	4386	4	MAIN	/home/hphung/ce25_scratch2/Claude_DeepRL_Population_Models/docs/fix_implement_ecology_baseline/archive/CODEX_IMPLEMENTATION_HANDOFF_CORRECTED_PLUS_MOOR.md
41909d0237b6f97d7aa81620c444a6cf59dd119fed97e030b60b4e8812d11cd2	4386	4	MAIN	/home/hphung/ce25_scratch2/Claude_DeepRL_Population_Models/real_ecology_runs/adapted_32cell_diagnostic_pending/code/docs/fix_implement_ecology_baseline/archive/CODEX_IMPLEMENTATION_HANDOFF_CORRECTED_PLUS_MOOR.md
41909d0237b6f97d7aa81620c444a6cf59dd119fed97e030b60b4e8812d11cd2	4386	4	MAIN	/home/hphung/ce25_scratch2/Claude_DeepRL_Population_Models/real_ecology_runs/ricker_only_plus_72_20260720/runtime_snapshot/docs/fix_implement_ecology_baseline/archive/CODEX_IMPLEMENTATION_HANDOFF_CORRECTED_PLUS_MOOR.md
43efe9653d0f8b54384e9e53f4d3675d6fc44f0ddc781eaeb65f7a342ec7375d	18143	4	ECO_FROZEN	/home/hphung/ce25_scratch2/Claude_DeepRL_Population_Models/real_ecology_runs/ricker_only_plus_72_20260720/runtime_snapshot_routing_fix/docs/history/SPEC_documentation_bundle_2026-07-10.md
43efe9653d0f8b54384e9e53f4d3675d6fc44f0ddc781eaeb65f7a342ec7375d	18143	4	MAIN	/home/hphung/ce25_scratch2/Claude_DeepRL_Population_Models/docs/history/SPEC_documentation_bundle_2026-07-10.md
43efe9653d0f8b54384e9e53f4d3675d6fc44f0ddc781eaeb65f7a342ec7375d	18143	4	MAIN	/home/hphung/ce25_scratch2/Claude_DeepRL_Population_Models/real_ecology_runs/adapted_32cell_diagnostic_pending/code/docs/history/SPEC_documentation_bundle_2026-07-10.md
43efe9653d0f8b54384e9e53f4d3675d6fc44f0ddc781eaeb65f7a342ec7375d	18143	4	MAIN	/home/hphung/ce25_scratch2/Claude_DeepRL_Population_Models/real_ecology_runs/ricker_only_plus_72_20260720/runtime_snapshot/docs/history/SPEC_documentation_bundle_2026-07-10.md
44d97589c14c352e0011e1f135d4c28a7ebf4e5a2fb7ed0916ee0ec7c0de88a0	2587	4	ECO_FROZEN	/home/hphung/ce25_scratch2/Claude_DeepRL_Population_Models/real_ecology_runs/ricker_only_plus_72_20260720/runtime_snapshot_routing_fix/docs/history/methods.md
44d97589c14c352e0011e1f135d4c28a7ebf4e5a2fb7ed0916ee0ec7c0de88a0	2587	4	MAIN	/home/hphung/ce25_scratch2/Claude_DeepRL_Population_Models/docs/history/methods.md
44d97589c14c352e0011e1f135d4c28a7ebf4e5a2fb7ed0916ee0ec7c0de88a0	2587	4	MAIN	/home/hphung/ce25_scratch2/Claude_DeepRL_Population_Models/real_ecology_runs/adapted_32cell_diagnostic_pending/code/docs/history/methods.md
44d97589c14c352e0011e1f135d4c28a7ebf4e5a2fb7ed0916ee0ec7c0de88a0	2587	4	MAIN	/home/hphung/ce25_scratch2/Claude_DeepRL_Population_Models/real_ecology_runs/ricker_only_plus_72_20260720/runtime_snapshot/docs/history/methods.md
47e06c0791c50a0167fa683af40ad009bd601d018cd9d6fadf0abdb2f37e1031	45794	4	ECO_FROZEN	/home/hphung/ce25_scratch2/Claude_DeepRL_Population_Models/real_ecology_runs/ricker_only_plus_72_20260720/runtime_snapshot_routing_fix/docs/history/stress_pomdp_116_continuous_successor_handoff.md
47e06c0791c50a0167fa683af40ad009bd601d018cd9d6fadf0abdb2f37e1031	45794	4	MAIN	/home/hphung/ce25_scratch2/Claude_DeepRL_Population_Models/docs/history/stress_pomdp_116_continuous_successor_handoff.md
47e06c0791c50a0167fa683af40ad009bd601d018cd9d6fadf0abdb2f37e1031	45794	4	MAIN	/home/hphung/ce25_scratch2/Claude_DeepRL_Population_Models/real_ecology_runs/adapted_32cell_diagnostic_pending/code/docs/history/stress_pomdp_116_continuous_successor_handoff.md
47e06c0791c50a0167fa683af40ad009bd601d018cd9d6fadf0abdb2f37e1031	45794	4	MAIN	/home/hphung/ce25_scratch2/Claude_DeepRL_Population_Models/real_ecology_runs/ricker_only_plus_72_20260720/runtime_snapshot/docs/history/stress_pomdp_116_continuous_successor_handoff.md
487e8100bed5db1ee000ce5d760b2a528a9e2803533e8accd3dae04a42bd56ca	19988	4	ECO_FROZEN	/home/hphung/ce25_scratch2/Claude_DeepRL_Population_Models/real_ecology_runs/ricker_only_plus_72_20260720/runtime_snapshot_routing_fix/docs/history/codex_claude_conversation_md/claude_audit_22_6_tier2_continuous_implementation.md
487e8100bed5db1ee000ce5d760b2a528a9e2803533e8accd3dae04a42bd56ca	19988	4	MAIN	/home/hphung/ce25_scratch2/Claude_DeepRL_Population_Models/docs/history/codex_claude_conversation_md/claude_audit_22_6_tier2_continuous_implementation.md
487e8100bed5db1ee000ce5d760b2a528a9e2803533e8accd3dae04a42bd56ca	19988	4	MAIN	/home/hphung/ce25_scratch2/Claude_DeepRL_Population_Models/real_ecology_runs/adapted_32cell_diagnostic_pending/code/docs/history/codex_claude_conversation_md/claude_audit_22_6_tier2_continuous_implementation.md
487e8100bed5db1ee000ce5d760b2a528a9e2803533e8accd3dae04a42bd56ca	19988	4	MAIN	/home/hphung/ce25_scratch2/Claude_DeepRL_Population_Models/real_ecology_runs/ricker_only_plus_72_20260720/runtime_snapshot/docs/history/codex_claude_conversation_md/claude_audit_22_6_tier2_continuous_implementation.md
4975a3ef25f071ef5166118c13be4374d0625b3ccc89f23deca97972211dfdc2	16693	4	ECO_FROZEN	/home/hphung/ce25_scratch2/Claude_DeepRL_Population_Models/real_ecology_runs/ricker_only_plus_72_20260720/runtime_snapshot_routing_fix/docs/history/latex_files_reports/problem_setting.tex
4975a3ef25f071ef5166118c13be4374d0625b3ccc89f23deca97972211dfdc2	16693	4	MAIN	/home/hphung/ce25_scratch2/Claude_DeepRL_Population_Models/docs/history/latex_files_reports/problem_setting.tex
4975a3ef25f071ef5166118c13be4374d0625b3ccc89f23deca97972211dfdc2	16693	4	MAIN	/home/hphung/ce25_scratch2/Claude_DeepRL_Population_Models/real_ecology_runs/adapted_32cell_diagnostic_pending/code/docs/history/latex_files_reports/problem_setting.tex
4975a3ef25f071ef5166118c13be4374d0625b3ccc89f23deca97972211dfdc2	16693	4	MAIN	/home/hphung/ce25_scratch2/Claude_DeepRL_Population_Models/real_ecology_runs/ricker_only_plus_72_20260720/runtime_snapshot/docs/history/latex_files_reports/problem_setting.tex
4b30d15b8a7da20a643a4d9d72531e67448b794f77726eb9bb3185dd473309f6	4234	4	ECO_FROZEN	/home/hphung/ce25_scratch2/Claude_DeepRL_Population_Models/real_ecology_runs/ricker_only_plus_72_20260720/runtime_snapshot_routing_fix/docs/benchmark/05_implementation_and_code_map.md
4b30d15b8a7da20a643a4d9d72531e67448b794f77726eb9bb3185dd473309f6	4234	4	MAIN	/home/hphung/ce25_scratch2/Claude_DeepRL_Population_Models/docs/benchmark/05_implementation_and_code_map.md
4b30d15b8a7da20a643a4d9d72531e67448b794f77726eb9bb3185dd473309f6	4234	4	MAIN	/home/hphung/ce25_scratch2/Claude_DeepRL_Population_Models/real_ecology_runs/adapted_32cell_diagnostic_pending/code/docs/benchmark/05_implementation_and_code_map.md
4b30d15b8a7da20a643a4d9d72531e67448b794f77726eb9bb3185dd473309f6	4234	4	MAIN	/home/hphung/ce25_scratch2/Claude_DeepRL_Population_Models/real_ecology_runs/ricker_only_plus_72_20260720/runtime_snapshot/docs/benchmark/05_implementation_and_code_map.md
4d267b99e0cf6422db9f8f70b4f32cee65167d43762f9243729c9ef8fb9219f6	25152	4	ECO_FROZEN	/home/hphung/ce25_scratch2/Claude_DeepRL_Population_Models/real_ecology_runs/ricker_only_plus_72_20260720/runtime_snapshot_routing_fix/docs/claude_build_report/latex/main.tex
4d267b99e0cf6422db9f8f70b4f32cee65167d43762f9243729c9ef8fb9219f6	25152	4	MAIN	/home/hphung/ce25_scratch2/Claude_DeepRL_Population_Models/docs/claude_build_report/latex/main.tex
4d267b99e0cf6422db9f8f70b4f32cee65167d43762f9243729c9ef8fb9219f6	25152	4	MAIN	/home/hphung/ce25_scratch2/Claude_DeepRL_Population_Models/real_ecology_runs/adapted_32cell_diagnostic_pending/code/docs/claude_build_report/latex/main.tex
4d267b99e0cf6422db9f8f70b4f32cee65167d43762f9243729c9ef8fb9219f6	25152	4	MAIN	/home/hphung/ce25_scratch2/Claude_DeepRL_Population_Models/real_ecology_runs/ricker_only_plus_72_20260720/runtime_snapshot/docs/claude_build_report/latex/main.tex
4f6671d1077c31f686cab54b825c67d7e15cec71dee16d2f1cd23229dde22865	13425	4	ECO_FROZEN	/home/hphung/ce25_scratch2/Claude_DeepRL_Population_Models/real_ecology_runs/ricker_only_plus_72_20260720/runtime_snapshot_routing_fix/docs/fix_implement_ecology_baseline/DECISIONS_FOR_CORRECTED_PLUS_MOOR_PLAN.md
4f6671d1077c31f686cab54b825c67d7e15cec71dee16d2f1cd23229dde22865	13425	4	MAIN	/home/hphung/ce25_scratch2/Claude_DeepRL_Population_Models/docs/fix_implement_ecology_baseline/DECISIONS_FOR_CORRECTED_PLUS_MOOR_PLAN.md
4f6671d1077c31f686cab54b825c67d7e15cec71dee16d2f1cd23229dde22865	13425	4	MAIN	/home/hphung/ce25_scratch2/Claude_DeepRL_Population_Models/real_ecology_runs/adapted_32cell_diagnostic_pending/code/docs/fix_implement_ecology_baseline/DECISIONS_FOR_CORRECTED_PLUS_MOOR_PLAN.md
4f6671d1077c31f686cab54b825c67d7e15cec71dee16d2f1cd23229dde22865	13425	4	MAIN	/home/hphung/ce25_scratch2/Claude_DeepRL_Population_Models/real_ecology_runs/ricker_only_plus_72_20260720/runtime_snapshot/docs/fix_implement_ecology_baseline/DECISIONS_FOR_CORRECTED_PLUS_MOOR_PLAN.md
532a16db8681eeee78db2260f64dc9cb9085d9aad6af21ec70b907aace80e713	12061	4	ECO_FROZEN	/home/hphung/ce25_scratch2/Claude_DeepRL_Population_Models/real_ecology_runs/ricker_only_plus_72_20260720/runtime_snapshot_routing_fix/docs/history/HANDOFF_claude_build_removal_and_open_issues_2026-07-09.md
532a16db8681eeee78db2260f64dc9cb9085d9aad6af21ec70b907aace80e713	12061	4	MAIN	/home/hphung/ce25_scratch2/Claude_DeepRL_Population_Models/docs/history/HANDOFF_claude_build_removal_and_open_issues_2026-07-09.md
532a16db8681eeee78db2260f64dc9cb9085d9aad6af21ec70b907aace80e713	12061	4	MAIN	/home/hphung/ce25_scratch2/Claude_DeepRL_Population_Models/real_ecology_runs/adapted_32cell_diagnostic_pending/code/docs/history/HANDOFF_claude_build_removal_and_open_issues_2026-07-09.md
532a16db8681eeee78db2260f64dc9cb9085d9aad6af21ec70b907aace80e713	12061	4	MAIN	/home/hphung/ce25_scratch2/Claude_DeepRL_Population_Models/real_ecology_runs/ricker_only_plus_72_20260720/runtime_snapshot/docs/history/HANDOFF_claude_build_removal_and_open_issues_2026-07-09.md
540dda143a562936d9a8b8600e3bb747581cce31944ad682022de9032b8d3a35	16785	4	ECO_FROZEN	/home/hphung/ce25_scratch2/Claude_DeepRL_Population_Models/real_ecology_runs/ricker_only_plus_72_20260720/runtime_snapshot_routing_fix/docs/history/add_baseline_md/add_bamcts_to_stress116_flow.md
540dda143a562936d9a8b8600e3bb747581cce31944ad682022de9032b8d3a35	16785	4	MAIN	/home/hphung/ce25_scratch2/Claude_DeepRL_Population_Models/docs/history/add_baseline_md/add_bamcts_to_stress116_flow.md
540dda143a562936d9a8b8600e3bb747581cce31944ad682022de9032b8d3a35	16785	4	MAIN	/home/hphung/ce25_scratch2/Claude_DeepRL_Population_Models/real_ecology_runs/adapted_32cell_diagnostic_pending/code/docs/history/add_baseline_md/add_bamcts_to_stress116_flow.md
540dda143a562936d9a8b8600e3bb747581cce31944ad682022de9032b8d3a35	16785	4	MAIN	/home/hphung/ce25_scratch2/Claude_DeepRL_Population_Models/real_ecology_runs/ricker_only_plus_72_20260720/runtime_snapshot/docs/history/add_baseline_md/add_bamcts_to_stress116_flow.md
566df9359593a8b5d040955d6479e73bdaf408b8e3362c659f581307e6e3f463	24533	4	ECO_FROZEN	/home/hphung/ce25_scratch2/Claude_DeepRL_Population_Models/real_ecology_runs/ricker_only_plus_72_20260720/runtime_snapshot_routing_fix/docs/history/AUDIT_documentation_bundle_plan_2026-07-10.md
566df9359593a8b5d040955d6479e73bdaf408b8e3362c659f581307e6e3f463	24533	4	MAIN	/home/hphung/ce25_scratch2/Claude_DeepRL_Population_Models/docs/history/AUDIT_documentation_bundle_plan_2026-07-10.md
566df9359593a8b5d040955d6479e73bdaf408b8e3362c659f581307e6e3f463	24533	4	MAIN	/home/hphung/ce25_scratch2/Claude_DeepRL_Population_Models/real_ecology_runs/adapted_32cell_diagnostic_pending/code/docs/history/AUDIT_documentation_bundle_plan_2026-07-10.md
566df9359593a8b5d040955d6479e73bdaf408b8e3362c659f581307e6e3f463	24533	4	MAIN	/home/hphung/ce25_scratch2/Claude_DeepRL_Population_Models/real_ecology_runs/ricker_only_plus_72_20260720/runtime_snapshot/docs/history/AUDIT_documentation_bundle_plan_2026-07-10.md
5675c29b4e7e215623fe595f9b5c146ab398ed871564db3aaad75bf1aa2ab2e0	2304	4	ECO_FROZEN	/home/hphung/ce25_scratch2/Claude_DeepRL_Population_Models/real_ecology_runs/ricker_only_plus_72_20260720/runtime_snapshot_routing_fix/baseline_original/python_port/src/simulations/read_policyx.py
5675c29b4e7e215623fe595f9b5c146ab398ed871564db3aaad75bf1aa2ab2e0	2304	4	MAIN	/home/hphung/ce25_scratch2/Claude_DeepRL_Population_Models/baseline_original/python_port/src/simulations/read_policyx.py
5675c29b4e7e215623fe595f9b5c146ab398ed871564db3aaad75bf1aa2ab2e0	2304	4	MAIN	/home/hphung/ce25_scratch2/Claude_DeepRL_Population_Models/real_ecology_runs/adapted_32cell_diagnostic_pending/code/baseline_original/python_port/src/simulations/read_policyx.py
5675c29b4e7e215623fe595f9b5c146ab398ed871564db3aaad75bf1aa2ab2e0	2304	4	MAIN	/home/hphung/ce25_scratch2/Claude_DeepRL_Population_Models/real_ecology_runs/ricker_only_plus_72_20260720/runtime_snapshot/baseline_original/python_port/src/simulations/read_policyx.py
57837022115e097ea2483912299f2085e0a3dc3d66e1172e1617435efd3ebc67	13038	4	ECO_FROZEN	/home/hphung/ce25_scratch2/Claude_DeepRL_Population_Models/real_ecology_runs/ricker_only_plus_72_20260720/runtime_snapshot_routing_fix/docs/history/codex_claude_conversation_md/codex_chat_handoff_phase116_future_tasks.md
57837022115e097ea2483912299f2085e0a3dc3d66e1172e1617435efd3ebc67	13038	4	MAIN	/home/hphung/ce25_scratch2/Claude_DeepRL_Population_Models/docs/history/codex_claude_conversation_md/codex_chat_handoff_phase116_future_tasks.md
57837022115e097ea2483912299f2085e0a3dc3d66e1172e1617435efd3ebc67	13038	4	MAIN	/home/hphung/ce25_scratch2/Claude_DeepRL_Population_Models/real_ecology_runs/adapted_32cell_diagnostic_pending/code/docs/history/codex_claude_conversation_md/codex_chat_handoff_phase116_future_tasks.md
57837022115e097ea2483912299f2085e0a3dc3d66e1172e1617435efd3ebc67	13038	4	MAIN	/home/hphung/ce25_scratch2/Claude_DeepRL_Population_Models/real_ecology_runs/ricker_only_plus_72_20260720/runtime_snapshot/docs/history/codex_claude_conversation_md/codex_chat_handoff_phase116_future_tasks.md
57e5cb88c6d9bf655a593e325c0f2ce1469b64fce718d549849a77532744190f	10283	4	ECO_FROZEN	/home/hphung/ce25_scratch2/Claude_DeepRL_Population_Models/real_ecology_runs/ricker_only_plus_72_20260720/runtime_snapshot_routing_fix/docs/history/codex_claude_conversation_md/codex_116_full_benchmark_run_status.md
57e5cb88c6d9bf655a593e325c0f2ce1469b64fce718d549849a77532744190f	10283	4	MAIN	/home/hphung/ce25_scratch2/Claude_DeepRL_Population_Models/docs/history/codex_claude_conversation_md/codex_116_full_benchmark_run_status.md
57e5cb88c6d9bf655a593e325c0f2ce1469b64fce718d549849a77532744190f	10283	4	MAIN	/home/hphung/ce25_scratch2/Claude_DeepRL_Population_Models/real_ecology_runs/adapted_32cell_diagnostic_pending/code/docs/history/codex_claude_conversation_md/codex_116_full_benchmark_run_status.md
57e5cb88c6d9bf655a593e325c0f2ce1469b64fce718d549849a77532744190f	10283	4	MAIN	/home/hphung/ce25_scratch2/Claude_DeepRL_Population_Models/real_ecology_runs/ricker_only_plus_72_20260720/runtime_snapshot/docs/history/codex_claude_conversation_md/codex_116_full_benchmark_run_status.md
582c8d75da2926d742de2e9e930ac53bed7941f4e0ff09e1e9ce225ff0657cc6	5444	4	ECO_FROZEN	/home/hphung/ce25_scratch2/Claude_DeepRL_Population_Models/real_ecology_runs/ricker_only_plus_72_20260720/runtime_snapshot_routing_fix/docs/history/system_prompt.md
582c8d75da2926d742de2e9e930ac53bed7941f4e0ff09e1e9ce225ff0657cc6	5444	4	MAIN	/home/hphung/ce25_scratch2/Claude_DeepRL_Population_Models/docs/history/system_prompt.md
582c8d75da2926d742de2e9e930ac53bed7941f4e0ff09e1e9ce225ff0657cc6	5444	4	MAIN	/home/hphung/ce25_scratch2/Claude_DeepRL_Population_Models/real_ecology_runs/adapted_32cell_diagnostic_pending/code/docs/history/system_prompt.md
582c8d75da2926d742de2e9e930ac53bed7941f4e0ff09e1e9ce225ff0657cc6	5444	4	MAIN	/home/hphung/ce25_scratch2/Claude_DeepRL_Population_Models/real_ecology_runs/ricker_only_plus_72_20260720/runtime_snapshot/docs/history/system_prompt.md
587f8b89fdf0cbf5970b00bdf17838238557084b2aeb5d221a6d7e153da52c52	4391	4	ECO_FROZEN	/home/hphung/ce25_scratch2/Claude_DeepRL_Population_Models/real_ecology_runs/ricker_only_plus_72_20260720/runtime_snapshot_routing_fix/baseline_original/python_port/src/building hmMDP/generate_pomdpx.py
587f8b89fdf0cbf5970b00bdf17838238557084b2aeb5d221a6d7e153da52c52	4391	4	MAIN	/home/hphung/ce25_scratch2/Claude_DeepRL_Population_Models/baseline_original/python_port/src/building hmMDP/generate_pomdpx.py
587f8b89fdf0cbf5970b00bdf17838238557084b2aeb5d221a6d7e153da52c52	4391	4	MAIN	/home/hphung/ce25_scratch2/Claude_DeepRL_Population_Models/real_ecology_runs/adapted_32cell_diagnostic_pending/code/baseline_original/python_port/src/building hmMDP/generate_pomdpx.py
587f8b89fdf0cbf5970b00bdf17838238557084b2aeb5d221a6d7e153da52c52	4391	4	MAIN	/home/hphung/ce25_scratch2/Claude_DeepRL_Population_Models/real_ecology_runs/ricker_only_plus_72_20260720/runtime_snapshot/baseline_original/python_port/src/building hmMDP/generate_pomdpx.py
59bc4f9e755e0d72bbdc1977e9282be0a2d1ff34f05f6c20fca0afafbc960423	14064	4	ECO_FROZEN	/home/hphung/ce25_scratch2/Claude_DeepRL_Population_Models/real_ecology_runs/ricker_only_plus_72_20260720/runtime_snapshot_routing_fix/docs/fix_implement_ecology_baseline/REVIEW_PROVISIONAL_PAPER_ALIGNED_PLUS_MOOR_IMPLEMENTATION.md
59bc4f9e755e0d72bbdc1977e9282be0a2d1ff34f05f6c20fca0afafbc960423	14064	4	MAIN	/home/hphung/ce25_scratch2/Claude_DeepRL_Population_Models/docs/fix_implement_ecology_baseline/REVIEW_PROVISIONAL_PAPER_ALIGNED_PLUS_MOOR_IMPLEMENTATION.md
59bc4f9e755e0d72bbdc1977e9282be0a2d1ff34f05f6c20fca0afafbc960423	14064	4	MAIN	/home/hphung/ce25_scratch2/Claude_DeepRL_Population_Models/real_ecology_runs/adapted_32cell_diagnostic_pending/code/docs/fix_implement_ecology_baseline/REVIEW_PROVISIONAL_PAPER_ALIGNED_PLUS_MOOR_IMPLEMENTATION.md
59bc4f9e755e0d72bbdc1977e9282be0a2d1ff34f05f6c20fca0afafbc960423	14064	4	MAIN	/home/hphung/ce25_scratch2/Claude_DeepRL_Population_Models/real_ecology_runs/ricker_only_plus_72_20260720/runtime_snapshot/docs/fix_implement_ecology_baseline/REVIEW_PROVISIONAL_PAPER_ALIGNED_PLUS_MOOR_IMPLEMENTATION.md
5a7003c468872380dbec35bf640caaff80f8a160e1b255d3ff75d4de37aa69b8	17208	4	ECO_FROZEN	/home/hphung/ce25_scratch2/Claude_DeepRL_Population_Models/real_ecology_runs/ricker_only_plus_72_20260720/runtime_snapshot_routing_fix/docs/history/PLAN_single_real_data_repo_with_dummy_setpoint_REVISED_2026-07-09.md
5a7003c468872380dbec35bf640caaff80f8a160e1b255d3ff75d4de37aa69b8	17208	4	MAIN	/home/hphung/ce25_scratch2/Claude_DeepRL_Population_Models/docs/history/PLAN_single_real_data_repo_with_dummy_setpoint_REVISED_2026-07-09.md
5a7003c468872380dbec35bf640caaff80f8a160e1b255d3ff75d4de37aa69b8	17208	4	MAIN	/home/hphung/ce25_scratch2/Claude_DeepRL_Population_Models/real_ecology_runs/adapted_32cell_diagnostic_pending/code/docs/history/PLAN_single_real_data_repo_with_dummy_setpoint_REVISED_2026-07-09.md
5a7003c468872380dbec35bf640caaff80f8a160e1b255d3ff75d4de37aa69b8	17208	4	MAIN	/home/hphung/ce25_scratch2/Claude_DeepRL_Population_Models/real_ecology_runs/ricker_only_plus_72_20260720/runtime_snapshot/docs/history/PLAN_single_real_data_repo_with_dummy_setpoint_REVISED_2026-07-09.md
5b5919d80a6d345b598d72a0ec2bfe1560c612b39de2c177e0437fe970f1a838	822	4	ECO_FROZEN	/home/hphung/ce25_scratch2/Claude_DeepRL_Population_Models/real_ecology_runs/ricker_only_plus_72_20260720/runtime_snapshot_routing_fix/docs/README.md
5b5919d80a6d345b598d72a0ec2bfe1560c612b39de2c177e0437fe970f1a838	822	4	MAIN	/home/hphung/ce25_scratch2/Claude_DeepRL_Population_Models/docs/README.md
5b5919d80a6d345b598d72a0ec2bfe1560c612b39de2c177e0437fe970f1a838	822	4	MAIN	/home/hphung/ce25_scratch2/Claude_DeepRL_Population_Models/real_ecology_runs/adapted_32cell_diagnostic_pending/code/docs/README.md
5b5919d80a6d345b598d72a0ec2bfe1560c612b39de2c177e0437fe970f1a838	822	4	MAIN	/home/hphung/ce25_scratch2/Claude_DeepRL_Population_Models/real_ecology_runs/ricker_only_plus_72_20260720/runtime_snapshot/docs/README.md
5c344ec779d1f92a58a962d2a4d786d27180cc200cff38c8af2b3a349da38178	914	4	ECO_FROZEN	/home/hphung/ce25_scratch2/Claude_DeepRL_Population_Models/real_ecology_runs/ricker_only_plus_72_20260720/runtime_snapshot_routing_fix/baseline_original/python_port/scripts/run_python_benchmarks.sh
5c344ec779d1f92a58a962d2a4d786d27180cc200cff38c8af2b3a349da38178	914	4	MAIN	/home/hphung/ce25_scratch2/Claude_DeepRL_Population_Models/baseline_original/python_port/scripts/run_python_benchmarks.sh
5c344ec779d1f92a58a962d2a4d786d27180cc200cff38c8af2b3a349da38178	914	4	MAIN	/home/hphung/ce25_scratch2/Claude_DeepRL_Population_Models/real_ecology_runs/adapted_32cell_diagnostic_pending/code/baseline_original/python_port/scripts/run_python_benchmarks.sh
5c344ec779d1f92a58a962d2a4d786d27180cc200cff38c8af2b3a349da38178	914	4	MAIN	/home/hphung/ce25_scratch2/Claude_DeepRL_Population_Models/real_ecology_runs/ricker_only_plus_72_20260720/runtime_snapshot/baseline_original/python_port/scripts/run_python_benchmarks.sh
5d126869247d3d9733e6483d35faa1ef444e6c8d77939984acaaeb1fcf741238	7143	4	ECO_FROZEN	/home/hphung/ce25_scratch2/Claude_DeepRL_Population_Models/real_ecology_runs/ricker_only_plus_72_20260720/runtime_snapshot_routing_fix/docs/history/phase116_final_report.tex
5d126869247d3d9733e6483d35faa1ef444e6c8d77939984acaaeb1fcf741238	7143	4	MAIN	/home/hphung/ce25_scratch2/Claude_DeepRL_Population_Models/docs/history/phase116_final_report.tex
5d126869247d3d9733e6483d35faa1ef444e6c8d77939984acaaeb1fcf741238	7143	4	MAIN	/home/hphung/ce25_scratch2/Claude_DeepRL_Population_Models/real_ecology_runs/adapted_32cell_diagnostic_pending/code/docs/history/phase116_final_report.tex
5d126869247d3d9733e6483d35faa1ef444e6c8d77939984acaaeb1fcf741238	7143	4	MAIN	/home/hphung/ce25_scratch2/Claude_DeepRL_Population_Models/real_ecology_runs/ricker_only_plus_72_20260720/runtime_snapshot/docs/history/phase116_final_report.tex
5e2ed3af3e39040082910befe9fea162e4b6ce2e736ec54d6e9592f5a29be140	6813	4	ECO_FROZEN	/home/hphung/ce25_scratch2/Claude_DeepRL_Population_Models/real_ecology_runs/ricker_only_plus_72_20260720/runtime_snapshot_routing_fix/docs/history/add_baseline_md/add_baseline.md
5e2ed3af3e39040082910befe9fea162e4b6ce2e736ec54d6e9592f5a29be140	6813	4	MAIN	/home/hphung/ce25_scratch2/Claude_DeepRL_Population_Models/docs/history/add_baseline_md/add_baseline.md
5e2ed3af3e39040082910befe9fea162e4b6ce2e736ec54d6e9592f5a29be140	6813	4	MAIN	/home/hphung/ce25_scratch2/Claude_DeepRL_Population_Models/real_ecology_runs/adapted_32cell_diagnostic_pending/code/docs/history/add_baseline_md/add_baseline.md
5e2ed3af3e39040082910befe9fea162e4b6ce2e736ec54d6e9592f5a29be140	6813	4	MAIN	/home/hphung/ce25_scratch2/Claude_DeepRL_Population_Models/real_ecology_runs/ricker_only_plus_72_20260720/runtime_snapshot/docs/history/add_baseline_md/add_baseline.md
65366058a561930d5d4e07fdf538682a4af00573c93c0943965d62bb6212ee53	236	4	ECO_FROZEN	/home/hphung/ce25_scratch2/Claude_DeepRL_Population_Models/real_ecology_runs/ricker_only_plus_72_20260720/runtime_snapshot_routing_fix/baseline_original/python_port/src/Dirichlet solver/main.py
65366058a561930d5d4e07fdf538682a4af00573c93c0943965d62bb6212ee53	236	4	MAIN	/home/hphung/ce25_scratch2/Claude_DeepRL_Population_Models/baseline_original/python_port/src/Dirichlet solver/main.py
65366058a561930d5d4e07fdf538682a4af00573c93c0943965d62bb6212ee53	236	4	MAIN	/home/hphung/ce25_scratch2/Claude_DeepRL_Population_Models/real_ecology_runs/adapted_32cell_diagnostic_pending/code/baseline_original/python_port/src/Dirichlet solver/main.py
65366058a561930d5d4e07fdf538682a4af00573c93c0943965d62bb6212ee53	236	4	MAIN	/home/hphung/ce25_scratch2/Claude_DeepRL_Population_Models/real_ecology_runs/ricker_only_plus_72_20260720/runtime_snapshot/baseline_original/python_port/src/Dirichlet solver/main.py
659ac4a43d963f8ea777bb216ab25592b92679d370d308084d9935360ef8b541	857	4	ECO_FROZEN	/home/hphung/ce25_scratch2/Claude_DeepRL_Population_Models/real_ecology_runs/ricker_only_plus_72_20260720/runtime_snapshot_routing_fix/baseline_original/python_port/data/examples2states4actions.py
659ac4a43d963f8ea777bb216ab25592b92679d370d308084d9935360ef8b541	857	4	MAIN	/home/hphung/ce25_scratch2/Claude_DeepRL_Population_Models/baseline_original/python_port/data/examples2states4actions.py
659ac4a43d963f8ea777bb216ab25592b92679d370d308084d9935360ef8b541	857	4	MAIN	/home/hphung/ce25_scratch2/Claude_DeepRL_Population_Models/real_ecology_runs/adapted_32cell_diagnostic_pending/code/baseline_original/python_port/data/examples2states4actions.py
659ac4a43d963f8ea777bb216ab25592b92679d370d308084d9935360ef8b541	857	4	MAIN	/home/hphung/ce25_scratch2/Claude_DeepRL_Population_Models/real_ecology_runs/ricker_only_plus_72_20260720/runtime_snapshot/baseline_original/python_port/data/examples2states4actions.py
6606a6f1c9ca82113089fe301a2071436eb0b90ea20ebb569eb5df55981025b5	12023	4	ECO_FROZEN	/home/hphung/ce25_scratch2/Claude_DeepRL_Population_Models/real_ecology_runs/ricker_only_plus_72_20260720/runtime_snapshot_routing_fix/docs/benchmark/04_algorithm_adaptations_and_claims.tex
6606a6f1c9ca82113089fe301a2071436eb0b90ea20ebb569eb5df55981025b5	12023	4	MAIN	/home/hphung/ce25_scratch2/Claude_DeepRL_Population_Models/docs/benchmark/04_algorithm_adaptations_and_claims.tex
6606a6f1c9ca82113089fe301a2071436eb0b90ea20ebb569eb5df55981025b5	12023	4	MAIN	/home/hphung/ce25_scratch2/Claude_DeepRL_Population_Models/real_ecology_runs/adapted_32cell_diagnostic_pending/code/docs/benchmark/04_algorithm_adaptations_and_claims.tex
6606a6f1c9ca82113089fe301a2071436eb0b90ea20ebb569eb5df55981025b5	12023	4	MAIN	/home/hphung/ce25_scratch2/Claude_DeepRL_Population_Models/real_ecology_runs/ricker_only_plus_72_20260720/runtime_snapshot/docs/benchmark/04_algorithm_adaptations_and_claims.tex
6c0cf9088a54e41b04a3f53fef768a9edc5c122136f990faf4f11e43998b59c7	3342	4	GENERAL_FROZEN	/home/hphung/ce25_scratch2/general_rl_phase2_iso/real_ecology_runs/general_phase2e_full_sigma01_02_20260720_v1/code/scripts/run_adapted_fit_row.py
6c0cf9088a54e41b04a3f53fef768a9edc5c122136f990faf4f11e43998b59c7	3342	4	MAIN	/home/hphung/ce25_scratch2/Claude_DeepRL_Population_Models/real_ecology_runs/adapted_32cell_diagnostic_pending/code/scripts/run_adapted_fit_row.py
6c0cf9088a54e41b04a3f53fef768a9edc5c122136f990faf4f11e43998b59c7	3342	4	MAIN	/home/hphung/ce25_scratch2/Claude_DeepRL_Population_Models/real_ecology_runs/adapted_plus_moor_corrected_canary_20260717_v1/code/scripts/run_adapted_fit_row.py
6c0cf9088a54e41b04a3f53fef768a9edc5c122136f990faf4f11e43998b59c7	3342	4	MAIN	/home/hphung/ce25_scratch2/Claude_DeepRL_Population_Models/scripts/run_adapted_fit_row.py
6e262e31060d82f794c86960b70bbe03b8460b5f91e14f2ae337872dad3670c3	5130	4	ECO_FROZEN	/home/hphung/ce25_scratch2/Claude_DeepRL_Population_Models/real_ecology_runs/ricker_only_plus_72_20260720/runtime_snapshot_routing_fix/tests/synthetic/test_methods.py
6e262e31060d82f794c86960b70bbe03b8460b5f91e14f2ae337872dad3670c3	5130	4	MAIN	/home/hphung/ce25_scratch2/Claude_DeepRL_Population_Models/real_ecology_runs/adapted_32cell_diagnostic_pending/code/tests/synthetic/test_methods.py
6e262e31060d82f794c86960b70bbe03b8460b5f91e14f2ae337872dad3670c3	5130	4	MAIN	/home/hphung/ce25_scratch2/Claude_DeepRL_Population_Models/real_ecology_runs/ricker_only_plus_72_20260720/runtime_snapshot/tests/synthetic/test_methods.py
6e262e31060d82f794c86960b70bbe03b8460b5f91e14f2ae337872dad3670c3	5130	4	MAIN	/home/hphung/ce25_scratch2/Claude_DeepRL_Population_Models/tests/synthetic/test_methods.py
6ec45e4f331a39c76b249089723550408f88730346ad1cce4e51d8735a511b0c	6473	4	ECO_FROZEN	/home/hphung/ce25_scratch2/Claude_DeepRL_Population_Models/real_ecology_runs/ricker_only_plus_72_20260720/runtime_snapshot_routing_fix/docs/benchmark/01_problem_setting_and_design.tex
6ec45e4f331a39c76b249089723550408f88730346ad1cce4e51d8735a511b0c	6473	4	MAIN	/home/hphung/ce25_scratch2/Claude_DeepRL_Population_Models/docs/benchmark/01_problem_setting_and_design.tex
6ec45e4f331a39c76b249089723550408f88730346ad1cce4e51d8735a511b0c	6473	4	MAIN	/home/hphung/ce25_scratch2/Claude_DeepRL_Population_Models/real_ecology_runs/adapted_32cell_diagnostic_pending/code/docs/benchmark/01_problem_setting_and_design.tex
6ec45e4f331a39c76b249089723550408f88730346ad1cce4e51d8735a511b0c	6473	4	MAIN	/home/hphung/ce25_scratch2/Claude_DeepRL_Population_Models/real_ecology_runs/ricker_only_plus_72_20260720/runtime_snapshot/docs/benchmark/01_problem_setting_and_design.tex
6f60298bca7070373db40a8913c131efa6af2ab107751d0f0a2ff2a7c0c492fa	2840	4	ECO_FROZEN	/home/hphung/ce25_scratch2/Claude_DeepRL_Population_Models/real_ecology_runs/ricker_only_plus_72_20260720/runtime_snapshot_routing_fix/docs/benchmark/08_limitations_tracker.md
6f60298bca7070373db40a8913c131efa6af2ab107751d0f0a2ff2a7c0c492fa	2840	4	MAIN	/home/hphung/ce25_scratch2/Claude_DeepRL_Population_Models/docs/benchmark/08_limitations_tracker.md
6f60298bca7070373db40a8913c131efa6af2ab107751d0f0a2ff2a7c0c492fa	2840	4	MAIN	/home/hphung/ce25_scratch2/Claude_DeepRL_Population_Models/real_ecology_runs/adapted_32cell_diagnostic_pending/code/docs/benchmark/08_limitations_tracker.md
6f60298bca7070373db40a8913c131efa6af2ab107751d0f0a2ff2a7c0c492fa	2840	4	MAIN	/home/hphung/ce25_scratch2/Claude_DeepRL_Population_Models/real_ecology_runs/ricker_only_plus_72_20260720/runtime_snapshot/docs/benchmark/08_limitations_tracker.md
6ff2abca8841efed814d97c53d0251e8f4750b8c1e9b01f0f38c7368d79ee881	8406	4	ECO_FROZEN	/home/hphung/ce25_scratch2/Claude_DeepRL_Population_Models/real_ecology_runs/ricker_only_plus_72_20260720/runtime_snapshot_routing_fix/docs/fix_implement_ecology_baseline/PHASE2_PROGRESS_paper_aligned_plus_moor.md
6ff2abca8841efed814d97c53d0251e8f4750b8c1e9b01f0f38c7368d79ee881	8406	4	MAIN	/home/hphung/ce25_scratch2/Claude_DeepRL_Population_Models/docs/fix_implement_ecology_baseline/PHASE2_PROGRESS_paper_aligned_plus_moor.md
6ff2abca8841efed814d97c53d0251e8f4750b8c1e9b01f0f38c7368d79ee881	8406	4	MAIN	/home/hphung/ce25_scratch2/Claude_DeepRL_Population_Models/real_ecology_runs/adapted_32cell_diagnostic_pending/code/docs/fix_implement_ecology_baseline/PHASE2_PROGRESS_paper_aligned_plus_moor.md
6ff2abca8841efed814d97c53d0251e8f4750b8c1e9b01f0f38c7368d79ee881	8406	4	MAIN	/home/hphung/ce25_scratch2/Claude_DeepRL_Population_Models/real_ecology_runs/ricker_only_plus_72_20260720/runtime_snapshot/docs/fix_implement_ecology_baseline/PHASE2_PROGRESS_paper_aligned_plus_moor.md
716d965e87de3b88b279b3f1beffec5e361b140cc8e601c5c9c599bdb536bf5c	3934	4	ECO_FROZEN	/home/hphung/ce25_scratch2/Claude_DeepRL_Population_Models/real_ecology_runs/ricker_only_plus_72_20260720/runtime_snapshot_routing_fix/docs/fix_implement_ecology_baseline/archive/CODEX_RESPONSE_TO_CLAUDE_AUDIT_PAPER_FAITHFUL_IMPLEMENTATION_AND_SMOKE.md
716d965e87de3b88b279b3f1beffec5e361b140cc8e601c5c9c599bdb536bf5c	3934	4	MAIN	/home/hphung/ce25_scratch2/Claude_DeepRL_Population_Models/docs/fix_implement_ecology_baseline/archive/CODEX_RESPONSE_TO_CLAUDE_AUDIT_PAPER_FAITHFUL_IMPLEMENTATION_AND_SMOKE.md
716d965e87de3b88b279b3f1beffec5e361b140cc8e601c5c9c599bdb536bf5c	3934	4	MAIN	/home/hphung/ce25_scratch2/Claude_DeepRL_Population_Models/real_ecology_runs/adapted_32cell_diagnostic_pending/code/docs/fix_implement_ecology_baseline/archive/CODEX_RESPONSE_TO_CLAUDE_AUDIT_PAPER_FAITHFUL_IMPLEMENTATION_AND_SMOKE.md
716d965e87de3b88b279b3f1beffec5e361b140cc8e601c5c9c599bdb536bf5c	3934	4	MAIN	/home/hphung/ce25_scratch2/Claude_DeepRL_Population_Models/real_ecology_runs/ricker_only_plus_72_20260720/runtime_snapshot/docs/fix_implement_ecology_baseline/archive/CODEX_RESPONSE_TO_CLAUDE_AUDIT_PAPER_FAITHFUL_IMPLEMENTATION_AND_SMOKE.md
71acdce3f69b4328b0ab0b4dd7393948fa5213691f4313ed483bd4f19f0b8bbf	5682	4	ECO_FROZEN	/home/hphung/ce25_scratch2/Claude_DeepRL_Population_Models/real_ecology_runs/ricker_only_plus_72_20260720/runtime_snapshot_routing_fix/docs/benchmark/02_real_ecology_data_actions_and_costs.tex
71acdce3f69b4328b0ab0b4dd7393948fa5213691f4313ed483bd4f19f0b8bbf	5682	4	MAIN	/home/hphung/ce25_scratch2/Claude_DeepRL_Population_Models/docs/benchmark/02_real_ecology_data_actions_and_costs.tex
71acdce3f69b4328b0ab0b4dd7393948fa5213691f4313ed483bd4f19f0b8bbf	5682	4	MAIN	/home/hphung/ce25_scratch2/Claude_DeepRL_Population_Models/real_ecology_runs/adapted_32cell_diagnostic_pending/code/docs/benchmark/02_real_ecology_data_actions_and_costs.tex
71acdce3f69b4328b0ab0b4dd7393948fa5213691f4313ed483bd4f19f0b8bbf	5682	4	MAIN	/home/hphung/ce25_scratch2/Claude_DeepRL_Population_Models/real_ecology_runs/ricker_only_plus_72_20260720/runtime_snapshot/docs/benchmark/02_real_ecology_data_actions_and_costs.tex
73bcf7797893582cd551270012837063a2c24afe69d2e17d04d946db3232c0ec	1213	4	ECO_FROZEN	/home/hphung/ce25_scratch2/Claude_DeepRL_Population_Models/real_ecology_runs/ricker_only_plus_72_20260720/runtime_snapshot_routing_fix/docs/benchmark/figures/motivation_native/FIGURE_MANIFEST.md
73bcf7797893582cd551270012837063a2c24afe69d2e17d04d946db3232c0ec	1213	4	MAIN	/home/hphung/ce25_scratch2/Claude_DeepRL_Population_Models/docs/benchmark/figures/motivation_native/FIGURE_MANIFEST.md
73bcf7797893582cd551270012837063a2c24afe69d2e17d04d946db3232c0ec	1213	4	MAIN	/home/hphung/ce25_scratch2/Claude_DeepRL_Population_Models/real_ecology_runs/adapted_32cell_diagnostic_pending/code/docs/benchmark/figures/motivation_native/FIGURE_MANIFEST.md
73bcf7797893582cd551270012837063a2c24afe69d2e17d04d946db3232c0ec	1213	4	MAIN	/home/hphung/ce25_scratch2/Claude_DeepRL_Population_Models/real_ecology_runs/ricker_only_plus_72_20260720/runtime_snapshot/docs/benchmark/figures/motivation_native/FIGURE_MANIFEST.md
7491661282129f08df2f1b1ff52a37bd76b9abd964624f7e7afedddd8a7acf31	11632	4	ECO_FROZEN	/home/hphung/ce25_scratch2/Claude_DeepRL_Population_Models/real_ecology_runs/ricker_only_plus_72_20260720/runtime_snapshot_routing_fix/docs/history/HANDOFF_promote_benchmark_to_repo_root_2026-07-09.md
7491661282129f08df2f1b1ff52a37bd76b9abd964624f7e7afedddd8a7acf31	11632	4	MAIN	/home/hphung/ce25_scratch2/Claude_DeepRL_Population_Models/docs/history/HANDOFF_promote_benchmark_to_repo_root_2026-07-09.md
7491661282129f08df2f1b1ff52a37bd76b9abd964624f7e7afedddd8a7acf31	11632	4	MAIN	/home/hphung/ce25_scratch2/Claude_DeepRL_Population_Models/real_ecology_runs/adapted_32cell_diagnostic_pending/code/docs/history/HANDOFF_promote_benchmark_to_repo_root_2026-07-09.md
7491661282129f08df2f1b1ff52a37bd76b9abd964624f7e7afedddd8a7acf31	11632	4	MAIN	/home/hphung/ce25_scratch2/Claude_DeepRL_Population_Models/real_ecology_runs/ricker_only_plus_72_20260720/runtime_snapshot/docs/history/HANDOFF_promote_benchmark_to_repo_root_2026-07-09.md
74b2b1f4656796134ee2010a9e893ca17c9c33ed60b616a1327eb34d1cc6b430	5559	4	ECO_FROZEN	/home/hphung/ce25_scratch2/Claude_DeepRL_Population_Models/real_ecology_runs/ricker_only_plus_72_20260720/runtime_snapshot_routing_fix/docs/history/architecture.md
74b2b1f4656796134ee2010a9e893ca17c9c33ed60b616a1327eb34d1cc6b430	5559	4	MAIN	/home/hphung/ce25_scratch2/Claude_DeepRL_Population_Models/docs/history/architecture.md
74b2b1f4656796134ee2010a9e893ca17c9c33ed60b616a1327eb34d1cc6b430	5559	4	MAIN	/home/hphung/ce25_scratch2/Claude_DeepRL_Population_Models/real_ecology_runs/adapted_32cell_diagnostic_pending/code/docs/history/architecture.md
74b2b1f4656796134ee2010a9e893ca17c9c33ed60b616a1327eb34d1cc6b430	5559	4	MAIN	/home/hphung/ce25_scratch2/Claude_DeepRL_Population_Models/real_ecology_runs/ricker_only_plus_72_20260720/runtime_snapshot/docs/history/architecture.md
74dbfba30b5b50585691be743a88fee0eeb9ee903512a7c7db203d33045644f0	7443	4	ECO_FROZEN	/home/hphung/ce25_scratch2/Claude_DeepRL_Population_Models/real_ecology_runs/ricker_only_plus_72_20260720/runtime_snapshot_routing_fix/docs/benchmark/SERVER_RESULTS_general_method_audit.md
74dbfba30b5b50585691be743a88fee0eeb9ee903512a7c7db203d33045644f0	7443	4	MAIN	/home/hphung/ce25_scratch2/Claude_DeepRL_Population_Models/docs/benchmark/SERVER_RESULTS_general_method_audit.md
74dbfba30b5b50585691be743a88fee0eeb9ee903512a7c7db203d33045644f0	7443	4	MAIN	/home/hphung/ce25_scratch2/Claude_DeepRL_Population_Models/real_ecology_runs/adapted_32cell_diagnostic_pending/code/docs/benchmark/SERVER_RESULTS_general_method_audit.md
74dbfba30b5b50585691be743a88fee0eeb9ee903512a7c7db203d33045644f0	7443	4	MAIN	/home/hphung/ce25_scratch2/Claude_DeepRL_Population_Models/real_ecology_runs/ricker_only_plus_72_20260720/runtime_snapshot/docs/benchmark/SERVER_RESULTS_general_method_audit.md
75054b6a08e1008c86b6045ab99add2c8fa571987880951a9929f11ee56a7d64	1057	4	ECO_FROZEN	/home/hphung/ce25_scratch2/Claude_DeepRL_Population_Models/real_ecology_runs/ricker_only_plus_72_20260720/runtime_snapshot_routing_fix/LICENSE
75054b6a08e1008c86b6045ab99add2c8fa571987880951a9929f11ee56a7d64	1057	4	MAIN	/home/hphung/ce25_scratch2/Claude_DeepRL_Population_Models/LICENSE
75054b6a08e1008c86b6045ab99add2c8fa571987880951a9929f11ee56a7d64	1057	4	MAIN	/home/hphung/ce25_scratch2/Claude_DeepRL_Population_Models/real_ecology_runs/adapted_32cell_diagnostic_pending/code/LICENSE
75054b6a08e1008c86b6045ab99add2c8fa571987880951a9929f11ee56a7d64	1057	4	MAIN	/home/hphung/ce25_scratch2/Claude_DeepRL_Population_Models/real_ecology_runs/ricker_only_plus_72_20260720/runtime_snapshot/LICENSE
75d09d1358ee4378315e068e0c433a8d46231bfa959d0f736c85217af10dc230	10692	4	ECO_FROZEN	/home/hphung/ce25_scratch2/Claude_DeepRL_Population_Models/real_ecology_runs/ricker_only_plus_72_20260720/runtime_snapshot_routing_fix/docs/history/HANDOFF_repo_polish_2026-07-09.md
75d09d1358ee4378315e068e0c433a8d46231bfa959d0f736c85217af10dc230	10692	4	MAIN	/home/hphung/ce25_scratch2/Claude_DeepRL_Population_Models/docs/history/HANDOFF_repo_polish_2026-07-09.md
75d09d1358ee4378315e068e0c433a8d46231bfa959d0f736c85217af10dc230	10692	4	MAIN	/home/hphung/ce25_scratch2/Claude_DeepRL_Population_Models/real_ecology_runs/adapted_32cell_diagnostic_pending/code/docs/history/HANDOFF_repo_polish_2026-07-09.md
75d09d1358ee4378315e068e0c433a8d46231bfa959d0f736c85217af10dc230	10692	4	MAIN	/home/hphung/ce25_scratch2/Claude_DeepRL_Population_Models/real_ecology_runs/ricker_only_plus_72_20260720/runtime_snapshot/docs/history/HANDOFF_repo_polish_2026-07-09.md
7600dea9fb56b7528eb6b0e452b0acdef5b44c515c78c9b0038f99117c782897	705	4	ECO_FROZEN	/home/hphung/ce25_scratch2/Claude_DeepRL_Population_Models/real_ecology_runs/ricker_only_plus_72_20260720/runtime_snapshot_routing_fix/baseline_original/python_port/src/simulations/generate_random_mdp.py
7600dea9fb56b7528eb6b0e452b0acdef5b44c515c78c9b0038f99117c782897	705	4	MAIN	/home/hphung/ce25_scratch2/Claude_DeepRL_Population_Models/baseline_original/python_port/src/simulations/generate_random_mdp.py
7600dea9fb56b7528eb6b0e452b0acdef5b44c515c78c9b0038f99117c782897	705	4	MAIN	/home/hphung/ce25_scratch2/Claude_DeepRL_Population_Models/real_ecology_runs/adapted_32cell_diagnostic_pending/code/baseline_original/python_port/src/simulations/generate_random_mdp.py
7600dea9fb56b7528eb6b0e452b0acdef5b44c515c78c9b0038f99117c782897	705	4	MAIN	/home/hphung/ce25_scratch2/Claude_DeepRL_Population_Models/real_ecology_runs/ricker_only_plus_72_20260720/runtime_snapshot/baseline_original/python_port/src/simulations/generate_random_mdp.py
77abbeaa98a0594fbce6298c9cea2e97a158f3440b6ef97ebf4eebe662188f13	16029	4	ECO_FROZEN	/home/hphung/ce25_scratch2/Claude_DeepRL_Population_Models/real_ecology_runs/ricker_only_plus_72_20260720/runtime_snapshot_routing_fix/docs/history/phase116_current_experiment_setting.md
77abbeaa98a0594fbce6298c9cea2e97a158f3440b6ef97ebf4eebe662188f13	16029	4	MAIN	/home/hphung/ce25_scratch2/Claude_DeepRL_Population_Models/docs/history/phase116_current_experiment_setting.md
77abbeaa98a0594fbce6298c9cea2e97a158f3440b6ef97ebf4eebe662188f13	16029	4	MAIN	/home/hphung/ce25_scratch2/Claude_DeepRL_Population_Models/real_ecology_runs/adapted_32cell_diagnostic_pending/code/docs/history/phase116_current_experiment_setting.md
77abbeaa98a0594fbce6298c9cea2e97a158f3440b6ef97ebf4eebe662188f13	16029	4	MAIN	/home/hphung/ce25_scratch2/Claude_DeepRL_Population_Models/real_ecology_runs/ricker_only_plus_72_20260720/runtime_snapshot/docs/history/phase116_current_experiment_setting.md
77b47b75889fe12f82e43c5b4b1ab5e26ceb004f1059ad93da6c5c9f22d546c8	11960	4	ECO_FROZEN	/home/hphung/ce25_scratch2/Claude_DeepRL_Population_Models/real_ecology_runs/ricker_only_plus_72_20260720/runtime_snapshot_routing_fix/docs/history/29_6_tier3_12h_experiment_plan.md
77b47b75889fe12f82e43c5b4b1ab5e26ceb004f1059ad93da6c5c9f22d546c8	11960	4	MAIN	/home/hphung/ce25_scratch2/Claude_DeepRL_Population_Models/docs/history/29_6_tier3_12h_experiment_plan.md
77b47b75889fe12f82e43c5b4b1ab5e26ceb004f1059ad93da6c5c9f22d546c8	11960	4	MAIN	/home/hphung/ce25_scratch2/Claude_DeepRL_Population_Models/real_ecology_runs/adapted_32cell_diagnostic_pending/code/docs/history/29_6_tier3_12h_experiment_plan.md
77b47b75889fe12f82e43c5b4b1ab5e26ceb004f1059ad93da6c5c9f22d546c8	11960	4	MAIN	/home/hphung/ce25_scratch2/Claude_DeepRL_Population_Models/real_ecology_runs/ricker_only_plus_72_20260720/runtime_snapshot/docs/history/29_6_tier3_12h_experiment_plan.md
77bf028437c72ae8799b2c18d9212fb11b2b615a1c3ef7514135e5d8e2fd5184	3050	4	ECO_FROZEN	/home/hphung/ce25_scratch2/Claude_DeepRL_Population_Models/real_ecology_runs/ricker_only_plus_72_20260720/runtime_snapshot_routing_fix/docs/real_ecology_history/CODEX_aggregate_bug_fix_2026-07-05.md
77bf028437c72ae8799b2c18d9212fb11b2b615a1c3ef7514135e5d8e2fd5184	3050	4	MAIN	/home/hphung/ce25_scratch2/Claude_DeepRL_Population_Models/docs/real_ecology_history/CODEX_aggregate_bug_fix_2026-07-05.md
77bf028437c72ae8799b2c18d9212fb11b2b615a1c3ef7514135e5d8e2fd5184	3050	4	MAIN	/home/hphung/ce25_scratch2/Claude_DeepRL_Population_Models/real_ecology_runs/adapted_32cell_diagnostic_pending/code/docs/real_ecology_history/CODEX_aggregate_bug_fix_2026-07-05.md
77bf028437c72ae8799b2c18d9212fb11b2b615a1c3ef7514135e5d8e2fd5184	3050	4	MAIN	/home/hphung/ce25_scratch2/Claude_DeepRL_Population_Models/real_ecology_runs/ricker_only_plus_72_20260720/runtime_snapshot/docs/real_ecology_history/CODEX_aggregate_bug_fix_2026-07-05.md
786e9b8e66557a3718d189e1aeba6eea2d18c997a4dd5c8c61662dfddd2f84ef	4621	4	ECO_FROZEN	/home/hphung/ce25_scratch2/Claude_DeepRL_Population_Models/real_ecology_runs/ricker_only_plus_72_20260720/runtime_snapshot_routing_fix/docs/history/phase116_bw2_report.tex
786e9b8e66557a3718d189e1aeba6eea2d18c997a4dd5c8c61662dfddd2f84ef	4621	4	MAIN	/home/hphung/ce25_scratch2/Claude_DeepRL_Population_Models/docs/history/phase116_bw2_report.tex
786e9b8e66557a3718d189e1aeba6eea2d18c997a4dd5c8c61662dfddd2f84ef	4621	4	MAIN	/home/hphung/ce25_scratch2/Claude_DeepRL_Population_Models/real_ecology_runs/adapted_32cell_diagnostic_pending/code/docs/history/phase116_bw2_report.tex
786e9b8e66557a3718d189e1aeba6eea2d18c997a4dd5c8c61662dfddd2f84ef	4621	4	MAIN	/home/hphung/ce25_scratch2/Claude_DeepRL_Population_Models/real_ecology_runs/ricker_only_plus_72_20260720/runtime_snapshot/docs/history/phase116_bw2_report.tex
7b9a33573f8b1594198d8d35aa5fcd90cbe4b2c7db40aa2a4ffaa9c63cdaa956	20174	4	ECO_FROZEN	/home/hphung/ce25_scratch2/Claude_DeepRL_Population_Models/real_ecology_runs/ricker_only_plus_72_20260720/runtime_snapshot_routing_fix/docs/history/29_6_tier2_continuous_state_implementation_handoff.md
7b9a33573f8b1594198d8d35aa5fcd90cbe4b2c7db40aa2a4ffaa9c63cdaa956	20174	4	MAIN	/home/hphung/ce25_scratch2/Claude_DeepRL_Population_Models/docs/history/29_6_tier2_continuous_state_implementation_handoff.md
7b9a33573f8b1594198d8d35aa5fcd90cbe4b2c7db40aa2a4ffaa9c63cdaa956	20174	4	MAIN	/home/hphung/ce25_scratch2/Claude_DeepRL_Population_Models/real_ecology_runs/adapted_32cell_diagnostic_pending/code/docs/history/29_6_tier2_continuous_state_implementation_handoff.md
7b9a33573f8b1594198d8d35aa5fcd90cbe4b2c7db40aa2a4ffaa9c63cdaa956	20174	4	MAIN	/home/hphung/ce25_scratch2/Claude_DeepRL_Population_Models/real_ecology_runs/ricker_only_plus_72_20260720/runtime_snapshot/docs/history/29_6_tier2_continuous_state_implementation_handoff.md
7c3194b101c68d4c524948fd09ec3dff5e7ecf54f11e8ccc23440ff932a604e7	13	4	ECO_FROZEN	/home/hphung/ce25_scratch2/Claude_DeepRL_Population_Models/real_ecology_runs/ricker_only_plus_72_20260720/runtime_snapshot_routing_fix/baseline_original/python_port/requirements.txt
7c3194b101c68d4c524948fd09ec3dff5e7ecf54f11e8ccc23440ff932a604e7	13	4	MAIN	/home/hphung/ce25_scratch2/Claude_DeepRL_Population_Models/baseline_original/python_port/requirements.txt
7c3194b101c68d4c524948fd09ec3dff5e7ecf54f11e8ccc23440ff932a604e7	13	4	MAIN	/home/hphung/ce25_scratch2/Claude_DeepRL_Population_Models/real_ecology_runs/adapted_32cell_diagnostic_pending/code/baseline_original/python_port/requirements.txt
7c3194b101c68d4c524948fd09ec3dff5e7ecf54f11e8ccc23440ff932a604e7	13	4	MAIN	/home/hphung/ce25_scratch2/Claude_DeepRL_Population_Models/real_ecology_runs/ricker_only_plus_72_20260720/runtime_snapshot/baseline_original/python_port/requirements.txt
7d1387be0d224d796a962e0477d2a1d0487733d3df6ff2937ca2b97a874c865d	139	4	ECO_FROZEN	/home/hphung/ce25_scratch2/Claude_DeepRL_Population_Models/real_ecology_runs/ricker_only_plus_72_20260720/runtime_snapshot_routing_fix/baseline_original/script_py.sh
7d1387be0d224d796a962e0477d2a1d0487733d3df6ff2937ca2b97a874c865d	139	4	MAIN	/home/hphung/ce25_scratch2/Claude_DeepRL_Population_Models/baseline_original/script_py.sh
7d1387be0d224d796a962e0477d2a1d0487733d3df6ff2937ca2b97a874c865d	139	4	MAIN	/home/hphung/ce25_scratch2/Claude_DeepRL_Population_Models/real_ecology_runs/adapted_32cell_diagnostic_pending/code/baseline_original/script_py.sh
7d1387be0d224d796a962e0477d2a1d0487733d3df6ff2937ca2b97a874c865d	139	4	MAIN	/home/hphung/ce25_scratch2/Claude_DeepRL_Population_Models/real_ecology_runs/ricker_only_plus_72_20260720/runtime_snapshot/baseline_original/script_py.sh
7f601b3fc15af55d312c8b0dcd42c48e6efaa5ed36ff4dc676a9631e7b45e4a9	15454	4	ECO_FROZEN	/home/hphung/ce25_scratch2/Claude_DeepRL_Population_Models/real_ecology_runs/ricker_only_plus_72_20260720/runtime_snapshot_routing_fix/docs/benchmark/SERVER_REVIEW_motivation_tex_and_plots.md
7f601b3fc15af55d312c8b0dcd42c48e6efaa5ed36ff4dc676a9631e7b45e4a9	15454	4	MAIN	/home/hphung/ce25_scratch2/Claude_DeepRL_Population_Models/docs/benchmark/SERVER_REVIEW_motivation_tex_and_plots.md
7f601b3fc15af55d312c8b0dcd42c48e6efaa5ed36ff4dc676a9631e7b45e4a9	15454	4	MAIN	/home/hphung/ce25_scratch2/Claude_DeepRL_Population_Models/real_ecology_runs/adapted_32cell_diagnostic_pending/code/docs/benchmark/SERVER_REVIEW_motivation_tex_and_plots.md
7f601b3fc15af55d312c8b0dcd42c48e6efaa5ed36ff4dc676a9631e7b45e4a9	15454	4	MAIN	/home/hphung/ce25_scratch2/Claude_DeepRL_Population_Models/real_ecology_runs/ricker_only_plus_72_20260720/runtime_snapshot/docs/benchmark/SERVER_REVIEW_motivation_tex_and_plots.md
7f9619f219f94b7210b97ebbc4137faa543abb37472ac33d9a53f339a12ee352	2127	4	ECO_FROZEN	/home/hphung/ce25_scratch2/Claude_DeepRL_Population_Models/real_ecology_runs/ricker_only_plus_72_20260720/runtime_snapshot_routing_fix/docs/fix_implement_ecology_baseline/archive/CODEX_RESPONSE_TO_CLAUDE_AUDIT_CORRECTED_PLUS_MOOR_PLAN.md
7f9619f219f94b7210b97ebbc4137faa543abb37472ac33d9a53f339a12ee352	2127	4	MAIN	/home/hphung/ce25_scratch2/Claude_DeepRL_Population_Models/docs/fix_implement_ecology_baseline/archive/CODEX_RESPONSE_TO_CLAUDE_AUDIT_CORRECTED_PLUS_MOOR_PLAN.md
7f9619f219f94b7210b97ebbc4137faa543abb37472ac33d9a53f339a12ee352	2127	4	MAIN	/home/hphung/ce25_scratch2/Claude_DeepRL_Population_Models/real_ecology_runs/adapted_32cell_diagnostic_pending/code/docs/fix_implement_ecology_baseline/archive/CODEX_RESPONSE_TO_CLAUDE_AUDIT_CORRECTED_PLUS_MOOR_PLAN.md
7f9619f219f94b7210b97ebbc4137faa543abb37472ac33d9a53f339a12ee352	2127	4	MAIN	/home/hphung/ce25_scratch2/Claude_DeepRL_Population_Models/real_ecology_runs/ricker_only_plus_72_20260720/runtime_snapshot/docs/fix_implement_ecology_baseline/archive/CODEX_RESPONSE_TO_CLAUDE_AUDIT_CORRECTED_PLUS_MOOR_PLAN.md
8033c27bcb73da677a5d4b75d4cbf6956382afb4c599223461e7a669cb5960e2	5394	4	ECO_FROZEN	/home/hphung/ce25_scratch2/Claude_DeepRL_Population_Models/real_ecology_runs/ricker_only_plus_72_20260720/runtime_snapshot_routing_fix/baseline_original/python_port/src/simulations/main.py
8033c27bcb73da677a5d4b75d4cbf6956382afb4c599223461e7a669cb5960e2	5394	4	MAIN	/home/hphung/ce25_scratch2/Claude_DeepRL_Population_Models/baseline_original/python_port/src/simulations/main.py
8033c27bcb73da677a5d4b75d4cbf6956382afb4c599223461e7a669cb5960e2	5394	4	MAIN	/home/hphung/ce25_scratch2/Claude_DeepRL_Population_Models/real_ecology_runs/adapted_32cell_diagnostic_pending/code/baseline_original/python_port/src/simulations/main.py
8033c27bcb73da677a5d4b75d4cbf6956382afb4c599223461e7a669cb5960e2	5394	4	MAIN	/home/hphung/ce25_scratch2/Claude_DeepRL_Population_Models/real_ecology_runs/ricker_only_plus_72_20260720/runtime_snapshot/baseline_original/python_port/src/simulations/main.py
8197172497afceb262410897093ae3205bba50457850ee940137fe05d53446d3	10956	4	ECO_FROZEN	/home/hphung/ce25_scratch2/Claude_DeepRL_Population_Models/real_ecology_runs/ricker_only_plus_72_20260720/runtime_snapshot_routing_fix/docs/history/add_baseline_md/continuous_state_setting_design.md
8197172497afceb262410897093ae3205bba50457850ee940137fe05d53446d3	10956	4	MAIN	/home/hphung/ce25_scratch2/Claude_DeepRL_Population_Models/docs/history/add_baseline_md/continuous_state_setting_design.md
8197172497afceb262410897093ae3205bba50457850ee940137fe05d53446d3	10956	4	MAIN	/home/hphung/ce25_scratch2/Claude_DeepRL_Population_Models/real_ecology_runs/adapted_32cell_diagnostic_pending/code/docs/history/add_baseline_md/continuous_state_setting_design.md
8197172497afceb262410897093ae3205bba50457850ee940137fe05d53446d3	10956	4	MAIN	/home/hphung/ce25_scratch2/Claude_DeepRL_Population_Models/real_ecology_runs/ricker_only_plus_72_20260720/runtime_snapshot/docs/history/add_baseline_md/continuous_state_setting_design.md
8214491f733956dc9a1f82c47e2c65964c8406caf5268a8bc59f403f9097185c	1374	4	ECO_FROZEN	/home/hphung/ce25_scratch2/Claude_DeepRL_Population_Models/real_ecology_runs/ricker_only_plus_72_20260720/runtime_snapshot_routing_fix/baseline_original/python_port/src/utils/config_loader.py
8214491f733956dc9a1f82c47e2c65964c8406caf5268a8bc59f403f9097185c	1374	4	MAIN	/home/hphung/ce25_scratch2/Claude_DeepRL_Population_Models/baseline_original/python_port/src/utils/config_loader.py
8214491f733956dc9a1f82c47e2c65964c8406caf5268a8bc59f403f9097185c	1374	4	MAIN	/home/hphung/ce25_scratch2/Claude_DeepRL_Population_Models/real_ecology_runs/adapted_32cell_diagnostic_pending/code/baseline_original/python_port/src/utils/config_loader.py
8214491f733956dc9a1f82c47e2c65964c8406caf5268a8bc59f403f9097185c	1374	4	MAIN	/home/hphung/ce25_scratch2/Claude_DeepRL_Population_Models/real_ecology_runs/ricker_only_plus_72_20260720/runtime_snapshot/baseline_original/python_port/src/utils/config_loader.py
824eb232f064dddeed6c3d43c7db741ba8822dcd4206fc6a04a9f0190423ce11	7979	4	ECO_FROZEN	/home/hphung/ce25_scratch2/Claude_DeepRL_Population_Models/real_ecology_runs/ricker_only_plus_72_20260720/runtime_snapshot_routing_fix/docs/history/codex_claude_conversation_md/codex_agree_disagree_136_claude_plan.md
824eb232f064dddeed6c3d43c7db741ba8822dcd4206fc6a04a9f0190423ce11	7979	4	MAIN	/home/hphung/ce25_scratch2/Claude_DeepRL_Population_Models/docs/history/codex_claude_conversation_md/codex_agree_disagree_136_claude_plan.md
824eb232f064dddeed6c3d43c7db741ba8822dcd4206fc6a04a9f0190423ce11	7979	4	MAIN	/home/hphung/ce25_scratch2/Claude_DeepRL_Population_Models/real_ecology_runs/adapted_32cell_diagnostic_pending/code/docs/history/codex_claude_conversation_md/codex_agree_disagree_136_claude_plan.md
824eb232f064dddeed6c3d43c7db741ba8822dcd4206fc6a04a9f0190423ce11	7979	4	MAIN	/home/hphung/ce25_scratch2/Claude_DeepRL_Population_Models/real_ecology_runs/ricker_only_plus_72_20260720/runtime_snapshot/docs/history/codex_claude_conversation_md/codex_agree_disagree_136_claude_plan.md
833bb8b949bc226c23006ac4c78b6ee708d65adc5c5fdad043c6db97b2a05086	15572	4	ECO_FROZEN	/home/hphung/ce25_scratch2/Claude_DeepRL_Population_Models/real_ecology_runs/ricker_only_plus_72_20260720/runtime_snapshot_routing_fix/docs/fix_implement_ecology_baseline/PHASE1_AUDIT_REPORT_paper_aligned_plus_moor.md
833bb8b949bc226c23006ac4c78b6ee708d65adc5c5fdad043c6db97b2a05086	15572	4	MAIN	/home/hphung/ce25_scratch2/Claude_DeepRL_Population_Models/docs/fix_implement_ecology_baseline/PHASE1_AUDIT_REPORT_paper_aligned_plus_moor.md
833bb8b949bc226c23006ac4c78b6ee708d65adc5c5fdad043c6db97b2a05086	15572	4	MAIN	/home/hphung/ce25_scratch2/Claude_DeepRL_Population_Models/real_ecology_runs/adapted_32cell_diagnostic_pending/code/docs/fix_implement_ecology_baseline/PHASE1_AUDIT_REPORT_paper_aligned_plus_moor.md
833bb8b949bc226c23006ac4c78b6ee708d65adc5c5fdad043c6db97b2a05086	15572	4	MAIN	/home/hphung/ce25_scratch2/Claude_DeepRL_Population_Models/real_ecology_runs/ricker_only_plus_72_20260720/runtime_snapshot/docs/fix_implement_ecology_baseline/PHASE1_AUDIT_REPORT_paper_aligned_plus_moor.md
846ac8818ae45d7b82b5fb4d4c5889b0596dad65f72eee4601c706fbe8457859	22627	4	ECO_FROZEN	/home/hphung/ce25_scratch2/Claude_DeepRL_Population_Models/real_ecology_runs/ricker_only_plus_72_20260720/runtime_snapshot_routing_fix/docs/benchmark/SERVER_AUDIT_hidden_parameter_usage_by_method.tex
846ac8818ae45d7b82b5fb4d4c5889b0596dad65f72eee4601c706fbe8457859	22627	4	MAIN	/home/hphung/ce25_scratch2/Claude_DeepRL_Population_Models/docs/benchmark/SERVER_AUDIT_hidden_parameter_usage_by_method.tex
846ac8818ae45d7b82b5fb4d4c5889b0596dad65f72eee4601c706fbe8457859	22627	4	MAIN	/home/hphung/ce25_scratch2/Claude_DeepRL_Population_Models/real_ecology_runs/adapted_32cell_diagnostic_pending/code/docs/benchmark/SERVER_AUDIT_hidden_parameter_usage_by_method.tex
846ac8818ae45d7b82b5fb4d4c5889b0596dad65f72eee4601c706fbe8457859	22627	4	MAIN	/home/hphung/ce25_scratch2/Claude_DeepRL_Population_Models/real_ecology_runs/ricker_only_plus_72_20260720/runtime_snapshot/docs/benchmark/SERVER_AUDIT_hidden_parameter_usage_by_method.tex
8580751b3f7d1765754c6c99087354c225a02064a32d702ea188f3bfca9f2b7a	1172	4	ECO_FROZEN	/home/hphung/ce25_scratch2/Claude_DeepRL_Population_Models/real_ecology_runs/ricker_only_plus_72_20260720/runtime_snapshot_routing_fix/baseline_original/scripts/run_compare_examples.sh
8580751b3f7d1765754c6c99087354c225a02064a32d702ea188f3bfca9f2b7a	1172	4	MAIN	/home/hphung/ce25_scratch2/Claude_DeepRL_Population_Models/baseline_original/scripts/run_compare_examples.sh
8580751b3f7d1765754c6c99087354c225a02064a32d702ea188f3bfca9f2b7a	1172	4	MAIN	/home/hphung/ce25_scratch2/Claude_DeepRL_Population_Models/real_ecology_runs/adapted_32cell_diagnostic_pending/code/baseline_original/scripts/run_compare_examples.sh
8580751b3f7d1765754c6c99087354c225a02064a32d702ea188f3bfca9f2b7a	1172	4	MAIN	/home/hphung/ce25_scratch2/Claude_DeepRL_Population_Models/real_ecology_runs/ricker_only_plus_72_20260720/runtime_snapshot/baseline_original/scripts/run_compare_examples.sh
8592f040a357110def2adbbef43978c87ebb78662d8dd9ac66c3c8753c55690d	10999	4	ECO_FROZEN	/home/hphung/ce25_scratch2/Claude_DeepRL_Population_Models/real_ecology_runs/ricker_only_plus_72_20260720/runtime_snapshot_routing_fix/docs/history/codex_claude_conversation_md/codex_116_full_benchmark_run_status_long_run_5_7_days.md
8592f040a357110def2adbbef43978c87ebb78662d8dd9ac66c3c8753c55690d	10999	4	MAIN	/home/hphung/ce25_scratch2/Claude_DeepRL_Population_Models/docs/history/codex_claude_conversation_md/codex_116_full_benchmark_run_status_long_run_5_7_days.md
8592f040a357110def2adbbef43978c87ebb78662d8dd9ac66c3c8753c55690d	10999	4	MAIN	/home/hphung/ce25_scratch2/Claude_DeepRL_Population_Models/real_ecology_runs/adapted_32cell_diagnostic_pending/code/docs/history/codex_claude_conversation_md/codex_116_full_benchmark_run_status_long_run_5_7_days.md
8592f040a357110def2adbbef43978c87ebb78662d8dd9ac66c3c8753c55690d	10999	4	MAIN	/home/hphung/ce25_scratch2/Claude_DeepRL_Population_Models/real_ecology_runs/ricker_only_plus_72_20260720/runtime_snapshot/docs/history/codex_claude_conversation_md/codex_116_full_benchmark_run_status_long_run_5_7_days.md
8642fa9b0a8644f7d3927c71167e2b563feb2570b4b9366db93cf89c18f45b79	21063	4	ECO_FROZEN	/home/hphung/ce25_scratch2/Claude_DeepRL_Population_Models/real_ecology_runs/ricker_only_plus_72_20260720/runtime_snapshot_routing_fix/docs/history/AUDIT_PLAN_single_real_data_repo_2026-07-09.md
8642fa9b0a8644f7d3927c71167e2b563feb2570b4b9366db93cf89c18f45b79	21063	4	MAIN	/home/hphung/ce25_scratch2/Claude_DeepRL_Population_Models/docs/history/AUDIT_PLAN_single_real_data_repo_2026-07-09.md
8642fa9b0a8644f7d3927c71167e2b563feb2570b4b9366db93cf89c18f45b79	21063	4	MAIN	/home/hphung/ce25_scratch2/Claude_DeepRL_Population_Models/real_ecology_runs/adapted_32cell_diagnostic_pending/code/docs/history/AUDIT_PLAN_single_real_data_repo_2026-07-09.md
8642fa9b0a8644f7d3927c71167e2b563feb2570b4b9366db93cf89c18f45b79	21063	4	MAIN	/home/hphung/ce25_scratch2/Claude_DeepRL_Population_Models/real_ecology_runs/ricker_only_plus_72_20260720/runtime_snapshot/docs/history/AUDIT_PLAN_single_real_data_repo_2026-07-09.md
878dbb65e4a56f04d87000ad7c81d1a61c4b74ae4858d1acd7c06ca33f1887cc	18597	4	ECO_FROZEN	/home/hphung/ce25_scratch2/Claude_DeepRL_Population_Models/real_ecology_runs/ricker_only_plus_72_20260720/runtime_snapshot_routing_fix/docs/fix_implement_ecology_baseline/ECOLOGY_BASELINE_PAPER_FAITHFULNESS_PLUS_MOOR.md
878dbb65e4a56f04d87000ad7c81d1a61c4b74ae4858d1acd7c06ca33f1887cc	18597	4	MAIN	/home/hphung/ce25_scratch2/Claude_DeepRL_Population_Models/docs/fix_implement_ecology_baseline/ECOLOGY_BASELINE_PAPER_FAITHFULNESS_PLUS_MOOR.md
878dbb65e4a56f04d87000ad7c81d1a61c4b74ae4858d1acd7c06ca33f1887cc	18597	4	MAIN	/home/hphung/ce25_scratch2/Claude_DeepRL_Population_Models/real_ecology_runs/adapted_32cell_diagnostic_pending/code/docs/fix_implement_ecology_baseline/ECOLOGY_BASELINE_PAPER_FAITHFULNESS_PLUS_MOOR.md
878dbb65e4a56f04d87000ad7c81d1a61c4b74ae4858d1acd7c06ca33f1887cc	18597	4	MAIN	/home/hphung/ce25_scratch2/Claude_DeepRL_Population_Models/real_ecology_runs/ricker_only_plus_72_20260720/runtime_snapshot/docs/fix_implement_ecology_baseline/ECOLOGY_BASELINE_PAPER_FAITHFULNESS_PLUS_MOOR.md
87aeceabe9bc9154993fc83fa9f1ce310b3a40d51c6d4d8f20ecaee36bb3731f	483	4	ECO_FROZEN	/home/hphung/ce25_scratch2/Claude_DeepRL_Population_Models/real_ecology_runs/ricker_only_plus_72_20260720/runtime_snapshot_routing_fix/.gitignore
87aeceabe9bc9154993fc83fa9f1ce310b3a40d51c6d4d8f20ecaee36bb3731f	483	4	MAIN	/home/hphung/ce25_scratch2/Claude_DeepRL_Population_Models/.gitignore
87aeceabe9bc9154993fc83fa9f1ce310b3a40d51c6d4d8f20ecaee36bb3731f	483	4	MAIN	/home/hphung/ce25_scratch2/Claude_DeepRL_Population_Models/real_ecology_runs/adapted_32cell_diagnostic_pending/code/.gitignore
87aeceabe9bc9154993fc83fa9f1ce310b3a40d51c6d4d8f20ecaee36bb3731f	483	4	MAIN	/home/hphung/ce25_scratch2/Claude_DeepRL_Population_Models/real_ecology_runs/ricker_only_plus_72_20260720/runtime_snapshot/.gitignore
88b4613d86cbb60e5fdafb74652b012db23eb2a92f4f474a956f4e4cf44b72b6	16064	4	ECO_FROZEN	/home/hphung/ce25_scratch2/Claude_DeepRL_Population_Models/real_ecology_runs/ricker_only_plus_72_20260720/runtime_snapshot_routing_fix/docs/history/REPO_BRIEF.md
88b4613d86cbb60e5fdafb74652b012db23eb2a92f4f474a956f4e4cf44b72b6	16064	4	MAIN	/home/hphung/ce25_scratch2/Claude_DeepRL_Population_Models/docs/history/REPO_BRIEF.md
88b4613d86cbb60e5fdafb74652b012db23eb2a92f4f474a956f4e4cf44b72b6	16064	4	MAIN	/home/hphung/ce25_scratch2/Claude_DeepRL_Population_Models/real_ecology_runs/adapted_32cell_diagnostic_pending/code/docs/history/REPO_BRIEF.md
88b4613d86cbb60e5fdafb74652b012db23eb2a92f4f474a956f4e4cf44b72b6	16064	4	MAIN	/home/hphung/ce25_scratch2/Claude_DeepRL_Population_Models/real_ecology_runs/ricker_only_plus_72_20260720/runtime_snapshot/docs/history/REPO_BRIEF.md
88fe9e1cea200e719834a3ec6cbc20cbcd0c9435c04a621580b251a673a8e3a1	7006	4	ECO_FROZEN	/home/hphung/ce25_scratch2/Claude_DeepRL_Population_Models/real_ecology_runs/ricker_only_plus_72_20260720/runtime_snapshot_routing_fix/docs/fix_implement_ecology_baseline/STATUS_AND_REMAINING_WORK.md
88fe9e1cea200e719834a3ec6cbc20cbcd0c9435c04a621580b251a673a8e3a1	7006	4	MAIN	/home/hphung/ce25_scratch2/Claude_DeepRL_Population_Models/docs/fix_implement_ecology_baseline/STATUS_AND_REMAINING_WORK.md
88fe9e1cea200e719834a3ec6cbc20cbcd0c9435c04a621580b251a673a8e3a1	7006	4	MAIN	/home/hphung/ce25_scratch2/Claude_DeepRL_Population_Models/real_ecology_runs/adapted_32cell_diagnostic_pending/code/docs/fix_implement_ecology_baseline/STATUS_AND_REMAINING_WORK.md
88fe9e1cea200e719834a3ec6cbc20cbcd0c9435c04a621580b251a673a8e3a1	7006	4	MAIN	/home/hphung/ce25_scratch2/Claude_DeepRL_Population_Models/real_ecology_runs/ricker_only_plus_72_20260720/runtime_snapshot/docs/fix_implement_ecology_baseline/STATUS_AND_REMAINING_WORK.md
89179ee65aaa52c5cafcac921375be07b184a15d831fe47cd98d33ca11b71b61	4512	4	ECO_FROZEN	/home/hphung/ce25_scratch2/Claude_DeepRL_Population_Models/real_ecology_runs/ricker_only_plus_72_20260720/runtime_snapshot_routing_fix/docs/benchmark/hide_r_k/SERVER_REPORT_AUDIT_RESPONSE_hide_rK.md
89179ee65aaa52c5cafcac921375be07b184a15d831fe47cd98d33ca11b71b61	4512	4	MAIN	/home/hphung/ce25_scratch2/Claude_DeepRL_Population_Models/docs/benchmark/hide_r_k/SERVER_REPORT_AUDIT_RESPONSE_hide_rK.md
89179ee65aaa52c5cafcac921375be07b184a15d831fe47cd98d33ca11b71b61	4512	4	MAIN	/home/hphung/ce25_scratch2/Claude_DeepRL_Population_Models/real_ecology_runs/adapted_32cell_diagnostic_pending/code/docs/benchmark/hide_r_k/SERVER_REPORT_AUDIT_RESPONSE_hide_rK.md
89179ee65aaa52c5cafcac921375be07b184a15d831fe47cd98d33ca11b71b61	4512	4	MAIN	/home/hphung/ce25_scratch2/Claude_DeepRL_Population_Models/real_ecology_runs/ricker_only_plus_72_20260720/runtime_snapshot/docs/benchmark/hide_r_k/SERVER_REPORT_AUDIT_RESPONSE_hide_rK.md
8a617266933d0b0453c0b47a2d82a862778ad626ba8349b3403af612bc453a5c	14993	4	ECO_FROZEN	/home/hphung/ce25_scratch2/Claude_DeepRL_Population_Models/real_ecology_runs/ricker_only_plus_72_20260720/runtime_snapshot_routing_fix/docs/history/HANDOFF_real_ecology_data_setting.md
8a617266933d0b0453c0b47a2d82a862778ad626ba8349b3403af612bc453a5c	14993	4	MAIN	/home/hphung/ce25_scratch2/Claude_DeepRL_Population_Models/docs/history/HANDOFF_real_ecology_data_setting.md
8a617266933d0b0453c0b47a2d82a862778ad626ba8349b3403af612bc453a5c	14993	4	MAIN	/home/hphung/ce25_scratch2/Claude_DeepRL_Population_Models/real_ecology_runs/adapted_32cell_diagnostic_pending/code/docs/history/HANDOFF_real_ecology_data_setting.md
8a617266933d0b0453c0b47a2d82a862778ad626ba8349b3403af612bc453a5c	14993	4	MAIN	/home/hphung/ce25_scratch2/Claude_DeepRL_Population_Models/real_ecology_runs/ricker_only_plus_72_20260720/runtime_snapshot/docs/history/HANDOFF_real_ecology_data_setting.md
8a920728bf510c2e7aa234bf155efa4b9508f251ae950bcafc4db12b26a4f9e8	634	4	MAIN	/home/hphung/ce25_scratch2/Claude_DeepRL_Population_Models/real_ecology_runs/paper_faithful_smoke_20260717/evaluation/regime_hidden/amur_tiger/ricker/sigma_0p1/data_real/backend_numpy/regime_hidden/reward_safe/moor_faithful_ricker_misspec_pbvi/faithful_internal/manifest_row_resolved.json
8a920728bf510c2e7aa234bf155efa4b9508f251ae950bcafc4db12b26a4f9e8	634	4	MAIN	/home/hphung/ce25_scratch2/Claude_DeepRL_Population_Models/real_ecology_runs/paper_faithful_smoke_20260717_v2/evaluation/regime_hidden/amur_tiger/ricker/sigma_0p1/data_real/backend_numpy/regime_hidden/reward_safe/moor_faithful_ricker_misspec_pbvi/faithful_internal/manifest_row_resolved.json
8a920728bf510c2e7aa234bf155efa4b9508f251ae950bcafc4db12b26a4f9e8	634	4	MAIN	/home/hphung/ce25_scratch2/Claude_DeepRL_Population_Models/real_ecology_runs/paper_faithful_smoke_20260717_v3/evaluation/regime_hidden/amur_tiger/ricker/sigma_0p1/data_real/backend_numpy/regime_hidden/reward_safe/moor_faithful_ricker_misspec_pbvi/faithful_internal/manifest_row_resolved.json
8a920728bf510c2e7aa234bf155efa4b9508f251ae950bcafc4db12b26a4f9e8	634	4	MAIN	/home/hphung/ce25_scratch2/Claude_DeepRL_Population_Models/real_ecology_runs/paper_faithful_smoke_20260717_v4/evaluation/regime_hidden/amur_tiger/ricker/sigma_0p1/data_real/backend_numpy/regime_hidden/reward_safe/moor_faithful_ricker_misspec_pbvi/faithful_internal/manifest_row_resolved.json
8e3327033deb99c081dc3cba3e826ecc93d17116d559fcbb45b2e7135c182949	2441	4	ECO_FROZEN	/home/hphung/ce25_scratch2/Claude_DeepRL_Population_Models/real_ecology_runs/ricker_only_plus_72_20260720/runtime_snapshot_routing_fix/docs/history/add_baseline_md/add_baseline_deeprl.md
8e3327033deb99c081dc3cba3e826ecc93d17116d559fcbb45b2e7135c182949	2441	4	MAIN	/home/hphung/ce25_scratch2/Claude_DeepRL_Population_Models/docs/history/add_baseline_md/add_baseline_deeprl.md
8e3327033deb99c081dc3cba3e826ecc93d17116d559fcbb45b2e7135c182949	2441	4	MAIN	/home/hphung/ce25_scratch2/Claude_DeepRL_Population_Models/real_ecology_runs/adapted_32cell_diagnostic_pending/code/docs/history/add_baseline_md/add_baseline_deeprl.md
8e3327033deb99c081dc3cba3e826ecc93d17116d559fcbb45b2e7135c182949	2441	4	MAIN	/home/hphung/ce25_scratch2/Claude_DeepRL_Population_Models/real_ecology_runs/ricker_only_plus_72_20260720/runtime_snapshot/docs/history/add_baseline_md/add_baseline_deeprl.md
8ee2320a6feeeb0b6f93f450e54fba740bbbb43b5b5bf28a58fea472047ec573	16593	4	ECO_FROZEN	/home/hphung/ce25_scratch2/Claude_DeepRL_Population_Models/real_ecology_runs/ricker_only_plus_72_20260720/runtime_snapshot_routing_fix/docs/fix_implement_ecology_baseline/archive/CLAUDE_AUDIT_PAPER_FAITHFUL_PLUS_MOOR_PLAN.md
8ee2320a6feeeb0b6f93f450e54fba740bbbb43b5b5bf28a58fea472047ec573	16593	4	MAIN	/home/hphung/ce25_scratch2/Claude_DeepRL_Population_Models/docs/fix_implement_ecology_baseline/archive/CLAUDE_AUDIT_PAPER_FAITHFUL_PLUS_MOOR_PLAN.md
8ee2320a6feeeb0b6f93f450e54fba740bbbb43b5b5bf28a58fea472047ec573	16593	4	MAIN	/home/hphung/ce25_scratch2/Claude_DeepRL_Population_Models/real_ecology_runs/adapted_32cell_diagnostic_pending/code/docs/fix_implement_ecology_baseline/archive/CLAUDE_AUDIT_PAPER_FAITHFUL_PLUS_MOOR_PLAN.md
8ee2320a6feeeb0b6f93f450e54fba740bbbb43b5b5bf28a58fea472047ec573	16593	4	MAIN	/home/hphung/ce25_scratch2/Claude_DeepRL_Population_Models/real_ecology_runs/ricker_only_plus_72_20260720/runtime_snapshot/docs/fix_implement_ecology_baseline/archive/CLAUDE_AUDIT_PAPER_FAITHFUL_PLUS_MOOR_PLAN.md
8ef90f4f08ea75eafe5c7213346427cfa1eab32a96afe2c4945c5dcb03bbc8a2	35357	4	ECO_FROZEN	/home/hphung/ce25_scratch2/Claude_DeepRL_Population_Models/real_ecology_runs/ricker_only_plus_72_20260720/runtime_snapshot_routing_fix/docs/history/29_6_Improve_Continuous_Observations.tex
8ef90f4f08ea75eafe5c7213346427cfa1eab32a96afe2c4945c5dcb03bbc8a2	35357	4	MAIN	/home/hphung/ce25_scratch2/Claude_DeepRL_Population_Models/docs/history/29_6_Improve_Continuous_Observations.tex
8ef90f4f08ea75eafe5c7213346427cfa1eab32a96afe2c4945c5dcb03bbc8a2	35357	4	MAIN	/home/hphung/ce25_scratch2/Claude_DeepRL_Population_Models/real_ecology_runs/adapted_32cell_diagnostic_pending/code/docs/history/29_6_Improve_Continuous_Observations.tex
8ef90f4f08ea75eafe5c7213346427cfa1eab32a96afe2c4945c5dcb03bbc8a2	35357	4	MAIN	/home/hphung/ce25_scratch2/Claude_DeepRL_Population_Models/real_ecology_runs/ricker_only_plus_72_20260720/runtime_snapshot/docs/history/29_6_Improve_Continuous_Observations.tex
8f8baa6611c033f168911b891e11a08dd8a504c09ac1195baf6ec326e4ae8d4f	11410	4	ECO_FROZEN	/home/hphung/ce25_scratch2/Claude_DeepRL_Population_Models/real_ecology_runs/ricker_only_plus_72_20260720/runtime_snapshot_routing_fix/docs/benchmark/hide_r_k/SERVER_RUN_AUDIT_HANDOFF_hidden_rK_20260716.md
8f8baa6611c033f168911b891e11a08dd8a504c09ac1195baf6ec326e4ae8d4f	11410	4	MAIN	/home/hphung/ce25_scratch2/Claude_DeepRL_Population_Models/docs/benchmark/hide_r_k/SERVER_RUN_AUDIT_HANDOFF_hidden_rK_20260716.md
8f8baa6611c033f168911b891e11a08dd8a504c09ac1195baf6ec326e4ae8d4f	11410	4	MAIN	/home/hphung/ce25_scratch2/Claude_DeepRL_Population_Models/real_ecology_runs/adapted_32cell_diagnostic_pending/code/docs/benchmark/hide_r_k/SERVER_RUN_AUDIT_HANDOFF_hidden_rK_20260716.md
8f8baa6611c033f168911b891e11a08dd8a504c09ac1195baf6ec326e4ae8d4f	11410	4	MAIN	/home/hphung/ce25_scratch2/Claude_DeepRL_Population_Models/real_ecology_runs/ricker_only_plus_72_20260720/runtime_snapshot/docs/benchmark/hide_r_k/SERVER_RUN_AUDIT_HANDOFF_hidden_rK_20260716.md
941fdc9fb091ca030734816813a0ab4ce21355aa28bc23bff847f536b696585f	59127	4	ECO_FROZEN	/home/hphung/ce25_scratch2/Claude_DeepRL_Population_Models/real_ecology_runs/ricker_only_plus_72_20260720/runtime_snapshot_routing_fix/docs/fix_implement_ecology_baseline/archive/PAPER_FAITHFUL_PLUS_MOOR_IMPLEMENTATION_PLAN.md
941fdc9fb091ca030734816813a0ab4ce21355aa28bc23bff847f536b696585f	59127	4	MAIN	/home/hphung/ce25_scratch2/Claude_DeepRL_Population_Models/docs/fix_implement_ecology_baseline/archive/PAPER_FAITHFUL_PLUS_MOOR_IMPLEMENTATION_PLAN.md
941fdc9fb091ca030734816813a0ab4ce21355aa28bc23bff847f536b696585f	59127	4	MAIN	/home/hphung/ce25_scratch2/Claude_DeepRL_Population_Models/real_ecology_runs/adapted_32cell_diagnostic_pending/code/docs/fix_implement_ecology_baseline/archive/PAPER_FAITHFUL_PLUS_MOOR_IMPLEMENTATION_PLAN.md
941fdc9fb091ca030734816813a0ab4ce21355aa28bc23bff847f536b696585f	59127	4	MAIN	/home/hphung/ce25_scratch2/Claude_DeepRL_Population_Models/real_ecology_runs/ricker_only_plus_72_20260720/runtime_snapshot/docs/fix_implement_ecology_baseline/archive/PAPER_FAITHFUL_PLUS_MOOR_IMPLEMENTATION_PLAN.md
95c0b26df9b1f02ab5d30ea68d8ec9b21f755d55b91ae7155fae3be6dd9036c1	25	4	ECO_FROZEN	/home/hphung/ce25_scratch2/Claude_DeepRL_Population_Models/real_ecology_runs/ricker_only_plus_72_20260720/runtime_snapshot_routing_fix/requirements.txt
95c0b26df9b1f02ab5d30ea68d8ec9b21f755d55b91ae7155fae3be6dd9036c1	25	4	MAIN	/home/hphung/ce25_scratch2/Claude_DeepRL_Population_Models/real_ecology_runs/adapted_32cell_diagnostic_pending/code/requirements.txt
95c0b26df9b1f02ab5d30ea68d8ec9b21f755d55b91ae7155fae3be6dd9036c1	25	4	MAIN	/home/hphung/ce25_scratch2/Claude_DeepRL_Population_Models/real_ecology_runs/ricker_only_plus_72_20260720/runtime_snapshot/requirements.txt
95c0b26df9b1f02ab5d30ea68d8ec9b21f755d55b91ae7155fae3be6dd9036c1	25	4	MAIN	/home/hphung/ce25_scratch2/Claude_DeepRL_Population_Models/requirements.txt
976a937caf9f31060368a01d6fe1608d6f1020085e5eb07bf1824e9dd58972ab	33096	4	ECO_FROZEN	/home/hphung/ce25_scratch2/Claude_DeepRL_Population_Models/real_ecology_runs/ricker_only_plus_72_20260720/runtime_snapshot_routing_fix/docs/history/22_6_Continuous_Observation_New_Baselines.tex
976a937caf9f31060368a01d6fe1608d6f1020085e5eb07bf1824e9dd58972ab	33096	4	MAIN	/home/hphung/ce25_scratch2/Claude_DeepRL_Population_Models/docs/history/22_6_Continuous_Observation_New_Baselines.tex
976a937caf9f31060368a01d6fe1608d6f1020085e5eb07bf1824e9dd58972ab	33096	4	MAIN	/home/hphung/ce25_scratch2/Claude_DeepRL_Population_Models/real_ecology_runs/adapted_32cell_diagnostic_pending/code/docs/history/22_6_Continuous_Observation_New_Baselines.tex
976a937caf9f31060368a01d6fe1608d6f1020085e5eb07bf1824e9dd58972ab	33096	4	MAIN	/home/hphung/ce25_scratch2/Claude_DeepRL_Population_Models/real_ecology_runs/ricker_only_plus_72_20260720/runtime_snapshot/docs/history/22_6_Continuous_Observation_New_Baselines.tex
99a1ec43fbb156fce478f5f2c3965f43335d76141d30b344dc940f40aa29deaf	2043	4	ECO_FROZEN	/home/hphung/ce25_scratch2/Claude_DeepRL_Population_Models/real_ecology_runs/ricker_only_plus_72_20260720/runtime_snapshot_routing_fix/docs/history/reproducibility.md
99a1ec43fbb156fce478f5f2c3965f43335d76141d30b344dc940f40aa29deaf	2043	4	MAIN	/home/hphung/ce25_scratch2/Claude_DeepRL_Population_Models/docs/history/reproducibility.md
99a1ec43fbb156fce478f5f2c3965f43335d76141d30b344dc940f40aa29deaf	2043	4	MAIN	/home/hphung/ce25_scratch2/Claude_DeepRL_Population_Models/real_ecology_runs/adapted_32cell_diagnostic_pending/code/docs/history/reproducibility.md
99a1ec43fbb156fce478f5f2c3965f43335d76141d30b344dc940f40aa29deaf	2043	4	MAIN	/home/hphung/ce25_scratch2/Claude_DeepRL_Population_Models/real_ecology_runs/ricker_only_plus_72_20260720/runtime_snapshot/docs/history/reproducibility.md
9a268150346560fb06a0dc0d2a465236df3de0b750ee7339e588f2a34003f582	10212	4	ECO_FROZEN	/home/hphung/ce25_scratch2/Claude_DeepRL_Population_Models/real_ecology_runs/ricker_only_plus_72_20260720/runtime_snapshot_routing_fix/docs/fix_implement_ecology_baseline/archive/CLAUDE_DIRECTIVE_FIX_BEFORE_RESUBMIT_PLUS_MOOR.md
9a268150346560fb06a0dc0d2a465236df3de0b750ee7339e588f2a34003f582	10212	4	MAIN	/home/hphung/ce25_scratch2/Claude_DeepRL_Population_Models/docs/fix_implement_ecology_baseline/archive/CLAUDE_DIRECTIVE_FIX_BEFORE_RESUBMIT_PLUS_MOOR.md
9a268150346560fb06a0dc0d2a465236df3de0b750ee7339e588f2a34003f582	10212	4	MAIN	/home/hphung/ce25_scratch2/Claude_DeepRL_Population_Models/real_ecology_runs/adapted_32cell_diagnostic_pending/code/docs/fix_implement_ecology_baseline/archive/CLAUDE_DIRECTIVE_FIX_BEFORE_RESUBMIT_PLUS_MOOR.md
9a268150346560fb06a0dc0d2a465236df3de0b750ee7339e588f2a34003f582	10212	4	MAIN	/home/hphung/ce25_scratch2/Claude_DeepRL_Population_Models/real_ecology_runs/ricker_only_plus_72_20260720/runtime_snapshot/docs/fix_implement_ecology_baseline/archive/CLAUDE_DIRECTIVE_FIX_BEFORE_RESUBMIT_PLUS_MOOR.md
9c6b83f4dec0ddce8a0e29b85c6d4c5f12f6954329623ee6058a956fffca6888	6357	4	ECO_FROZEN	/home/hphung/ce25_scratch2/Claude_DeepRL_Population_Models/real_ecology_runs/ricker_only_plus_72_20260720/runtime_snapshot_routing_fix/docs/history/codex_claude_conversation_md/136_claude_ask_codex_modify.md
9c6b83f4dec0ddce8a0e29b85c6d4c5f12f6954329623ee6058a956fffca6888	6357	4	MAIN	/home/hphung/ce25_scratch2/Claude_DeepRL_Population_Models/docs/history/codex_claude_conversation_md/136_claude_ask_codex_modify.md
9c6b83f4dec0ddce8a0e29b85c6d4c5f12f6954329623ee6058a956fffca6888	6357	4	MAIN	/home/hphung/ce25_scratch2/Claude_DeepRL_Population_Models/real_ecology_runs/adapted_32cell_diagnostic_pending/code/docs/history/codex_claude_conversation_md/136_claude_ask_codex_modify.md
9c6b83f4dec0ddce8a0e29b85c6d4c5f12f6954329623ee6058a956fffca6888	6357	4	MAIN	/home/hphung/ce25_scratch2/Claude_DeepRL_Population_Models/real_ecology_runs/ricker_only_plus_72_20260720/runtime_snapshot/docs/history/codex_claude_conversation_md/136_claude_ask_codex_modify.md
a0226cab334a43928bec938f770e1f0f566ab98eaed56f3543942b7e4382f7e1	9176	4	ECO_FROZEN	/home/hphung/ce25_scratch2/Claude_DeepRL_Population_Models/real_ecology_runs/ricker_only_plus_72_20260720/runtime_snapshot_routing_fix/docs/history/codex_claude_conversation_md/codex_116_implementation_summary.md
a0226cab334a43928bec938f770e1f0f566ab98eaed56f3543942b7e4382f7e1	9176	4	MAIN	/home/hphung/ce25_scratch2/Claude_DeepRL_Population_Models/docs/history/codex_claude_conversation_md/codex_116_implementation_summary.md
a0226cab334a43928bec938f770e1f0f566ab98eaed56f3543942b7e4382f7e1	9176	4	MAIN	/home/hphung/ce25_scratch2/Claude_DeepRL_Population_Models/real_ecology_runs/adapted_32cell_diagnostic_pending/code/docs/history/codex_claude_conversation_md/codex_116_implementation_summary.md
a0226cab334a43928bec938f770e1f0f566ab98eaed56f3543942b7e4382f7e1	9176	4	MAIN	/home/hphung/ce25_scratch2/Claude_DeepRL_Population_Models/real_ecology_runs/ricker_only_plus_72_20260720/runtime_snapshot/docs/history/codex_claude_conversation_md/codex_116_implementation_summary.md
a21d632f2770d353e68f5eac4a491911c3320c91a67dece91f30f9e75835f5b2	3230	4	ECO_FROZEN	/home/hphung/ce25_scratch2/Claude_DeepRL_Population_Models/real_ecology_runs/ricker_only_plus_72_20260720/runtime_snapshot_routing_fix/docs/history/codex_claude_conversation_md/codex_ask_claude_recheck_116_action_authority.md
a21d632f2770d353e68f5eac4a491911c3320c91a67dece91f30f9e75835f5b2	3230	4	MAIN	/home/hphung/ce25_scratch2/Claude_DeepRL_Population_Models/docs/history/codex_claude_conversation_md/codex_ask_claude_recheck_116_action_authority.md
a21d632f2770d353e68f5eac4a491911c3320c91a67dece91f30f9e75835f5b2	3230	4	MAIN	/home/hphung/ce25_scratch2/Claude_DeepRL_Population_Models/real_ecology_runs/adapted_32cell_diagnostic_pending/code/docs/history/codex_claude_conversation_md/codex_ask_claude_recheck_116_action_authority.md
a21d632f2770d353e68f5eac4a491911c3320c91a67dece91f30f9e75835f5b2	3230	4	MAIN	/home/hphung/ce25_scratch2/Claude_DeepRL_Population_Models/real_ecology_runs/ricker_only_plus_72_20260720/runtime_snapshot/docs/history/codex_claude_conversation_md/codex_ask_claude_recheck_116_action_authority.md
a3746a4ed9096629b0c8fec014ca3c40552e71e5af8fc4b42fa5d56262e54115	11974	4	ECO_FROZEN	/home/hphung/ce25_scratch2/Claude_DeepRL_Population_Models/real_ecology_runs/ricker_only_plus_72_20260720/runtime_snapshot_routing_fix/docs/history/29_6_REAL_ECOLOGY_IMPLEMENTATION_ALIGNMENT_GUIDE.md
a3746a4ed9096629b0c8fec014ca3c40552e71e5af8fc4b42fa5d56262e54115	11974	4	MAIN	/home/hphung/ce25_scratch2/Claude_DeepRL_Population_Models/docs/history/29_6_REAL_ECOLOGY_IMPLEMENTATION_ALIGNMENT_GUIDE.md
a3746a4ed9096629b0c8fec014ca3c40552e71e5af8fc4b42fa5d56262e54115	11974	4	MAIN	/home/hphung/ce25_scratch2/Claude_DeepRL_Population_Models/real_ecology_runs/adapted_32cell_diagnostic_pending/code/docs/history/29_6_REAL_ECOLOGY_IMPLEMENTATION_ALIGNMENT_GUIDE.md
a3746a4ed9096629b0c8fec014ca3c40552e71e5af8fc4b42fa5d56262e54115	11974	4	MAIN	/home/hphung/ce25_scratch2/Claude_DeepRL_Population_Models/real_ecology_runs/ricker_only_plus_72_20260720/runtime_snapshot/docs/history/29_6_REAL_ECOLOGY_IMPLEMENTATION_ALIGNMENT_GUIDE.md
a3b0d829ec5a1ff7838e550cf7567672fde43fc6ded2475dcca8b99ec9ccdcef	1718	4	ECO_FROZEN	/home/hphung/ce25_scratch2/Claude_DeepRL_Population_Models/real_ecology_runs/ricker_only_plus_72_20260720/runtime_snapshot_routing_fix/baseline_original/README.md
a3b0d829ec5a1ff7838e550cf7567672fde43fc6ded2475dcca8b99ec9ccdcef	1718	4	MAIN	/home/hphung/ce25_scratch2/Claude_DeepRL_Population_Models/baseline_original/README.md
a3b0d829ec5a1ff7838e550cf7567672fde43fc6ded2475dcca8b99ec9ccdcef	1718	4	MAIN	/home/hphung/ce25_scratch2/Claude_DeepRL_Population_Models/real_ecology_runs/adapted_32cell_diagnostic_pending/code/baseline_original/README.md
a3b0d829ec5a1ff7838e550cf7567672fde43fc6ded2475dcca8b99ec9ccdcef	1718	4	MAIN	/home/hphung/ce25_scratch2/Claude_DeepRL_Population_Models/real_ecology_runs/ricker_only_plus_72_20260720/runtime_snapshot/baseline_original/README.md
a6230cd81648c6f59f00940327baf12afd6d7eb702c0af60aadf68192bea1765	56789	4	ECO_FROZEN	/home/hphung/ce25_scratch2/Claude_DeepRL_Population_Models/real_ecology_runs/ricker_only_plus_72_20260720/runtime_snapshot_routing_fix/docs/history/planning/codex_stress_pomdp_22_6_tier2_continuous_implementation_plan.md
a6230cd81648c6f59f00940327baf12afd6d7eb702c0af60aadf68192bea1765	56789	4	MAIN	/home/hphung/ce25_scratch2/Claude_DeepRL_Population_Models/docs/history/planning/codex_stress_pomdp_22_6_tier2_continuous_implementation_plan.md
a6230cd81648c6f59f00940327baf12afd6d7eb702c0af60aadf68192bea1765	56789	4	MAIN	/home/hphung/ce25_scratch2/Claude_DeepRL_Population_Models/real_ecology_runs/adapted_32cell_diagnostic_pending/code/docs/history/planning/codex_stress_pomdp_22_6_tier2_continuous_implementation_plan.md
a6230cd81648c6f59f00940327baf12afd6d7eb702c0af60aadf68192bea1765	56789	4	MAIN	/home/hphung/ce25_scratch2/Claude_DeepRL_Population_Models/real_ecology_runs/ricker_only_plus_72_20260720/runtime_snapshot/docs/history/planning/codex_stress_pomdp_22_6_tier2_continuous_implementation_plan.md
a7a4d1d048eec84d321ac55551b3078b20fa04c6eb68d54f49b23c9ab52c9b0a	8181	4	ECO_FROZEN	/home/hphung/ce25_scratch2/Claude_DeepRL_Population_Models/real_ecology_runs/ricker_only_plus_72_20260720/runtime_snapshot_routing_fix/docs/fix_implement_ecology_baseline/archive/CLAUDE_AUDIT_CORRECTED_PLUS_MOOR_IMPLEMENTATION.md
a7a4d1d048eec84d321ac55551b3078b20fa04c6eb68d54f49b23c9ab52c9b0a	8181	4	MAIN	/home/hphung/ce25_scratch2/Claude_DeepRL_Population_Models/docs/fix_implement_ecology_baseline/archive/CLAUDE_AUDIT_CORRECTED_PLUS_MOOR_IMPLEMENTATION.md
a7a4d1d048eec84d321ac55551b3078b20fa04c6eb68d54f49b23c9ab52c9b0a	8181	4	MAIN	/home/hphung/ce25_scratch2/Claude_DeepRL_Population_Models/real_ecology_runs/adapted_32cell_diagnostic_pending/code/docs/fix_implement_ecology_baseline/archive/CLAUDE_AUDIT_CORRECTED_PLUS_MOOR_IMPLEMENTATION.md
a7a4d1d048eec84d321ac55551b3078b20fa04c6eb68d54f49b23c9ab52c9b0a	8181	4	MAIN	/home/hphung/ce25_scratch2/Claude_DeepRL_Population_Models/real_ecology_runs/ricker_only_plus_72_20260720/runtime_snapshot/docs/fix_implement_ecology_baseline/archive/CLAUDE_AUDIT_CORRECTED_PLUS_MOOR_IMPLEMENTATION.md
a9abc21689fc3ebb84f2768864e2cf3baa574f5618434d0420b0f0c4b819b9c7	2721	4	ECO_FROZEN	/home/hphung/ce25_scratch2/Claude_DeepRL_Population_Models/real_ecology_runs/ricker_only_plus_72_20260720/runtime_snapshot_routing_fix/baseline_original/python_port/src/simulations/build_matrices_hmMDP.py
a9abc21689fc3ebb84f2768864e2cf3baa574f5618434d0420b0f0c4b819b9c7	2721	4	MAIN	/home/hphung/ce25_scratch2/Claude_DeepRL_Population_Models/baseline_original/python_port/src/simulations/build_matrices_hmMDP.py
a9abc21689fc3ebb84f2768864e2cf3baa574f5618434d0420b0f0c4b819b9c7	2721	4	MAIN	/home/hphung/ce25_scratch2/Claude_DeepRL_Population_Models/real_ecology_runs/adapted_32cell_diagnostic_pending/code/baseline_original/python_port/src/simulations/build_matrices_hmMDP.py
a9abc21689fc3ebb84f2768864e2cf3baa574f5618434d0420b0f0c4b819b9c7	2721	4	MAIN	/home/hphung/ce25_scratch2/Claude_DeepRL_Population_Models/real_ecology_runs/ricker_only_plus_72_20260720/runtime_snapshot/baseline_original/python_port/src/simulations/build_matrices_hmMDP.py
aa5bc25add1cf90801b2d8a5a79c84fec2618b0f12727b64e075c3e2feac2f17	9123	4	ECO_FROZEN	/home/hphung/ce25_scratch2/Claude_DeepRL_Population_Models/real_ecology_runs/ricker_only_plus_72_20260720/runtime_snapshot_routing_fix/docs/history/HANDOFF_reduce_duplication_2026-07-09.md
aa5bc25add1cf90801b2d8a5a79c84fec2618b0f12727b64e075c3e2feac2f17	9123	4	MAIN	/home/hphung/ce25_scratch2/Claude_DeepRL_Population_Models/docs/history/HANDOFF_reduce_duplication_2026-07-09.md
aa5bc25add1cf90801b2d8a5a79c84fec2618b0f12727b64e075c3e2feac2f17	9123	4	MAIN	/home/hphung/ce25_scratch2/Claude_DeepRL_Population_Models/real_ecology_runs/adapted_32cell_diagnostic_pending/code/docs/history/HANDOFF_reduce_duplication_2026-07-09.md
aa5bc25add1cf90801b2d8a5a79c84fec2618b0f12727b64e075c3e2feac2f17	9123	4	MAIN	/home/hphung/ce25_scratch2/Claude_DeepRL_Population_Models/real_ecology_runs/ricker_only_plus_72_20260720/runtime_snapshot/docs/history/HANDOFF_reduce_duplication_2026-07-09.md
aac0bc1f671c64a39df970b12f757379819563eff8788994eb38a15bd43424e2	8533	4	ECO_FROZEN	/home/hphung/ce25_scratch2/Claude_DeepRL_Population_Models/real_ecology_runs/ricker_only_plus_72_20260720/runtime_snapshot_routing_fix/docs/benchmark/SERVER_REVIEW_standalone_report_readiness.md
aac0bc1f671c64a39df970b12f757379819563eff8788994eb38a15bd43424e2	8533	4	MAIN	/home/hphung/ce25_scratch2/Claude_DeepRL_Population_Models/docs/benchmark/SERVER_REVIEW_standalone_report_readiness.md
aac0bc1f671c64a39df970b12f757379819563eff8788994eb38a15bd43424e2	8533	4	MAIN	/home/hphung/ce25_scratch2/Claude_DeepRL_Population_Models/real_ecology_runs/adapted_32cell_diagnostic_pending/code/docs/benchmark/SERVER_REVIEW_standalone_report_readiness.md
aac0bc1f671c64a39df970b12f757379819563eff8788994eb38a15bd43424e2	8533	4	MAIN	/home/hphung/ce25_scratch2/Claude_DeepRL_Population_Models/real_ecology_runs/ricker_only_plus_72_20260720/runtime_snapshot/docs/benchmark/SERVER_REVIEW_standalone_report_readiness.md
aaf9ff10175dfd02e374e0e19ef61f6f6a1c26d38a5c4e548b5c99af139d890b	2292	4	ECO_FROZEN	/home/hphung/ce25_scratch2/Claude_DeepRL_Population_Models/real_ecology_runs/ricker_only_plus_72_20260720/runtime_snapshot_routing_fix/baseline_original/python_port/src/simulations/sim_mdp_parameter_uncertainty.py
aaf9ff10175dfd02e374e0e19ef61f6f6a1c26d38a5c4e548b5c99af139d890b	2292	4	MAIN	/home/hphung/ce25_scratch2/Claude_DeepRL_Population_Models/baseline_original/python_port/src/simulations/sim_mdp_parameter_uncertainty.py
aaf9ff10175dfd02e374e0e19ef61f6f6a1c26d38a5c4e548b5c99af139d890b	2292	4	MAIN	/home/hphung/ce25_scratch2/Claude_DeepRL_Population_Models/real_ecology_runs/adapted_32cell_diagnostic_pending/code/baseline_original/python_port/src/simulations/sim_mdp_parameter_uncertainty.py
aaf9ff10175dfd02e374e0e19ef61f6f6a1c26d38a5c4e548b5c99af139d890b	2292	4	MAIN	/home/hphung/ce25_scratch2/Claude_DeepRL_Population_Models/real_ecology_runs/ricker_only_plus_72_20260720/runtime_snapshot/baseline_original/python_port/src/simulations/sim_mdp_parameter_uncertainty.py
ab0c37bc03ff8bc3a60b4d303bac42a85df99b03ae475ff9fbaaade9719fc0a7	11060	4	ECO_FROZEN	/home/hphung/ce25_scratch2/Claude_DeepRL_Population_Models/real_ecology_runs/ricker_only_plus_72_20260720/runtime_snapshot_routing_fix/docs/fix_implement_ecology_baseline/archive/SERVER_HANDOFF_RUN_CORRECTED_ADAPTED_PLUS_MOOR.md
ab0c37bc03ff8bc3a60b4d303bac42a85df99b03ae475ff9fbaaade9719fc0a7	11060	4	MAIN	/home/hphung/ce25_scratch2/Claude_DeepRL_Population_Models/docs/fix_implement_ecology_baseline/archive/SERVER_HANDOFF_RUN_CORRECTED_ADAPTED_PLUS_MOOR.md
ab0c37bc03ff8bc3a60b4d303bac42a85df99b03ae475ff9fbaaade9719fc0a7	11060	4	MAIN	/home/hphung/ce25_scratch2/Claude_DeepRL_Population_Models/real_ecology_runs/adapted_32cell_diagnostic_pending/code/docs/fix_implement_ecology_baseline/archive/SERVER_HANDOFF_RUN_CORRECTED_ADAPTED_PLUS_MOOR.md
ab0c37bc03ff8bc3a60b4d303bac42a85df99b03ae475ff9fbaaade9719fc0a7	11060	4	MAIN	/home/hphung/ce25_scratch2/Claude_DeepRL_Population_Models/real_ecology_runs/ricker_only_plus_72_20260720/runtime_snapshot/docs/fix_implement_ecology_baseline/archive/SERVER_HANDOFF_RUN_CORRECTED_ADAPTED_PLUS_MOOR.md
ab9cd81ccd40d5a2544804a529a5705dd04d8e04abd360db02cccc2639b95bac	48235	4	ECO_FROZEN	/home/hphung/ce25_scratch2/Claude_DeepRL_Population_Models/real_ecology_runs/ricker_only_plus_72_20260720/runtime_snapshot_routing_fix/docs/benchmark/hide_r_k/SERVER_PLAN_REVIEW_hide_rK.md
ab9cd81ccd40d5a2544804a529a5705dd04d8e04abd360db02cccc2639b95bac	48235	4	MAIN	/home/hphung/ce25_scratch2/Claude_DeepRL_Population_Models/docs/benchmark/hide_r_k/SERVER_PLAN_REVIEW_hide_rK.md
ab9cd81ccd40d5a2544804a529a5705dd04d8e04abd360db02cccc2639b95bac	48235	4	MAIN	/home/hphung/ce25_scratch2/Claude_DeepRL_Population_Models/real_ecology_runs/adapted_32cell_diagnostic_pending/code/docs/benchmark/hide_r_k/SERVER_PLAN_REVIEW_hide_rK.md
ab9cd81ccd40d5a2544804a529a5705dd04d8e04abd360db02cccc2639b95bac	48235	4	MAIN	/home/hphung/ce25_scratch2/Claude_DeepRL_Population_Models/real_ecology_runs/ricker_only_plus_72_20260720/runtime_snapshot/docs/benchmark/hide_r_k/SERVER_PLAN_REVIEW_hide_rK.md
ad1d0fe614dcf7fc71935d3fece0f8dda1e79f8da015377f3e7ea477ffceaaa1	10936	4	ECO_FROZEN	/home/hphung/ce25_scratch2/Claude_DeepRL_Population_Models/real_ecology_runs/ricker_only_plus_72_20260720/runtime_snapshot_routing_fix/docs/fix_implement_ecology_baseline/CODE_SERVER_AUDIT_AND_FINISH_PAPER_ALIGNED_PLUS_MOOR.md
ad1d0fe614dcf7fc71935d3fece0f8dda1e79f8da015377f3e7ea477ffceaaa1	10936	4	MAIN	/home/hphung/ce25_scratch2/Claude_DeepRL_Population_Models/docs/fix_implement_ecology_baseline/CODE_SERVER_AUDIT_AND_FINISH_PAPER_ALIGNED_PLUS_MOOR.md
ad1d0fe614dcf7fc71935d3fece0f8dda1e79f8da015377f3e7ea477ffceaaa1	10936	4	MAIN	/home/hphung/ce25_scratch2/Claude_DeepRL_Population_Models/real_ecology_runs/adapted_32cell_diagnostic_pending/code/docs/fix_implement_ecology_baseline/CODE_SERVER_AUDIT_AND_FINISH_PAPER_ALIGNED_PLUS_MOOR.md
ad1d0fe614dcf7fc71935d3fece0f8dda1e79f8da015377f3e7ea477ffceaaa1	10936	4	MAIN	/home/hphung/ce25_scratch2/Claude_DeepRL_Population_Models/real_ecology_runs/ricker_only_plus_72_20260720/runtime_snapshot/docs/fix_implement_ecology_baseline/CODE_SERVER_AUDIT_AND_FINISH_PAPER_ALIGNED_PLUS_MOOR.md
aeb1f1383d34dac97ca2862e5a238a2aa0bb2e4c1425a613ef38e2bf883eb8ad	2567	4	ECO_FROZEN	/home/hphung/ce25_scratch2/Claude_DeepRL_Population_Models/real_ecology_runs/ricker_only_plus_72_20260720/runtime_snapshot_routing_fix/docs/fix_implement_ecology_baseline/archive/INDEX.md
aeb1f1383d34dac97ca2862e5a238a2aa0bb2e4c1425a613ef38e2bf883eb8ad	2567	4	MAIN	/home/hphung/ce25_scratch2/Claude_DeepRL_Population_Models/docs/fix_implement_ecology_baseline/archive/INDEX.md
aeb1f1383d34dac97ca2862e5a238a2aa0bb2e4c1425a613ef38e2bf883eb8ad	2567	4	MAIN	/home/hphung/ce25_scratch2/Claude_DeepRL_Population_Models/real_ecology_runs/adapted_32cell_diagnostic_pending/code/docs/fix_implement_ecology_baseline/archive/INDEX.md
aeb1f1383d34dac97ca2862e5a238a2aa0bb2e4c1425a613ef38e2bf883eb8ad	2567	4	MAIN	/home/hphung/ce25_scratch2/Claude_DeepRL_Population_Models/real_ecology_runs/ricker_only_plus_72_20260720/runtime_snapshot/docs/fix_implement_ecology_baseline/archive/INDEX.md
b2a3ab808d3da18a4d709272fe2b5683a9d27172e922242e45a8115b90c7a17e	27122	4	ECO_FROZEN	/home/hphung/ce25_scratch2/Claude_DeepRL_Population_Models/real_ecology_runs/ricker_only_plus_72_20260720/runtime_snapshot_routing_fix/docs/history/29_6_Real_Ecological_Data_Actions_and_Costs.tex
b2a3ab808d3da18a4d709272fe2b5683a9d27172e922242e45a8115b90c7a17e	27122	4	MAIN	/home/hphung/ce25_scratch2/Claude_DeepRL_Population_Models/docs/history/29_6_Real_Ecological_Data_Actions_and_Costs.tex
b2a3ab808d3da18a4d709272fe2b5683a9d27172e922242e45a8115b90c7a17e	27122	4	MAIN	/home/hphung/ce25_scratch2/Claude_DeepRL_Population_Models/real_ecology_runs/adapted_32cell_diagnostic_pending/code/docs/history/29_6_Real_Ecological_Data_Actions_and_Costs.tex
b2a3ab808d3da18a4d709272fe2b5683a9d27172e922242e45a8115b90c7a17e	27122	4	MAIN	/home/hphung/ce25_scratch2/Claude_DeepRL_Population_Models/real_ecology_runs/ricker_only_plus_72_20260720/runtime_snapshot/docs/history/29_6_Real_Ecological_Data_Actions_and_Costs.tex
b8ecc16fdb174326a1797c4cb8b22695506227f53a9bd6fffc092fcae8f921e7	5677	4	ECO_FROZEN	/home/hphung/ce25_scratch2/Claude_DeepRL_Population_Models/real_ecology_runs/ricker_only_plus_72_20260720/runtime_snapshot_routing_fix/baseline_original/python_port/src/Dirichlet solver/dirichlet_solver.py
b8ecc16fdb174326a1797c4cb8b22695506227f53a9bd6fffc092fcae8f921e7	5677	4	MAIN	/home/hphung/ce25_scratch2/Claude_DeepRL_Population_Models/baseline_original/python_port/src/Dirichlet solver/dirichlet_solver.py
b8ecc16fdb174326a1797c4cb8b22695506227f53a9bd6fffc092fcae8f921e7	5677	4	MAIN	/home/hphung/ce25_scratch2/Claude_DeepRL_Population_Models/real_ecology_runs/adapted_32cell_diagnostic_pending/code/baseline_original/python_port/src/Dirichlet solver/dirichlet_solver.py
b8ecc16fdb174326a1797c4cb8b22695506227f53a9bd6fffc092fcae8f921e7	5677	4	MAIN	/home/hphung/ce25_scratch2/Claude_DeepRL_Population_Models/real_ecology_runs/ricker_only_plus_72_20260720/runtime_snapshot/baseline_original/python_port/src/Dirichlet solver/dirichlet_solver.py
b909b2e4809a2955d95d1534f0035466f7d2aa08f735cbcaeee8ae09de3292f7	20921	4	ECO_FROZEN	/home/hphung/ce25_scratch2/Claude_DeepRL_Population_Models/real_ecology_runs/ricker_only_plus_72_20260720/runtime_snapshot_routing_fix/docs/history/add_baseline_md/add_baseline_offlinerl_ecology.md
b909b2e4809a2955d95d1534f0035466f7d2aa08f735cbcaeee8ae09de3292f7	20921	4	MAIN	/home/hphung/ce25_scratch2/Claude_DeepRL_Population_Models/docs/history/add_baseline_md/add_baseline_offlinerl_ecology.md
b909b2e4809a2955d95d1534f0035466f7d2aa08f735cbcaeee8ae09de3292f7	20921	4	MAIN	/home/hphung/ce25_scratch2/Claude_DeepRL_Population_Models/real_ecology_runs/adapted_32cell_diagnostic_pending/code/docs/history/add_baseline_md/add_baseline_offlinerl_ecology.md
b909b2e4809a2955d95d1534f0035466f7d2aa08f735cbcaeee8ae09de3292f7	20921	4	MAIN	/home/hphung/ce25_scratch2/Claude_DeepRL_Population_Models/real_ecology_runs/ricker_only_plus_72_20260720/runtime_snapshot/docs/history/add_baseline_md/add_baseline_offlinerl_ecology.md
b922afe747821a8d14e4f214d138b68e030f53cca607379af1a498a08174632f	9663	4	ECO_FROZEN	/home/hphung/ce25_scratch2/Claude_DeepRL_Population_Models/real_ecology_runs/ricker_only_plus_72_20260720/runtime_snapshot_routing_fix/docs/real_ecology_history/AUDIT_psafe_overnight_experiment_2026-07-05.md
b922afe747821a8d14e4f214d138b68e030f53cca607379af1a498a08174632f	9663	4	MAIN	/home/hphung/ce25_scratch2/Claude_DeepRL_Population_Models/docs/real_ecology_history/AUDIT_psafe_overnight_experiment_2026-07-05.md
b922afe747821a8d14e4f214d138b68e030f53cca607379af1a498a08174632f	9663	4	MAIN	/home/hphung/ce25_scratch2/Claude_DeepRL_Population_Models/real_ecology_runs/adapted_32cell_diagnostic_pending/code/docs/real_ecology_history/AUDIT_psafe_overnight_experiment_2026-07-05.md
b922afe747821a8d14e4f214d138b68e030f53cca607379af1a498a08174632f	9663	4	MAIN	/home/hphung/ce25_scratch2/Claude_DeepRL_Population_Models/real_ecology_runs/ricker_only_plus_72_20260720/runtime_snapshot/docs/real_ecology_history/AUDIT_psafe_overnight_experiment_2026-07-05.md
bada1f56be760f50b541bbe40b7b34de465b1a06d17cb9b2bd8eba7085b8a3ec	10541	4	ECO_FROZEN	/home/hphung/ce25_scratch2/Claude_DeepRL_Population_Models/real_ecology_runs/ricker_only_plus_72_20260720/runtime_snapshot_routing_fix/baseline_original/python_port/tutorial/simplified_uams_demo.py
bada1f56be760f50b541bbe40b7b34de465b1a06d17cb9b2bd8eba7085b8a3ec	10541	4	MAIN	/home/hphung/ce25_scratch2/Claude_DeepRL_Population_Models/baseline_original/python_port/tutorial/simplified_uams_demo.py
bada1f56be760f50b541bbe40b7b34de465b1a06d17cb9b2bd8eba7085b8a3ec	10541	4	MAIN	/home/hphung/ce25_scratch2/Claude_DeepRL_Population_Models/real_ecology_runs/adapted_32cell_diagnostic_pending/code/baseline_original/python_port/tutorial/simplified_uams_demo.py
bada1f56be760f50b541bbe40b7b34de465b1a06d17cb9b2bd8eba7085b8a3ec	10541	4	MAIN	/home/hphung/ce25_scratch2/Claude_DeepRL_Population_Models/real_ecology_runs/ricker_only_plus_72_20260720/runtime_snapshot/baseline_original/python_port/tutorial/simplified_uams_demo.py
bb6db79bf23484e92d72c2547fd2717d3cfa9564058d44772b08ff2c07a86e58	4782	4	ECO_FROZEN	/home/hphung/ce25_scratch2/Claude_DeepRL_Population_Models/real_ecology_runs/ricker_only_plus_72_20260720/runtime_snapshot_routing_fix/docs/fix_implement_ecology_baseline/archive/SERVER_IMPLEMENTATION_AND_SMOKE_HANDOFF_PAPER_FAITHFUL_PLUS_MOOR.md
bb6db79bf23484e92d72c2547fd2717d3cfa9564058d44772b08ff2c07a86e58	4782	4	MAIN	/home/hphung/ce25_scratch2/Claude_DeepRL_Population_Models/docs/fix_implement_ecology_baseline/archive/SERVER_IMPLEMENTATION_AND_SMOKE_HANDOFF_PAPER_FAITHFUL_PLUS_MOOR.md
bb6db79bf23484e92d72c2547fd2717d3cfa9564058d44772b08ff2c07a86e58	4782	4	MAIN	/home/hphung/ce25_scratch2/Claude_DeepRL_Population_Models/real_ecology_runs/adapted_32cell_diagnostic_pending/code/docs/fix_implement_ecology_baseline/archive/SERVER_IMPLEMENTATION_AND_SMOKE_HANDOFF_PAPER_FAITHFUL_PLUS_MOOR.md
bb6db79bf23484e92d72c2547fd2717d3cfa9564058d44772b08ff2c07a86e58	4782	4	MAIN	/home/hphung/ce25_scratch2/Claude_DeepRL_Population_Models/real_ecology_runs/ricker_only_plus_72_20260720/runtime_snapshot/docs/fix_implement_ecology_baseline/archive/SERVER_IMPLEMENTATION_AND_SMOKE_HANDOFF_PAPER_FAITHFUL_PLUS_MOOR.md
bc9bdbac6953d0df9c75295bb5f16e81c3f62127b3de25e2f3cfeac895705b2f	16925	4	ECO_FROZEN	/home/hphung/ce25_scratch2/Claude_DeepRL_Population_Models/real_ecology_runs/ricker_only_plus_72_20260720/runtime_snapshot_routing_fix/baseline_original/python_port/scripts/run_python_benchmarks.py
bc9bdbac6953d0df9c75295bb5f16e81c3f62127b3de25e2f3cfeac895705b2f	16925	4	MAIN	/home/hphung/ce25_scratch2/Claude_DeepRL_Population_Models/baseline_original/python_port/scripts/run_python_benchmarks.py
bc9bdbac6953d0df9c75295bb5f16e81c3f62127b3de25e2f3cfeac895705b2f	16925	4	MAIN	/home/hphung/ce25_scratch2/Claude_DeepRL_Population_Models/real_ecology_runs/adapted_32cell_diagnostic_pending/code/baseline_original/python_port/scripts/run_python_benchmarks.py
bc9bdbac6953d0df9c75295bb5f16e81c3f62127b3de25e2f3cfeac895705b2f	16925	4	MAIN	/home/hphung/ce25_scratch2/Claude_DeepRL_Population_Models/real_ecology_runs/ricker_only_plus_72_20260720/runtime_snapshot/baseline_original/python_port/scripts/run_python_benchmarks.py
bd8a425a294ca6eaabab3a6dd0640d829402a19284b946db418bb4050ccfc72c	15784	4	ECO_FROZEN	/home/hphung/ce25_scratch2/Claude_DeepRL_Population_Models/real_ecology_runs/ricker_only_plus_72_20260720/runtime_snapshot_routing_fix/docs/fix_implement_ecology_baseline/archive/EXTERNAL_REVIEW_PROMPT_PAPER_FAITHFUL_PLUS_MOOR.md
bd8a425a294ca6eaabab3a6dd0640d829402a19284b946db418bb4050ccfc72c	15784	4	MAIN	/home/hphung/ce25_scratch2/Claude_DeepRL_Population_Models/docs/fix_implement_ecology_baseline/archive/EXTERNAL_REVIEW_PROMPT_PAPER_FAITHFUL_PLUS_MOOR.md
bd8a425a294ca6eaabab3a6dd0640d829402a19284b946db418bb4050ccfc72c	15784	4	MAIN	/home/hphung/ce25_scratch2/Claude_DeepRL_Population_Models/real_ecology_runs/adapted_32cell_diagnostic_pending/code/docs/fix_implement_ecology_baseline/archive/EXTERNAL_REVIEW_PROMPT_PAPER_FAITHFUL_PLUS_MOOR.md
bd8a425a294ca6eaabab3a6dd0640d829402a19284b946db418bb4050ccfc72c	15784	4	MAIN	/home/hphung/ce25_scratch2/Claude_DeepRL_Population_Models/real_ecology_runs/ricker_only_plus_72_20260720/runtime_snapshot/docs/fix_implement_ecology_baseline/archive/EXTERNAL_REVIEW_PROMPT_PAPER_FAITHFUL_PLUS_MOOR.md
bdb084411c6b3fe4b9f02e2661214c27d4e1f37055619beae082cd48b4a3025b	619	4	MAIN	/home/hphung/ce25_scratch2/Claude_DeepRL_Population_Models/real_ecology_runs/paper_faithful_smoke_20260717/evaluation/regime_hidden/amur_tiger/ricker/sigma_0p1/data_real/backend_numpy/regime_hidden/reward_safe/plus_faithful_pbvi/faithful_internal/manifest_row_resolved.json
bdb084411c6b3fe4b9f02e2661214c27d4e1f37055619beae082cd48b4a3025b	619	4	MAIN	/home/hphung/ce25_scratch2/Claude_DeepRL_Population_Models/real_ecology_runs/paper_faithful_smoke_20260717_v2/evaluation/regime_hidden/amur_tiger/ricker/sigma_0p1/data_real/backend_numpy/regime_hidden/reward_safe/plus_faithful_pbvi/faithful_internal/manifest_row_resolved.json
bdb084411c6b3fe4b9f02e2661214c27d4e1f37055619beae082cd48b4a3025b	619	4	MAIN	/home/hphung/ce25_scratch2/Claude_DeepRL_Population_Models/real_ecology_runs/paper_faithful_smoke_20260717_v3/evaluation/regime_hidden/amur_tiger/ricker/sigma_0p1/data_real/backend_numpy/regime_hidden/reward_safe/plus_faithful_pbvi/faithful_internal/manifest_row_resolved.json
bdb084411c6b3fe4b9f02e2661214c27d4e1f37055619beae082cd48b4a3025b	619	4	MAIN	/home/hphung/ce25_scratch2/Claude_DeepRL_Population_Models/real_ecology_runs/paper_faithful_smoke_20260717_v4/evaluation/regime_hidden/amur_tiger/ricker/sigma_0p1/data_real/backend_numpy/regime_hidden/reward_safe/plus_faithful_pbvi/faithful_internal/manifest_row_resolved.json
be539700246fd8eca78b390267e6535106d43b6578705fd74333ae4949677da9	1554	4	ECO_FROZEN	/home/hphung/ce25_scratch2/Claude_DeepRL_Population_Models/real_ecology_runs/ricker_only_plus_72_20260720/runtime_snapshot_routing_fix/baseline_original/python_port/data/gouldian.py
be539700246fd8eca78b390267e6535106d43b6578705fd74333ae4949677da9	1554	4	MAIN	/home/hphung/ce25_scratch2/Claude_DeepRL_Population_Models/baseline_original/python_port/data/gouldian.py
be539700246fd8eca78b390267e6535106d43b6578705fd74333ae4949677da9	1554	4	MAIN	/home/hphung/ce25_scratch2/Claude_DeepRL_Population_Models/real_ecology_runs/adapted_32cell_diagnostic_pending/code/baseline_original/python_port/data/gouldian.py
be539700246fd8eca78b390267e6535106d43b6578705fd74333ae4949677da9	1554	4	MAIN	/home/hphung/ce25_scratch2/Claude_DeepRL_Population_Models/real_ecology_runs/ricker_only_plus_72_20260720/runtime_snapshot/baseline_original/python_port/data/gouldian.py
be55ce9658139ec4d2c4dfed70126da77dd3d384124ab00a9522286e72316172	28891	4	ECO_FROZEN	/home/hphung/ce25_scratch2/Claude_DeepRL_Population_Models/real_ecology_runs/ricker_only_plus_72_20260720/runtime_snapshot_routing_fix/docs/history/22_6_Continuous_Observation_Experiment_Results.tex
be55ce9658139ec4d2c4dfed70126da77dd3d384124ab00a9522286e72316172	28891	4	MAIN	/home/hphung/ce25_scratch2/Claude_DeepRL_Population_Models/docs/history/22_6_Continuous_Observation_Experiment_Results.tex
be55ce9658139ec4d2c4dfed70126da77dd3d384124ab00a9522286e72316172	28891	4	MAIN	/home/hphung/ce25_scratch2/Claude_DeepRL_Population_Models/real_ecology_runs/adapted_32cell_diagnostic_pending/code/docs/history/22_6_Continuous_Observation_Experiment_Results.tex
be55ce9658139ec4d2c4dfed70126da77dd3d384124ab00a9522286e72316172	28891	4	MAIN	/home/hphung/ce25_scratch2/Claude_DeepRL_Population_Models/real_ecology_runs/ricker_only_plus_72_20260720/runtime_snapshot/docs/history/22_6_Continuous_Observation_Experiment_Results.tex
c14423002b2091465e9166b1063c9543d154ec0e4887fd65dbc63f4c6f72735a	16259	4	ECO_FROZEN	/home/hphung/ce25_scratch2/Claude_DeepRL_Population_Models/real_ecology_runs/ricker_only_plus_72_20260720/runtime_snapshot_routing_fix/docs/history/PLAN_readability_fixes_axes_and_setpoint_rename_2026-07-09.md
c14423002b2091465e9166b1063c9543d154ec0e4887fd65dbc63f4c6f72735a	16259	4	MAIN	/home/hphung/ce25_scratch2/Claude_DeepRL_Population_Models/docs/history/PLAN_readability_fixes_axes_and_setpoint_rename_2026-07-09.md
c14423002b2091465e9166b1063c9543d154ec0e4887fd65dbc63f4c6f72735a	16259	4	MAIN	/home/hphung/ce25_scratch2/Claude_DeepRL_Population_Models/real_ecology_runs/adapted_32cell_diagnostic_pending/code/docs/history/PLAN_readability_fixes_axes_and_setpoint_rename_2026-07-09.md
c14423002b2091465e9166b1063c9543d154ec0e4887fd65dbc63f4c6f72735a	16259	4	MAIN	/home/hphung/ce25_scratch2/Claude_DeepRL_Population_Models/real_ecology_runs/ricker_only_plus_72_20260720/runtime_snapshot/docs/history/PLAN_readability_fixes_axes_and_setpoint_rename_2026-07-09.md
c38a140338daa7b7ea5bf8fccd44649b95a47f2ec793967cae190779be1eac3f	16110	4	ECO_FROZEN	/home/hphung/ce25_scratch2/Claude_DeepRL_Population_Models/real_ecology_runs/ricker_only_plus_72_20260720/runtime_snapshot_routing_fix/docs/benchmark/SERVER_METHOD_ADAPTATIONS_motivation_native.md
c38a140338daa7b7ea5bf8fccd44649b95a47f2ec793967cae190779be1eac3f	16110	4	MAIN	/home/hphung/ce25_scratch2/Claude_DeepRL_Population_Models/docs/benchmark/SERVER_METHOD_ADAPTATIONS_motivation_native.md
c38a140338daa7b7ea5bf8fccd44649b95a47f2ec793967cae190779be1eac3f	16110	4	MAIN	/home/hphung/ce25_scratch2/Claude_DeepRL_Population_Models/real_ecology_runs/adapted_32cell_diagnostic_pending/code/docs/benchmark/SERVER_METHOD_ADAPTATIONS_motivation_native.md
c38a140338daa7b7ea5bf8fccd44649b95a47f2ec793967cae190779be1eac3f	16110	4	MAIN	/home/hphung/ce25_scratch2/Claude_DeepRL_Population_Models/real_ecology_runs/ricker_only_plus_72_20260720/runtime_snapshot/docs/benchmark/SERVER_METHOD_ADAPTATIONS_motivation_native.md
c4ca7f83774ae85e27607f0c1666fd1d69fccf565b4633926e9481f9759ad23e	8455	4	ECO_FROZEN	/home/hphung/ce25_scratch2/Claude_DeepRL_Population_Models/real_ecology_runs/ricker_only_plus_72_20260720/runtime_snapshot_routing_fix/docs/fix_implement_ecology_baseline/archive/PROMPT_TO_CODEX_UPDATED_PLAN_CORRECTED_PLUS_MOOR.md
c4ca7f83774ae85e27607f0c1666fd1d69fccf565b4633926e9481f9759ad23e	8455	4	MAIN	/home/hphung/ce25_scratch2/Claude_DeepRL_Population_Models/docs/fix_implement_ecology_baseline/archive/PROMPT_TO_CODEX_UPDATED_PLAN_CORRECTED_PLUS_MOOR.md
c4ca7f83774ae85e27607f0c1666fd1d69fccf565b4633926e9481f9759ad23e	8455	4	MAIN	/home/hphung/ce25_scratch2/Claude_DeepRL_Population_Models/real_ecology_runs/adapted_32cell_diagnostic_pending/code/docs/fix_implement_ecology_baseline/archive/PROMPT_TO_CODEX_UPDATED_PLAN_CORRECTED_PLUS_MOOR.md
c4ca7f83774ae85e27607f0c1666fd1d69fccf565b4633926e9481f9759ad23e	8455	4	MAIN	/home/hphung/ce25_scratch2/Claude_DeepRL_Population_Models/real_ecology_runs/ricker_only_plus_72_20260720/runtime_snapshot/docs/fix_implement_ecology_baseline/archive/PROMPT_TO_CODEX_UPDATED_PLAN_CORRECTED_PLUS_MOOR.md
c56da396af3d3567b73530dbf10a969950e492574d7354a490308bf6b2cfc4a2	5212	4	ECO_FROZEN	/home/hphung/ce25_scratch2/Claude_DeepRL_Population_Models/real_ecology_runs/ricker_only_plus_72_20260720/runtime_snapshot_routing_fix/docs/benchmark/03_state_action_reward_reference.tex
c56da396af3d3567b73530dbf10a969950e492574d7354a490308bf6b2cfc4a2	5212	4	MAIN	/home/hphung/ce25_scratch2/Claude_DeepRL_Population_Models/docs/benchmark/03_state_action_reward_reference.tex
c56da396af3d3567b73530dbf10a969950e492574d7354a490308bf6b2cfc4a2	5212	4	MAIN	/home/hphung/ce25_scratch2/Claude_DeepRL_Population_Models/real_ecology_runs/adapted_32cell_diagnostic_pending/code/docs/benchmark/03_state_action_reward_reference.tex
c56da396af3d3567b73530dbf10a969950e492574d7354a490308bf6b2cfc4a2	5212	4	MAIN	/home/hphung/ce25_scratch2/Claude_DeepRL_Population_Models/real_ecology_runs/ricker_only_plus_72_20260720/runtime_snapshot/docs/benchmark/03_state_action_reward_reference.tex
c7bc126bc35239193049626914ad8a68f19d5c0df5c9677d2867424dd77c852c	1638	4	ECO_FROZEN	/home/hphung/ce25_scratch2/Claude_DeepRL_Population_Models/real_ecology_runs/ricker_only_plus_72_20260720/runtime_snapshot_routing_fix/baseline_original/python_port/src/solving hmMDP/main.py
c7bc126bc35239193049626914ad8a68f19d5c0df5c9677d2867424dd77c852c	1638	4	MAIN	/home/hphung/ce25_scratch2/Claude_DeepRL_Population_Models/baseline_original/python_port/src/solving hmMDP/main.py
c7bc126bc35239193049626914ad8a68f19d5c0df5c9677d2867424dd77c852c	1638	4	MAIN	/home/hphung/ce25_scratch2/Claude_DeepRL_Population_Models/real_ecology_runs/adapted_32cell_diagnostic_pending/code/baseline_original/python_port/src/solving hmMDP/main.py
c7bc126bc35239193049626914ad8a68f19d5c0df5c9677d2867424dd77c852c	1638	4	MAIN	/home/hphung/ce25_scratch2/Claude_DeepRL_Population_Models/real_ecology_runs/ricker_only_plus_72_20260720/runtime_snapshot/baseline_original/python_port/src/solving hmMDP/main.py
c96f8d4e1b477d78bd7e9b0c50e737b3019e9a1d7400d9308ecccfe147712ce3	5551	4	ECO_FROZEN	/home/hphung/ce25_scratch2/Claude_DeepRL_Population_Models/real_ecology_runs/ricker_only_plus_72_20260720/runtime_snapshot_routing_fix/docs/history/codex_claude_conversation_md/137_claude_final_benchmark_halfday_config.md
c96f8d4e1b477d78bd7e9b0c50e737b3019e9a1d7400d9308ecccfe147712ce3	5551	4	MAIN	/home/hphung/ce25_scratch2/Claude_DeepRL_Population_Models/docs/history/codex_claude_conversation_md/137_claude_final_benchmark_halfday_config.md
c96f8d4e1b477d78bd7e9b0c50e737b3019e9a1d7400d9308ecccfe147712ce3	5551	4	MAIN	/home/hphung/ce25_scratch2/Claude_DeepRL_Population_Models/real_ecology_runs/adapted_32cell_diagnostic_pending/code/docs/history/codex_claude_conversation_md/137_claude_final_benchmark_halfday_config.md
c96f8d4e1b477d78bd7e9b0c50e737b3019e9a1d7400d9308ecccfe147712ce3	5551	4	MAIN	/home/hphung/ce25_scratch2/Claude_DeepRL_Population_Models/real_ecology_runs/ricker_only_plus_72_20260720/runtime_snapshot/docs/history/codex_claude_conversation_md/137_claude_final_benchmark_halfday_config.md
cb26aa28f45b7ef5384282e15c9ea631650d4d9afb9290e0d6b7d26e903ac6a0	9856	4	ECO_FROZEN	/home/hphung/ce25_scratch2/Claude_DeepRL_Population_Models/real_ecology_runs/ricker_only_plus_72_20260720/runtime_snapshot_routing_fix/docs/fix_implement_ecology_baseline/PHASE2_RECONCILIATION_AND_RA_DECISION.md
cb26aa28f45b7ef5384282e15c9ea631650d4d9afb9290e0d6b7d26e903ac6a0	9856	4	MAIN	/home/hphung/ce25_scratch2/Claude_DeepRL_Population_Models/docs/fix_implement_ecology_baseline/PHASE2_RECONCILIATION_AND_RA_DECISION.md
cb26aa28f45b7ef5384282e15c9ea631650d4d9afb9290e0d6b7d26e903ac6a0	9856	4	MAIN	/home/hphung/ce25_scratch2/Claude_DeepRL_Population_Models/real_ecology_runs/adapted_32cell_diagnostic_pending/code/docs/fix_implement_ecology_baseline/PHASE2_RECONCILIATION_AND_RA_DECISION.md
cb26aa28f45b7ef5384282e15c9ea631650d4d9afb9290e0d6b7d26e903ac6a0	9856	4	MAIN	/home/hphung/ce25_scratch2/Claude_DeepRL_Population_Models/real_ecology_runs/ricker_only_plus_72_20260720/runtime_snapshot/docs/fix_implement_ecology_baseline/PHASE2_RECONCILIATION_AND_RA_DECISION.md
ce23e0fc3ab7f91a98a57aae5edb33d9dc03c0761d4832dd510b5cc7df553bff	2701	4	MAIN	/home/hphung/ce25_scratch2/Claude_DeepRL_Population_Models/real_ecology_runs/paper_faithful_smoke_20260717/code/scripts/make_paper_faithful_manifest.py
ce23e0fc3ab7f91a98a57aae5edb33d9dc03c0761d4832dd510b5cc7df553bff	2701	4	MAIN	/home/hphung/ce25_scratch2/Claude_DeepRL_Population_Models/real_ecology_runs/paper_faithful_smoke_20260717_v2/code/scripts/make_paper_faithful_manifest.py
ce23e0fc3ab7f91a98a57aae5edb33d9dc03c0761d4832dd510b5cc7df553bff	2701	4	MAIN	/home/hphung/ce25_scratch2/Claude_DeepRL_Population_Models/real_ecology_runs/paper_faithful_smoke_20260717_v3/code/scripts/make_paper_faithful_manifest.py
ce23e0fc3ab7f91a98a57aae5edb33d9dc03c0761d4832dd510b5cc7df553bff	2701	4	MAIN	/home/hphung/ce25_scratch2/Claude_DeepRL_Population_Models/real_ecology_runs/paper_faithful_smoke_20260717_v4/code/scripts/make_paper_faithful_manifest.py
d2d25db63bd19e08e4cc1ce0da38ade5588bf8c9aa5ee6949a32a80d0a2b6d32	1807	4	ECO_FROZEN	/home/hphung/ce25_scratch2/Claude_DeepRL_Population_Models/real_ecology_runs/ricker_only_plus_72_20260720/runtime_snapshot_routing_fix/baseline_original/python_port/README.md
d2d25db63bd19e08e4cc1ce0da38ade5588bf8c9aa5ee6949a32a80d0a2b6d32	1807	4	MAIN	/home/hphung/ce25_scratch2/Claude_DeepRL_Population_Models/baseline_original/python_port/README.md
d2d25db63bd19e08e4cc1ce0da38ade5588bf8c9aa5ee6949a32a80d0a2b6d32	1807	4	MAIN	/home/hphung/ce25_scratch2/Claude_DeepRL_Population_Models/real_ecology_runs/adapted_32cell_diagnostic_pending/code/baseline_original/python_port/README.md
d2d25db63bd19e08e4cc1ce0da38ade5588bf8c9aa5ee6949a32a80d0a2b6d32	1807	4	MAIN	/home/hphung/ce25_scratch2/Claude_DeepRL_Population_Models/real_ecology_runs/ricker_only_plus_72_20260720/runtime_snapshot/baseline_original/python_port/README.md
d5c720d13e7e4e81eda530e4d5790f68044e6f2891e5a212f13410230912f80e	21896	4	ECO_FROZEN	/home/hphung/ce25_scratch2/Claude_DeepRL_Population_Models/real_ecology_runs/ricker_only_plus_72_20260720/runtime_snapshot_routing_fix/docs/benchmark/09_motivation_native_results.tex
d5c720d13e7e4e81eda530e4d5790f68044e6f2891e5a212f13410230912f80e	21896	4	MAIN	/home/hphung/ce25_scratch2/Claude_DeepRL_Population_Models/docs/benchmark/09_motivation_native_results.tex
d5c720d13e7e4e81eda530e4d5790f68044e6f2891e5a212f13410230912f80e	21896	4	MAIN	/home/hphung/ce25_scratch2/Claude_DeepRL_Population_Models/real_ecology_runs/adapted_32cell_diagnostic_pending/code/docs/benchmark/09_motivation_native_results.tex
d5c720d13e7e4e81eda530e4d5790f68044e6f2891e5a212f13410230912f80e	21896	4	MAIN	/home/hphung/ce25_scratch2/Claude_DeepRL_Population_Models/real_ecology_runs/ricker_only_plus_72_20260720/runtime_snapshot/docs/benchmark/09_motivation_native_results.tex
d7fb20f18a86506920a34628b894f2ec639f3e207068039e9a7848edef3f8d9b	3508	4	ECO_FROZEN	/home/hphung/ce25_scratch2/Claude_DeepRL_Population_Models/real_ecology_runs/ricker_only_plus_72_20260720/runtime_snapshot_routing_fix/docs/benchmark/06_experiment_protocol_and_reproducibility.md
d7fb20f18a86506920a34628b894f2ec639f3e207068039e9a7848edef3f8d9b	3508	4	MAIN	/home/hphung/ce25_scratch2/Claude_DeepRL_Population_Models/docs/benchmark/06_experiment_protocol_and_reproducibility.md
d7fb20f18a86506920a34628b894f2ec639f3e207068039e9a7848edef3f8d9b	3508	4	MAIN	/home/hphung/ce25_scratch2/Claude_DeepRL_Population_Models/real_ecology_runs/adapted_32cell_diagnostic_pending/code/docs/benchmark/06_experiment_protocol_and_reproducibility.md
d7fb20f18a86506920a34628b894f2ec639f3e207068039e9a7848edef3f8d9b	3508	4	MAIN	/home/hphung/ce25_scratch2/Claude_DeepRL_Population_Models/real_ecology_runs/ricker_only_plus_72_20260720/runtime_snapshot/docs/benchmark/06_experiment_protocol_and_reproducibility.md
d8ea35addb4cd12068f95b5cce22714172e70e7ba039bb784f5b11fe05f04cb9	37487	4	ECO_FROZEN	/home/hphung/ce25_scratch2/Claude_DeepRL_Population_Models/real_ecology_runs/ricker_only_plus_72_20260720/runtime_snapshot_routing_fix/docs/history/14_6_population_model_experiments.tex
d8ea35addb4cd12068f95b5cce22714172e70e7ba039bb784f5b11fe05f04cb9	37487	4	MAIN	/home/hphung/ce25_scratch2/Claude_DeepRL_Population_Models/docs/history/14_6_population_model_experiments.tex
d8ea35addb4cd12068f95b5cce22714172e70e7ba039bb784f5b11fe05f04cb9	37487	4	MAIN	/home/hphung/ce25_scratch2/Claude_DeepRL_Population_Models/real_ecology_runs/adapted_32cell_diagnostic_pending/code/docs/history/14_6_population_model_experiments.tex
d8ea35addb4cd12068f95b5cce22714172e70e7ba039bb784f5b11fe05f04cb9	37487	4	MAIN	/home/hphung/ce25_scratch2/Claude_DeepRL_Population_Models/real_ecology_runs/ricker_only_plus_72_20260720/runtime_snapshot/docs/history/14_6_population_model_experiments.tex
db67549de23a740f599369c55885d5fcb449ec145f82c07dbd6588a5ef8f1a3d	11110	4	ECO_FROZEN	/home/hphung/ce25_scratch2/Claude_DeepRL_Population_Models/real_ecology_runs/ricker_only_plus_72_20260720/runtime_snapshot_routing_fix/docs/fix_implement_ecology_baseline/archive/CLAUDE_AUDIT_REQUEST_PAPER_FAITHFUL_PLUS_MOOR_IMPLEMENTATION.md
db67549de23a740f599369c55885d5fcb449ec145f82c07dbd6588a5ef8f1a3d	11110	4	MAIN	/home/hphung/ce25_scratch2/Claude_DeepRL_Population_Models/docs/fix_implement_ecology_baseline/archive/CLAUDE_AUDIT_REQUEST_PAPER_FAITHFUL_PLUS_MOOR_IMPLEMENTATION.md
db67549de23a740f599369c55885d5fcb449ec145f82c07dbd6588a5ef8f1a3d	11110	4	MAIN	/home/hphung/ce25_scratch2/Claude_DeepRL_Population_Models/real_ecology_runs/adapted_32cell_diagnostic_pending/code/docs/fix_implement_ecology_baseline/archive/CLAUDE_AUDIT_REQUEST_PAPER_FAITHFUL_PLUS_MOOR_IMPLEMENTATION.md
db67549de23a740f599369c55885d5fcb449ec145f82c07dbd6588a5ef8f1a3d	11110	4	MAIN	/home/hphung/ce25_scratch2/Claude_DeepRL_Population_Models/real_ecology_runs/ricker_only_plus_72_20260720/runtime_snapshot/docs/fix_implement_ecology_baseline/archive/CLAUDE_AUDIT_REQUEST_PAPER_FAITHFUL_PLUS_MOOR_IMPLEMENTATION.md
de073eb1c608386230a38907ab974d714f10340a2e06d95f76d26050f835b397	4790	4	ECO_FROZEN	/home/hphung/ce25_scratch2/Claude_DeepRL_Population_Models/real_ecology_runs/ricker_only_plus_72_20260720/runtime_snapshot_routing_fix/docs/history/codex_claude_conversation_md/claude_concurrence_codex_tier2_response.md
de073eb1c608386230a38907ab974d714f10340a2e06d95f76d26050f835b397	4790	4	MAIN	/home/hphung/ce25_scratch2/Claude_DeepRL_Population_Models/docs/history/codex_claude_conversation_md/claude_concurrence_codex_tier2_response.md
de073eb1c608386230a38907ab974d714f10340a2e06d95f76d26050f835b397	4790	4	MAIN	/home/hphung/ce25_scratch2/Claude_DeepRL_Population_Models/real_ecology_runs/adapted_32cell_diagnostic_pending/code/docs/history/codex_claude_conversation_md/claude_concurrence_codex_tier2_response.md
de073eb1c608386230a38907ab974d714f10340a2e06d95f76d26050f835b397	4790	4	MAIN	/home/hphung/ce25_scratch2/Claude_DeepRL_Population_Models/real_ecology_runs/ricker_only_plus_72_20260720/runtime_snapshot/docs/history/codex_claude_conversation_md/claude_concurrence_codex_tier2_response.md
e0cffe773800e4cb22db49b95736bb9bdbbb67f938f6b362ddfadac7108d553d	855	4	ECO_FROZEN	/home/hphung/ce25_scratch2/Claude_DeepRL_Population_Models/real_ecology_runs/ricker_only_plus_72_20260720/runtime_snapshot_routing_fix/baseline_original/python_port/data/examples2states6actions.py
e0cffe773800e4cb22db49b95736bb9bdbbb67f938f6b362ddfadac7108d553d	855	4	MAIN	/home/hphung/ce25_scratch2/Claude_DeepRL_Population_Models/baseline_original/python_port/data/examples2states6actions.py
e0cffe773800e4cb22db49b95736bb9bdbbb67f938f6b362ddfadac7108d553d	855	4	MAIN	/home/hphung/ce25_scratch2/Claude_DeepRL_Population_Models/real_ecology_runs/adapted_32cell_diagnostic_pending/code/baseline_original/python_port/data/examples2states6actions.py
e0cffe773800e4cb22db49b95736bb9bdbbb67f938f6b362ddfadac7108d553d	855	4	MAIN	/home/hphung/ce25_scratch2/Claude_DeepRL_Population_Models/real_ecology_runs/ricker_only_plus_72_20260720/runtime_snapshot/baseline_original/python_port/data/examples2states6actions.py
e22c16b9543ebc2f7bd68932b68b7d80767396961c20e88848b8352af037399c	771	4	ECO_FROZEN	/home/hphung/ce25_scratch2/Claude_DeepRL_Population_Models/real_ecology_runs/ricker_only_plus_72_20260720/runtime_snapshot_routing_fix/baseline_original/python_port/data/examples2states2actions.py
e22c16b9543ebc2f7bd68932b68b7d80767396961c20e88848b8352af037399c	771	4	MAIN	/home/hphung/ce25_scratch2/Claude_DeepRL_Population_Models/baseline_original/python_port/data/examples2states2actions.py
e22c16b9543ebc2f7bd68932b68b7d80767396961c20e88848b8352af037399c	771	4	MAIN	/home/hphung/ce25_scratch2/Claude_DeepRL_Population_Models/real_ecology_runs/adapted_32cell_diagnostic_pending/code/baseline_original/python_port/data/examples2states2actions.py
e22c16b9543ebc2f7bd68932b68b7d80767396961c20e88848b8352af037399c	771	4	MAIN	/home/hphung/ce25_scratch2/Claude_DeepRL_Population_Models/real_ecology_runs/ricker_only_plus_72_20260720/runtime_snapshot/baseline_original/python_port/data/examples2states2actions.py
e57565b521a6008dfa77c52f472c1cb25f4860d4f0c01f1ba344663cc15f8542	11303	4	ECO_FROZEN	/home/hphung/ce25_scratch2/Claude_DeepRL_Population_Models/real_ecology_runs/ricker_only_plus_72_20260720/runtime_snapshot_routing_fix/docs/history/codex_claude_conversation_md/claude_session_handoff_2026-06-13.md
e57565b521a6008dfa77c52f472c1cb25f4860d4f0c01f1ba344663cc15f8542	11303	4	MAIN	/home/hphung/ce25_scratch2/Claude_DeepRL_Population_Models/docs/history/codex_claude_conversation_md/claude_session_handoff_2026-06-13.md
e57565b521a6008dfa77c52f472c1cb25f4860d4f0c01f1ba344663cc15f8542	11303	4	MAIN	/home/hphung/ce25_scratch2/Claude_DeepRL_Population_Models/real_ecology_runs/adapted_32cell_diagnostic_pending/code/docs/history/codex_claude_conversation_md/claude_session_handoff_2026-06-13.md
e57565b521a6008dfa77c52f472c1cb25f4860d4f0c01f1ba344663cc15f8542	11303	4	MAIN	/home/hphung/ce25_scratch2/Claude_DeepRL_Population_Models/real_ecology_runs/ricker_only_plus_72_20260720/runtime_snapshot/docs/history/codex_claude_conversation_md/claude_session_handoff_2026-06-13.md
e5d29b3c9c6341f879ab2d0e079359704d8f84463828a91bfa16211e383fe7b1	5331	4	ECO_FROZEN	/home/hphung/ce25_scratch2/Claude_DeepRL_Population_Models/real_ecology_runs/ricker_only_plus_72_20260720/runtime_snapshot_routing_fix/README.md
e5d29b3c9c6341f879ab2d0e079359704d8f84463828a91bfa16211e383fe7b1	5331	4	MAIN	/home/hphung/ce25_scratch2/Claude_DeepRL_Population_Models/README.md
e5d29b3c9c6341f879ab2d0e079359704d8f84463828a91bfa16211e383fe7b1	5331	4	MAIN	/home/hphung/ce25_scratch2/Claude_DeepRL_Population_Models/real_ecology_runs/adapted_32cell_diagnostic_pending/code/README.md
e5d29b3c9c6341f879ab2d0e079359704d8f84463828a91bfa16211e383fe7b1	5331	4	MAIN	/home/hphung/ce25_scratch2/Claude_DeepRL_Population_Models/real_ecology_runs/ricker_only_plus_72_20260720/runtime_snapshot/README.md
e742464700c15af84269dbab361624b237265e4cf831fc471463471e59f6f41f	1695	4	ECO_FROZEN	/home/hphung/ce25_scratch2/Claude_DeepRL_Population_Models/real_ecology_runs/ricker_only_plus_72_20260720/runtime_snapshot_routing_fix/docs/fix_implement_ecology_baseline/README.md
e742464700c15af84269dbab361624b237265e4cf831fc471463471e59f6f41f	1695	4	MAIN	/home/hphung/ce25_scratch2/Claude_DeepRL_Population_Models/docs/fix_implement_ecology_baseline/README.md
e742464700c15af84269dbab361624b237265e4cf831fc471463471e59f6f41f	1695	4	MAIN	/home/hphung/ce25_scratch2/Claude_DeepRL_Population_Models/real_ecology_runs/adapted_32cell_diagnostic_pending/code/docs/fix_implement_ecology_baseline/README.md
e742464700c15af84269dbab361624b237265e4cf831fc471463471e59f6f41f	1695	4	MAIN	/home/hphung/ce25_scratch2/Claude_DeepRL_Population_Models/real_ecology_runs/ricker_only_plus_72_20260720/runtime_snapshot/docs/fix_implement_ecology_baseline/README.md
ea3edf451ab0a0de0cf8aa9a43b66c8bc0de0c4207c3b120c76d933698838a04	542	4	ECO_FROZEN	/home/hphung/ce25_scratch2/Claude_DeepRL_Population_Models/real_ecology_runs/ricker_only_plus_72_20260720/runtime_snapshot_routing_fix/docs/benchmark/preamble.tex
ea3edf451ab0a0de0cf8aa9a43b66c8bc0de0c4207c3b120c76d933698838a04	542	4	MAIN	/home/hphung/ce25_scratch2/Claude_DeepRL_Population_Models/docs/benchmark/preamble.tex
ea3edf451ab0a0de0cf8aa9a43b66c8bc0de0c4207c3b120c76d933698838a04	542	4	MAIN	/home/hphung/ce25_scratch2/Claude_DeepRL_Population_Models/real_ecology_runs/adapted_32cell_diagnostic_pending/code/docs/benchmark/preamble.tex
ea3edf451ab0a0de0cf8aa9a43b66c8bc0de0c4207c3b120c76d933698838a04	542	4	MAIN	/home/hphung/ce25_scratch2/Claude_DeepRL_Population_Models/real_ecology_runs/ricker_only_plus_72_20260720/runtime_snapshot/docs/benchmark/preamble.tex
eb538f8b27b722ba17cf2b5b5ad1a3fb5593393eb8c7a870dd513bb3057dfac6	14342	4	ECO_FROZEN	/home/hphung/ce25_scratch2/Claude_DeepRL_Population_Models/real_ecology_runs/ricker_only_plus_72_20260720/runtime_snapshot_routing_fix/docs/history/stress_pomdp_smoke_report.tex
eb538f8b27b722ba17cf2b5b5ad1a3fb5593393eb8c7a870dd513bb3057dfac6	14342	4	MAIN	/home/hphung/ce25_scratch2/Claude_DeepRL_Population_Models/docs/history/stress_pomdp_smoke_report.tex
eb538f8b27b722ba17cf2b5b5ad1a3fb5593393eb8c7a870dd513bb3057dfac6	14342	4	MAIN	/home/hphung/ce25_scratch2/Claude_DeepRL_Population_Models/real_ecology_runs/adapted_32cell_diagnostic_pending/code/docs/history/stress_pomdp_smoke_report.tex
eb538f8b27b722ba17cf2b5b5ad1a3fb5593393eb8c7a870dd513bb3057dfac6	14342	4	MAIN	/home/hphung/ce25_scratch2/Claude_DeepRL_Population_Models/real_ecology_runs/ricker_only_plus_72_20260720/runtime_snapshot/docs/history/stress_pomdp_smoke_report.tex
eb95ea71bc3fba9baa0e51d06ffa14eba54a9bce35fc9f84006ba0b01d17d0f4	828	4	ECO_FROZEN	/home/hphung/ce25_scratch2/Claude_DeepRL_Population_Models/real_ecology_runs/ricker_only_plus_72_20260720/runtime_snapshot_routing_fix/baseline_original/python_port/data/potoroo.py
eb95ea71bc3fba9baa0e51d06ffa14eba54a9bce35fc9f84006ba0b01d17d0f4	828	4	MAIN	/home/hphung/ce25_scratch2/Claude_DeepRL_Population_Models/baseline_original/python_port/data/potoroo.py
eb95ea71bc3fba9baa0e51d06ffa14eba54a9bce35fc9f84006ba0b01d17d0f4	828	4	MAIN	/home/hphung/ce25_scratch2/Claude_DeepRL_Population_Models/real_ecology_runs/adapted_32cell_diagnostic_pending/code/baseline_original/python_port/data/potoroo.py
eb95ea71bc3fba9baa0e51d06ffa14eba54a9bce35fc9f84006ba0b01d17d0f4	828	4	MAIN	/home/hphung/ce25_scratch2/Claude_DeepRL_Population_Models/real_ecology_runs/ricker_only_plus_72_20260720/runtime_snapshot/baseline_original/python_port/data/potoroo.py
ecdcc6ca020d4bc5079f49d682e93007d653b1c6690b2e62a6cd980faec3961e	45167	4	ECO_FROZEN	/home/hphung/ce25_scratch2/Claude_DeepRL_Population_Models/real_ecology_runs/ricker_only_plus_72_20260720/runtime_snapshot_routing_fix/docs/history/106_problem_setting_experiment_details.tex
ecdcc6ca020d4bc5079f49d682e93007d653b1c6690b2e62a6cd980faec3961e	45167	4	MAIN	/home/hphung/ce25_scratch2/Claude_DeepRL_Population_Models/docs/history/106_problem_setting_experiment_details.tex
ecdcc6ca020d4bc5079f49d682e93007d653b1c6690b2e62a6cd980faec3961e	45167	4	MAIN	/home/hphung/ce25_scratch2/Claude_DeepRL_Population_Models/real_ecology_runs/adapted_32cell_diagnostic_pending/code/docs/history/106_problem_setting_experiment_details.tex
ecdcc6ca020d4bc5079f49d682e93007d653b1c6690b2e62a6cd980faec3961e	45167	4	MAIN	/home/hphung/ce25_scratch2/Claude_DeepRL_Population_Models/real_ecology_runs/ricker_only_plus_72_20260720/runtime_snapshot/docs/history/106_problem_setting_experiment_details.tex
f425e0912cb9e5c0eb49224b15cde8dd23a9083d1bb43acb2a0b3902bd249fa4	43202	4	GENERAL_FROZEN	/home/hphung/ce25_scratch2/general_rl_phase2_iso/real_ecology_runs/general_phase2e_full_sigma01_02_20260720_v1/code/src/real_ecology_benchmark/faithful_fit.py
f425e0912cb9e5c0eb49224b15cde8dd23a9083d1bb43acb2a0b3902bd249fa4	43202	4	MAIN	/home/hphung/ce25_scratch2/Claude_DeepRL_Population_Models/real_ecology_runs/adapted_32cell_diagnostic_pending/code/src/real_ecology_benchmark/faithful_fit.py
f425e0912cb9e5c0eb49224b15cde8dd23a9083d1bb43acb2a0b3902bd249fa4	43202	4	MAIN	/home/hphung/ce25_scratch2/Claude_DeepRL_Population_Models/real_ecology_runs/adapted_plus_moor_corrected_canary_20260717_v1/code/src/real_ecology_benchmark/faithful_fit.py
f425e0912cb9e5c0eb49224b15cde8dd23a9083d1bb43acb2a0b3902bd249fa4	43202	4	MAIN	/home/hphung/ce25_scratch2/Claude_DeepRL_Population_Models/src/real_ecology_benchmark/faithful_fit.py
f7b9a361ca855c74da7fa164bdee04c090a1d0f789dd866d2146cf5683fc5e3c	1222	4	ECO_FROZEN	/home/hphung/ce25_scratch2/Claude_DeepRL_Population_Models/real_ecology_runs/ricker_only_plus_72_20260720/runtime_snapshot_routing_fix/baseline_original/scripts/run_python_version.sh
f7b9a361ca855c74da7fa164bdee04c090a1d0f789dd866d2146cf5683fc5e3c	1222	4	MAIN	/home/hphung/ce25_scratch2/Claude_DeepRL_Population_Models/baseline_original/scripts/run_python_version.sh
f7b9a361ca855c74da7fa164bdee04c090a1d0f789dd866d2146cf5683fc5e3c	1222	4	MAIN	/home/hphung/ce25_scratch2/Claude_DeepRL_Population_Models/real_ecology_runs/adapted_32cell_diagnostic_pending/code/baseline_original/scripts/run_python_version.sh
f7b9a361ca855c74da7fa164bdee04c090a1d0f789dd866d2146cf5683fc5e3c	1222	4	MAIN	/home/hphung/ce25_scratch2/Claude_DeepRL_Population_Models/real_ecology_runs/ricker_only_plus_72_20260720/runtime_snapshot/baseline_original/scripts/run_python_version.sh
f88de0c6bae96621f07e3ef7e1634e3fc0ea48819d8516f50e3173b094d7063c	2209	4	ECO_FROZEN	/home/hphung/ce25_scratch2/Claude_DeepRL_Population_Models/real_ecology_runs/ricker_only_plus_72_20260720/runtime_snapshot_routing_fix/baseline_original/python_port/src/building hmMDP/main.py
f88de0c6bae96621f07e3ef7e1634e3fc0ea48819d8516f50e3173b094d7063c	2209	4	MAIN	/home/hphung/ce25_scratch2/Claude_DeepRL_Population_Models/baseline_original/python_port/src/building hmMDP/main.py
f88de0c6bae96621f07e3ef7e1634e3fc0ea48819d8516f50e3173b094d7063c	2209	4	MAIN	/home/hphung/ce25_scratch2/Claude_DeepRL_Population_Models/real_ecology_runs/adapted_32cell_diagnostic_pending/code/baseline_original/python_port/src/building hmMDP/main.py
f88de0c6bae96621f07e3ef7e1634e3fc0ea48819d8516f50e3173b094d7063c	2209	4	MAIN	/home/hphung/ce25_scratch2/Claude_DeepRL_Population_Models/real_ecology_runs/ricker_only_plus_72_20260720/runtime_snapshot/baseline_original/python_port/src/building hmMDP/main.py
fc5b8f8886694f994d0b9b79afeb88c060631728bd0a867a107271b35734ec3d	2980	4	ECO_FROZEN	/home/hphung/ce25_scratch2/Claude_DeepRL_Population_Models/real_ecology_runs/ricker_only_plus_72_20260720/runtime_snapshot_routing_fix/baseline_original/python_port/src/utils/mdp_tools.py
fc5b8f8886694f994d0b9b79afeb88c060631728bd0a867a107271b35734ec3d	2980	4	MAIN	/home/hphung/ce25_scratch2/Claude_DeepRL_Population_Models/baseline_original/python_port/src/utils/mdp_tools.py
fc5b8f8886694f994d0b9b79afeb88c060631728bd0a867a107271b35734ec3d	2980	4	MAIN	/home/hphung/ce25_scratch2/Claude_DeepRL_Population_Models/real_ecology_runs/adapted_32cell_diagnostic_pending/code/baseline_original/python_port/src/utils/mdp_tools.py
fc5b8f8886694f994d0b9b79afeb88c060631728bd0a867a107271b35734ec3d	2980	4	MAIN	/home/hphung/ce25_scratch2/Claude_DeepRL_Population_Models/real_ecology_runs/ricker_only_plus_72_20260720/runtime_snapshot/baseline_original/python_port/src/utils/mdp_tools.py
133cf0fadbdac54f7dbb683934c8303d227db03fcffcdede0f903dfc31088db8	4343	3	MAIN	/home/hphung/ce25_scratch2/Claude_DeepRL_Population_Models/real_ecology_runs/general_audit_20260712/code/src/real_ecology_benchmark/methods/refplan.py
133cf0fadbdac54f7dbb683934c8303d227db03fcffcdede0f903dfc31088db8	4343	3	MAIN	/home/hphung/ce25_scratch2/Claude_DeepRL_Population_Models/real_ecology_runs/motivation_native_20260711/code/src/real_ecology_benchmark/methods/refplan.py
133cf0fadbdac54f7dbb683934c8303d227db03fcffcdede0f903dfc31088db8	4343	3	MAIN	/home/hphung/ce25_scratch2/Claude_DeepRL_Population_Models/real_ecology_runs/psafe_overnight_20260705/code/real_ecology_cont_obser/src/real_ecology_benchmark/methods/refplan.py
1499f32f140a6ea901a125f2cb392c56ae48e4fbb4cb7e8a2fee2ac00404549d	1827	3	MAIN	/home/hphung/ce25_scratch2/Claude_DeepRL_Population_Models/real_ecology_runs/general_audit_20260712/code/src/real_ecology_benchmark/methods/base.py
1499f32f140a6ea901a125f2cb392c56ae48e4fbb4cb7e8a2fee2ac00404549d	1827	3	MAIN	/home/hphung/ce25_scratch2/Claude_DeepRL_Population_Models/real_ecology_runs/motivation_native_20260711/code/src/real_ecology_benchmark/methods/base.py
1499f32f140a6ea901a125f2cb392c56ae48e4fbb4cb7e8a2fee2ac00404549d	1827	3	MAIN	/home/hphung/ce25_scratch2/Claude_DeepRL_Population_Models/real_ecology_runs/psafe_overnight_20260705/code/real_ecology_cont_obser/src/real_ecology_benchmark/methods/base.py
1b1a44b280c90596ec1e8df71d3838ebdb0961952935673f2ff43af2ef9d3e26	7672	3	MAIN	/home/hphung/ce25_scratch2/Claude_DeepRL_Population_Models/real_ecology_runs/general_audit_20260712/code/scripts/make_real_experiment_manifests.py
1b1a44b280c90596ec1e8df71d3838ebdb0961952935673f2ff43af2ef9d3e26	7672	3	MAIN	/home/hphung/ce25_scratch2/Claude_DeepRL_Population_Models/real_ecology_runs/motivation_native_20260711/code/scripts/make_real_experiment_manifests.py
1b1a44b280c90596ec1e8df71d3838ebdb0961952935673f2ff43af2ef9d3e26	7672	3	MAIN	/home/hphung/ce25_scratch2/Claude_DeepRL_Population_Models/real_ecology_runs/psafe_overnight_20260705/code/real_ecology_cont_obser/scripts/make_real_experiment_manifests.py
33885f3eae922958d1c623569fd70f31d650e4b71542f43be6e410557b78e7e8	1189	3	MAIN	/home/hphung/ce25_scratch2/Claude_DeepRL_Population_Models/real_ecology_runs/adapted_32cell_diagnostic_pending/code/src/real_ecology_benchmark/methods/__init__.py
33885f3eae922958d1c623569fd70f31d650e4b71542f43be6e410557b78e7e8	1189	3	MAIN	/home/hphung/ce25_scratch2/Claude_DeepRL_Population_Models/real_ecology_runs/adapted_plus_moor_corrected_canary_20260717_v1/code/src/real_ecology_benchmark/methods/__init__.py
33885f3eae922958d1c623569fd70f31d650e4b71542f43be6e410557b78e7e8	1189	3	MAIN	/home/hphung/ce25_scratch2/Claude_DeepRL_Population_Models/src/real_ecology_benchmark/methods/__init__.py
3e9abaad47c04e44c788689d45d97b24dc6530a6b331a3846016e588238ede19	5589	3	MAIN	/home/hphung/ce25_scratch2/Claude_DeepRL_Population_Models/real_ecology_runs/paper_faithful_smoke_20260717/code/src/real_ecology_benchmark/methods/plus_faithful.py
3e9abaad47c04e44c788689d45d97b24dc6530a6b331a3846016e588238ede19	5589	3	MAIN	/home/hphung/ce25_scratch2/Claude_DeepRL_Population_Models/real_ecology_runs/paper_faithful_smoke_20260717_v2/code/src/real_ecology_benchmark/methods/plus_faithful.py
3e9abaad47c04e44c788689d45d97b24dc6530a6b331a3846016e588238ede19	5589	3	MAIN	/home/hphung/ce25_scratch2/Claude_DeepRL_Population_Models/real_ecology_runs/paper_faithful_smoke_20260717_v3/code/src/real_ecology_benchmark/methods/plus_faithful.py
4fc3321e925054e346ac3118d9f8f5f407488464ff47990f16f1ee960cc2a4bc	839	3	MAIN	/home/hphung/ce25_scratch2/Claude_DeepRL_Population_Models/real_ecology_runs/general_audit_20260712/code/pyproject.toml
4fc3321e925054e346ac3118d9f8f5f407488464ff47990f16f1ee960cc2a4bc	839	3	MAIN	/home/hphung/ce25_scratch2/Claude_DeepRL_Population_Models/real_ecology_runs/hidden_rk_comparison_20260716/code/pyproject.toml
4fc3321e925054e346ac3118d9f8f5f407488464ff47990f16f1ee960cc2a4bc	839	3	MAIN	/home/hphung/ce25_scratch2/Claude_DeepRL_Population_Models/real_ecology_runs/motivation_native_20260711/code/pyproject.toml
650b5f7dcf71af3b0bbb0437c09e33f6a5fd07c8fb25e3589e2a57af4f41d68f	11810	3	MAIN	/home/hphung/ce25_scratch2/Claude_DeepRL_Population_Models/real_ecology_runs/general_audit_20260712/code/src/real_ecology_benchmark/training_monitor.py
650b5f7dcf71af3b0bbb0437c09e33f6a5fd07c8fb25e3589e2a57af4f41d68f	11810	3	MAIN	/home/hphung/ce25_scratch2/Claude_DeepRL_Population_Models/real_ecology_runs/motivation_native_20260711/code/src/real_ecology_benchmark/training_monitor.py
650b5f7dcf71af3b0bbb0437c09e33f6a5fd07c8fb25e3589e2a57af4f41d68f	11810	3	MAIN	/home/hphung/ce25_scratch2/Claude_DeepRL_Population_Models/real_ecology_runs/psafe_overnight_20260705/code/real_ecology_cont_obser/src/real_ecology_benchmark/training_monitor.py
67d9bddafffe13182ea8707a5606530deca0d20163166abe7369b321d7f2b6e2	16498	3	MAIN	/home/hphung/ce25_scratch2/Claude_DeepRL_Population_Models/real_ecology_runs/adapted_32cell_diagnostic_pending/code/scripts/run_real_manifest_row.py
67d9bddafffe13182ea8707a5606530deca0d20163166abe7369b321d7f2b6e2	16498	3	MAIN	/home/hphung/ce25_scratch2/Claude_DeepRL_Population_Models/real_ecology_runs/adapted_plus_moor_corrected_canary_20260717_v1/code/scripts/run_real_manifest_row.py
67d9bddafffe13182ea8707a5606530deca0d20163166abe7369b321d7f2b6e2	16498	3	MAIN	/home/hphung/ce25_scratch2/Claude_DeepRL_Population_Models/scripts/run_real_manifest_row.py
7384f7f35b8f3522cf8575074e26b14bb2bf1c82586151a836b2707c4f52a580	37912	3	MAIN	/home/hphung/ce25_scratch2/Claude_DeepRL_Population_Models/real_ecology_runs/adapted_32cell_diagnostic_pending/code/src/real_ecology_benchmark/config.py
7384f7f35b8f3522cf8575074e26b14bb2bf1c82586151a836b2707c4f52a580	37912	3	MAIN	/home/hphung/ce25_scratch2/Claude_DeepRL_Population_Models/real_ecology_runs/adapted_plus_moor_corrected_canary_20260717_v1/code/src/real_ecology_benchmark/config.py
7384f7f35b8f3522cf8575074e26b14bb2bf1c82586151a836b2707c4f52a580	37912	3	MAIN	/home/hphung/ce25_scratch2/Claude_DeepRL_Population_Models/src/real_ecology_benchmark/config.py
7f00152b8627572bfdb9ad76b914b870fd90c3cebc6312bd219f134f0476c53f	11016	3	MAIN	/home/hphung/ce25_scratch2/Claude_DeepRL_Population_Models/real_ecology_runs/general_audit_20260712/code/src/real_ecology_benchmark/methods/delphic.py
7f00152b8627572bfdb9ad76b914b870fd90c3cebc6312bd219f134f0476c53f	11016	3	MAIN	/home/hphung/ce25_scratch2/Claude_DeepRL_Population_Models/real_ecology_runs/motivation_native_20260711/code/src/real_ecology_benchmark/methods/delphic.py
7f00152b8627572bfdb9ad76b914b870fd90c3cebc6312bd219f134f0476c53f	11016	3	MAIN	/home/hphung/ce25_scratch2/Claude_DeepRL_Population_Models/real_ecology_runs/psafe_overnight_20260705/code/real_ecology_cont_obser/src/real_ecology_benchmark/methods/delphic.py
a2a1a68fc1d1ff8fe6a12cadc20b6084d28fec9669dcdbbf3798954f2aa4eef0	7313	3	MAIN	/home/hphung/ce25_scratch2/Claude_DeepRL_Population_Models/real_ecology_runs/paper_faithful_smoke_20260717/code/src/real_ecology_benchmark/faithful_artifacts.py
a2a1a68fc1d1ff8fe6a12cadc20b6084d28fec9669dcdbbf3798954f2aa4eef0	7313	3	MAIN	/home/hphung/ce25_scratch2/Claude_DeepRL_Population_Models/real_ecology_runs/paper_faithful_smoke_20260717_v2/code/src/real_ecology_benchmark/faithful_artifacts.py
a2a1a68fc1d1ff8fe6a12cadc20b6084d28fec9669dcdbbf3798954f2aa4eef0	7313	3	MAIN	/home/hphung/ce25_scratch2/Claude_DeepRL_Population_Models/real_ecology_runs/paper_faithful_smoke_20260717_v3/code/src/real_ecology_benchmark/faithful_artifacts.py
a477735c897a07abc014ee86d8500102219aa2cb0713dcf2038db84577c29a7d	327	3	MAIN	/home/hphung/ce25_scratch2/Claude_DeepRL_Population_Models/outputs/paper_faithful_hidden_smoke/evaluation/data_real/backend_numpy/regime_hidden/reward_safe/moor_faithful_ricker_misspec_pbvi/faithful_internal/faithful_artifacts/planner_provenance.json
a477735c897a07abc014ee86d8500102219aa2cb0713dcf2038db84577c29a7d	327	3	MAIN	/home/hphung/ce25_scratch2/Claude_DeepRL_Population_Models/real_ecology_runs/paper_faithful_smoke_20260717_v3/evaluation/regime_hidden/amur_tiger/ricker/sigma_0p1/data_real/backend_numpy/regime_hidden/reward_safe/moor_faithful_ricker_misspec_pbvi/faithful_internal/faithful_artifacts/planner_provenance.json
a477735c897a07abc014ee86d8500102219aa2cb0713dcf2038db84577c29a7d	327	3	MAIN	/home/hphung/ce25_scratch2/Claude_DeepRL_Population_Models/real_ecology_runs/paper_faithful_smoke_20260717_v4/evaluation/regime_hidden/amur_tiger/ricker/sigma_0p1/data_real/backend_numpy/regime_hidden/reward_safe/moor_faithful_ricker_misspec_pbvi/faithful_internal/faithful_artifacts/planner_provenance.json
cde2a1ffe2f870d6a12adaa025d65f5dfd7ce7c131f0e953326c53583ee2c72a	2512	3	MAIN	/home/hphung/ce25_scratch2/Claude_DeepRL_Population_Models/real_ecology_runs/paper_faithful_smoke_20260717/code/scripts/run_paper_faithful_acceptance.py
cde2a1ffe2f870d6a12adaa025d65f5dfd7ce7c131f0e953326c53583ee2c72a	2512	3	MAIN	/home/hphung/ce25_scratch2/Claude_DeepRL_Population_Models/real_ecology_runs/paper_faithful_smoke_20260717_v2/code/scripts/run_paper_faithful_acceptance.py
cde2a1ffe2f870d6a12adaa025d65f5dfd7ce7c131f0e953326c53583ee2c72a	2512	3	MAIN	/home/hphung/ce25_scratch2/Claude_DeepRL_Population_Models/real_ecology_runs/paper_faithful_smoke_20260717_v3/code/scripts/run_paper_faithful_acceptance.py
d7544753a8387aeed7f72de231c1fd1a1456d5dce80e48c5885516119a6f24d1	803	3	MAIN	/home/hphung/ce25_scratch2/Claude_DeepRL_Population_Models/real_ecology_runs/general_audit_20260712/code/src/real_ecology_benchmark/methods/__init__.py
d7544753a8387aeed7f72de231c1fd1a1456d5dce80e48c5885516119a6f24d1	803	3	MAIN	/home/hphung/ce25_scratch2/Claude_DeepRL_Population_Models/real_ecology_runs/hidden_rk_comparison_20260716/code/src/real_ecology_benchmark/methods/__init__.py
d7544753a8387aeed7f72de231c1fd1a1456d5dce80e48c5885516119a6f24d1	803	3	MAIN	/home/hphung/ce25_scratch2/Claude_DeepRL_Population_Models/real_ecology_runs/motivation_native_20260711/code/src/real_ecology_benchmark/methods/__init__.py
df7de48c52a53a51184edb94adf0b1ed005b8100e3d78f8132adb5752b39d7c2	2069	3	MAIN	/home/hphung/ce25_scratch2/Claude_DeepRL_Population_Models/real_ecology_runs/general_audit_20260712/code/src/real_ecology_benchmark/methods/mopo.py
df7de48c52a53a51184edb94adf0b1ed005b8100e3d78f8132adb5752b39d7c2	2069	3	MAIN	/home/hphung/ce25_scratch2/Claude_DeepRL_Population_Models/real_ecology_runs/motivation_native_20260711/code/src/real_ecology_benchmark/methods/mopo.py
df7de48c52a53a51184edb94adf0b1ed005b8100e3d78f8132adb5752b39d7c2	2069	3	MAIN	/home/hphung/ce25_scratch2/Claude_DeepRL_Population_Models/real_ecology_runs/psafe_overnight_20260705/code/real_ecology_cont_obser/src/real_ecology_benchmark/methods/mopo.py
e3b0c44298fc1c149afbf4c8996fb92427ae41e4649b934ca495991b7852b855	0	3	MAIN	/home/hphung/ce25_scratch2/Claude_DeepRL_Population_Models/baseline_original/sarsop/src/Core/Actions.cpp
e3b0c44298fc1c149afbf4c8996fb92427ae41e4649b934ca495991b7852b855	0	3	MAIN	/home/hphung/ce25_scratch2/Claude_DeepRL_Population_Models/baseline_original/sarsop/src/Core/Observations.cpp
e3b0c44298fc1c149afbf4c8996fb92427ae41e4649b934ca495991b7852b855	0	3	MAIN	/home/hphung/ce25_scratch2/Claude_DeepRL_Population_Models/baseline_original/sarsop/src/Core/States.cpp
fcd87426eda8bb653ffbc5f3763aa0b84dc0a28b3b8de1ac3fcae047d82afc11	4195	3	MAIN	/home/hphung/ce25_scratch2/Claude_DeepRL_Population_Models/real_ecology_runs/paper_faithful_smoke_20260717/code/src/real_ecology_benchmark/methods/moor_faithful.py
fcd87426eda8bb653ffbc5f3763aa0b84dc0a28b3b8de1ac3fcae047d82afc11	4195	3	MAIN	/home/hphung/ce25_scratch2/Claude_DeepRL_Population_Models/real_ecology_runs/paper_faithful_smoke_20260717_v2/code/src/real_ecology_benchmark/methods/moor_faithful.py
fcd87426eda8bb653ffbc5f3763aa0b84dc0a28b3b8de1ac3fcae047d82afc11	4195	3	MAIN	/home/hphung/ce25_scratch2/Claude_DeepRL_Population_Models/real_ecology_runs/paper_faithful_smoke_20260717_v3/code/src/real_ecology_benchmark/methods/moor_faithful.py
04f8dbd1c5d13220bd962f933c49eaf1fb88188084d6c32830598c63782fe009	837	2	MAIN	/home/hphung/ce25_scratch2/Claude_DeepRL_Population_Models/real_ecology_runs/general_audit_20260712/code/configs/real_experiment.yaml
04f8dbd1c5d13220bd962f933c49eaf1fb88188084d6c32830598c63782fe009	837	2	MAIN	/home/hphung/ce25_scratch2/Claude_DeepRL_Population_Models/real_ecology_runs/motivation_native_20260711/code/configs/real_experiment.yaml
190f4000f98b319631f9408ec146a3a4b9c18ee1b9c98aa93c8f152c0b86958b	1094	2	MAIN	/home/hphung/ce25_scratch2/Claude_DeepRL_Population_Models/real_ecology_runs/general_audit_20260712/code/configs/real_default.yaml
190f4000f98b319631f9408ec146a3a4b9c18ee1b9c98aa93c8f152c0b86958b	1094	2	MAIN	/home/hphung/ce25_scratch2/Claude_DeepRL_Population_Models/real_ecology_runs/motivation_native_20260711/code/configs/real_default.yaml
19af86b374465274662962630837e3fe8e57931ad0acf767f71952c887da241e	24476	2	MAIN	/home/hphung/ce25_scratch2/Claude_DeepRL_Population_Models/real_ecology_runs/paper_faithful_smoke_20260717_v2/code/src/real_ecology_benchmark/pipeline.py
19af86b374465274662962630837e3fe8e57931ad0acf767f71952c887da241e	24476	2	MAIN	/home/hphung/ce25_scratch2/Claude_DeepRL_Population_Models/real_ecology_runs/paper_faithful_smoke_20260717_v3/code/src/real_ecology_benchmark/pipeline.py
1b591f6c629253c97b44ce5969ba2f2fb596c6b5b8bed739562d5c2000f56089	268	2	MAIN	/home/hphung/ce25_scratch2/Claude_DeepRL_Population_Models/baseline_original/sarsop/src/Utils/boost/exception/enable_current_exception.hpp
1b591f6c629253c97b44ce5969ba2f2fb596c6b5b8bed739562d5c2000f56089	268	2	MAIN	/home/hphung/ce25_scratch2/Claude_DeepRL_Population_Models/baseline_original/sarsop/src/Utils/boost/exception/enable_error_info.hpp
1ce40d7f4ab48f99b77b0c1260c7742bfedbbd2e7913cfd183bb21d74f4358d3	959	2	ECO_FROZEN	/home/hphung/ce25_scratch2/Claude_DeepRL_Population_Models/real_ecology_runs/ricker_only_plus_72_20260720/runtime_snapshot_routing_fix/scripts/slurm/run_ricker_only_plus_row.sh
1ce40d7f4ab48f99b77b0c1260c7742bfedbbd2e7913cfd183bb21d74f4358d3	959	2	MAIN	/home/hphung/ce25_scratch2/Claude_DeepRL_Population_Models/real_ecology_runs/ricker_only_plus_72_20260720/runtime_snapshot/scripts/slurm/run_ricker_only_plus_row.sh
216a0a8ecb6c867b90a3d1dc5f355a05fd13a43821ba7ec4e98b4ea21a1ee944	767	2	ECO_FROZEN	/home/hphung/ce25_scratch2/Claude_DeepRL_Population_Models/real_ecology_runs/ricker_only_plus_72_20260720/runtime_snapshot_routing_fix/scripts/ricker_only_thread_entry.py
216a0a8ecb6c867b90a3d1dc5f355a05fd13a43821ba7ec4e98b4ea21a1ee944	767	2	MAIN	/home/hphung/ce25_scratch2/Claude_DeepRL_Population_Models/real_ecology_runs/ricker_only_plus_72_20260720/runtime_snapshot/scripts/ricker_only_thread_entry.py
218d5f2ca19d3e0faa4d5972ba3e98a225db0aefb68469379bf2a78826e3884f	5258	2	MAIN	/home/hphung/ce25_scratch2/Claude_DeepRL_Population_Models/real_ecology_runs/general_audit_20260712/code/src/real_ecology_benchmark/methods/moor.py
218d5f2ca19d3e0faa4d5972ba3e98a225db0aefb68469379bf2a78826e3884f	5258	2	MAIN	/home/hphung/ce25_scratch2/Claude_DeepRL_Population_Models/real_ecology_runs/motivation_native_20260711/code/src/real_ecology_benchmark/methods/moor.py
2de45643ce2dbdfa0d32790796626ad79e57a48e910356fc1ea65237a029835d	20795	2	MAIN	/home/hphung/ce25_scratch2/Claude_DeepRL_Population_Models/real_ecology_runs/general_audit_20260712/code/src/real_ecology_benchmark/collector.py
2de45643ce2dbdfa0d32790796626ad79e57a48e910356fc1ea65237a029835d	20795	2	MAIN	/home/hphung/ce25_scratch2/Claude_DeepRL_Population_Models/real_ecology_runs/motivation_native_20260711/code/src/real_ecology_benchmark/collector.py
34ca793ab567d50e5cd7403365bf413f94e713f5dcae14f2c9ad070f6c8dac6c	998	2	MAIN	/home/hphung/ce25_scratch2/Claude_DeepRL_Population_Models/real_ecology_runs/general_audit_20260712/code/configs/motivation_native_smoke.yaml
34ca793ab567d50e5cd7403365bf413f94e713f5dcae14f2c9ad070f6c8dac6c	998	2	MAIN	/home/hphung/ce25_scratch2/Claude_DeepRL_Population_Models/real_ecology_runs/motivation_native_20260711/code/configs/motivation_native_smoke.yaml
3970c1409479da75d02b1210af48ba114b9ad1cc2f2c914f7bd4cf05912fd625	1104	2	MAIN	/home/hphung/ce25_scratch2/Claude_DeepRL_Population_Models/real_ecology_runs/paper_faithful_smoke_20260717_v3/evaluation/regime_hidden/amur_tiger/ricker/sigma_0p1/data_real/backend_numpy/regime_hidden/reward_safe/plus_faithful_pbvi/faithful_internal/faithful_artifacts/planner_provenance.json
3970c1409479da75d02b1210af48ba114b9ad1cc2f2c914f7bd4cf05912fd625	1104	2	MAIN	/home/hphung/ce25_scratch2/Claude_DeepRL_Population_Models/real_ecology_runs/paper_faithful_smoke_20260717_v4/evaluation/regime_hidden/amur_tiger/ricker/sigma_0p1/data_real/backend_numpy/regime_hidden/reward_safe/plus_faithful_pbvi/faithful_internal/faithful_artifacts/planner_provenance.json
3a082ca591e2c1eae31cec753f36dd2dee3ac0cb908ba4ca820493271f3e1dfe	7263	2	MAIN	/home/hphung/ce25_scratch2/Claude_DeepRL_Population_Models/real_ecology_runs/motivation_native_20260711/code/scripts/run_real_manifest_row.py
3a082ca591e2c1eae31cec753f36dd2dee3ac0cb908ba4ca820493271f3e1dfe	7263	2	MAIN	/home/hphung/ce25_scratch2/Claude_DeepRL_Population_Models/real_ecology_runs/psafe_overnight_20260705/code/real_ecology_cont_obser/scripts/run_real_manifest_row.py
3fad82f64b67ac8df1c7417b3a0e105d8637403d8d716e9127f459c21b89f26b	1196	2	ECO_FROZEN	/home/hphung/ce25_scratch2/Claude_DeepRL_Population_Models/real_ecology_runs/ricker_only_plus_72_20260720/runtime_snapshot_routing_fix/scripts/slurm/run_ricker_only_plus_cell.sh
3fad82f64b67ac8df1c7417b3a0e105d8637403d8d716e9127f459c21b89f26b	1196	2	MAIN	/home/hphung/ce25_scratch2/Claude_DeepRL_Population_Models/real_ecology_runs/ricker_only_plus_72_20260720/runtime_snapshot/scripts/slurm/run_ricker_only_plus_cell.sh
42565cd4b0e266e63993804e7bd42066e8204351a13234093797de9dd1875e9b	2119	2	ECO_FROZEN	/home/hphung/ce25_scratch2/Claude_DeepRL_Population_Models/real_ecology_runs/ricker_only_plus_72_20260720/runtime_snapshot_routing_fix/scripts/materialize_ricker_only_reuse.py
42565cd4b0e266e63993804e7bd42066e8204351a13234093797de9dd1875e9b	2119	2	MAIN	/home/hphung/ce25_scratch2/Claude_DeepRL_Population_Models/real_ecology_runs/ricker_only_plus_72_20260720/runtime_snapshot/scripts/materialize_ricker_only_reuse.py
45ebb351463bcb2a988bb1ed78e6ea7da79a52e27e402f3fa839f82469f5af7f	1490	2	MAIN	/home/hphung/ce25_scratch2/Claude_DeepRL_Population_Models/real_ecology_runs/general_audit_20260712/code/src/real_ecology_benchmark/__init__.py
45ebb351463bcb2a988bb1ed78e6ea7da79a52e27e402f3fa839f82469f5af7f	1490	2	MAIN	/home/hphung/ce25_scratch2/Claude_DeepRL_Population_Models/real_ecology_runs/motivation_native_20260711/code/src/real_ecology_benchmark/__init__.py
4de20cac098456ca322ba38c616ed7ca333f0addf69d88b0b6f4049e79cc177e	1331	2	ECO_FROZEN	/home/hphung/ce25_scratch2/Claude_DeepRL_Population_Models/real_ecology_runs/ricker_only_plus_72_20260720/runtime_snapshot_routing_fix/src/real_ecology_benchmark/methods/__init__.py
4de20cac098456ca322ba38c616ed7ca333f0addf69d88b0b6f4049e79cc177e	1331	2	MAIN	/home/hphung/ce25_scratch2/Claude_DeepRL_Population_Models/real_ecology_runs/ricker_only_plus_72_20260720/runtime_snapshot/src/real_ecology_benchmark/methods/__init__.py
52b915d131067682e1f6254643caaae0de231880a1948710cebfc25ef9ce3e55	11254	2	ECO_FROZEN	/home/hphung/ce25_scratch2/Claude_DeepRL_Population_Models/real_ecology_runs/ricker_only_plus_72_20260720/runtime_snapshot_routing_fix/scripts/make_ricker_only_plus_72_manifests.py
52b915d131067682e1f6254643caaae0de231880a1948710cebfc25ef9ce3e55	11254	2	MAIN	/home/hphung/ce25_scratch2/Claude_DeepRL_Population_Models/real_ecology_runs/ricker_only_plus_72_20260720/runtime_snapshot/scripts/make_ricker_only_plus_72_manifests.py
576723b1343210d8b00389b6efa6733a5a9b165c7ab3aa923b25f2f6f505cc32	16662	2	MAIN	/home/hphung/ce25_scratch2/Claude_DeepRL_Population_Models/real_ecology_runs/general_audit_20260712/code/src/real_ecology_benchmark/manifest.py
576723b1343210d8b00389b6efa6733a5a9b165c7ab3aa923b25f2f6f505cc32	16662	2	MAIN	/home/hphung/ce25_scratch2/Claude_DeepRL_Population_Models/real_ecology_runs/motivation_native_20260711/code/src/real_ecology_benchmark/manifest.py
5a8f8866efeeff75d08a3118e52ccc7bec599d14c6100683b6679e1762639d24	794	2	MAIN	/home/hphung/ce25_scratch2/Claude_DeepRL_Population_Models/real_ecology_runs/general_audit_20260712/code/configs/real_probe.yaml
5a8f8866efeeff75d08a3118e52ccc7bec599d14c6100683b6679e1762639d24	794	2	MAIN	/home/hphung/ce25_scratch2/Claude_DeepRL_Population_Models/real_ecology_runs/motivation_native_20260711/code/configs/real_probe.yaml
5b47e95eb95eb23b335b254aed50286842660c03c3f87e993f633ce2a324eca3	4817	2	MAIN	/home/hphung/ce25_scratch2/Claude_DeepRL_Population_Models/real_ecology_runs/general_audit_20260712/code/scripts/capture_trajectories.py
5b47e95eb95eb23b335b254aed50286842660c03c3f87e993f633ce2a324eca3	4817	2	MAIN	/home/hphung/ce25_scratch2/Claude_DeepRL_Population_Models/real_ecology_runs/motivation_native_20260711/code/scripts/capture_trajectories.py
5ba328b6b59d5917ef81196ed61c17b415b00facdb86a2d0bfd1d2026d9bd028	11850	2	MAIN	/home/hphung/ce25_scratch2/Claude_DeepRL_Population_Models/docs/fix_implement_ecology_baseline/PHASE2_PREREGISTRATION_AND_BUDGET_PACKAGE.md
5ba328b6b59d5917ef81196ed61c17b415b00facdb86a2d0bfd1d2026d9bd028	11850	2	MAIN	/home/hphung/ce25_scratch2/Claude_DeepRL_Population_Models/real_ecology_runs/adapted_32cell_diagnostic_pending/code/docs/fix_implement_ecology_baseline/PHASE2_PREREGISTRATION_AND_BUDGET_PACKAGE.md
5f186aca4c7c467afb0c4a62505b7736a26ec697005713e1c42419d54d34cb1e	8109	2	ECO_FROZEN	/home/hphung/ce25_scratch2/Claude_DeepRL_Population_Models/real_ecology_runs/ricker_only_plus_72_20260720/runtime_snapshot_routing_fix/src/real_ecology_benchmark/methods/plus_faithful.py
5f186aca4c7c467afb0c4a62505b7736a26ec697005713e1c42419d54d34cb1e	8109	2	MAIN	/home/hphung/ce25_scratch2/Claude_DeepRL_Population_Models/real_ecology_runs/ricker_only_plus_72_20260720/runtime_snapshot/src/real_ecology_benchmark/methods/plus_faithful.py
6143cde68f46e344300f0d5de8d11c370c74be25707516db61145af18517fc13	11659	2	MAIN	/home/hphung/ce25_scratch2/Claude_DeepRL_Population_Models/real_ecology_runs/general_audit_20260712/code/src/real_ecology_benchmark/cli.py
6143cde68f46e344300f0d5de8d11c370c74be25707516db61145af18517fc13	11659	2	MAIN	/home/hphung/ce25_scratch2/Claude_DeepRL_Population_Models/real_ecology_runs/motivation_native_20260711/code/src/real_ecology_benchmark/cli.py
6c33d9c6f6c24f3f614bb378c205a2a0b13b98f54edfd8a4d021f6c022068957	1075	2	MAIN	/home/hphung/ce25_scratch2/Claude_DeepRL_Population_Models/real_ecology_runs/general_audit_20260712/code/configs/motivation_native_b31.yaml
6c33d9c6f6c24f3f614bb378c205a2a0b13b98f54edfd8a4d021f6c022068957	1075	2	MAIN	/home/hphung/ce25_scratch2/Claude_DeepRL_Population_Models/real_ecology_runs/motivation_native_20260711/code/configs/motivation_native_b31.yaml
6d4f269b51426d3a49a2b5beaa8b0e302d6b3a21dfa30be07e282737bcea820d	76174	2	MAIN	/home/hphung/ce25_scratch2/Claude_DeepRL_Population_Models/docs/fix_implement_ecology_baseline/SNAPSHOT_FILE_MANIFEST_20260718.json
6d4f269b51426d3a49a2b5beaa8b0e302d6b3a21dfa30be07e282737bcea820d	76174	2	MAIN	/home/hphung/ce25_scratch2/Claude_DeepRL_Population_Models/real_ecology_runs/adapted_32cell_diagnostic_pending/code/docs/fix_implement_ecology_baseline/SNAPSHOT_FILE_MANIFEST_20260718.json
72b213900f6e40c59043d08d716437d6724ecf183e95c91b5a209e7526a1492f	43514	2	ECO_FROZEN	/home/hphung/ce25_scratch2/Claude_DeepRL_Population_Models/real_ecology_runs/ricker_only_plus_72_20260720/runtime_snapshot_routing_fix/src/real_ecology_benchmark/faithful_fit.py
72b213900f6e40c59043d08d716437d6724ecf183e95c91b5a209e7526a1492f	43514	2	MAIN	/home/hphung/ce25_scratch2/Claude_DeepRL_Population_Models/real_ecology_runs/ricker_only_plus_72_20260720/runtime_snapshot/src/real_ecology_benchmark/faithful_fit.py
75c7653bf46e082b5b96330a023b99b9ec6d6e4d3dc6f1c0be54256be2e6a40e	19518	2	MAIN	/home/hphung/ce25_scratch2/Claude_DeepRL_Population_Models/real_ecology_runs/motivation_native_20260711/code/src/real_ecology_benchmark/methods/ogsrl.py
75c7653bf46e082b5b96330a023b99b9ec6d6e4d3dc6f1c0be54256be2e6a40e	19518	2	MAIN	/home/hphung/ce25_scratch2/Claude_DeepRL_Population_Models/real_ecology_runs/psafe_overnight_20260705/code/real_ecology_cont_obser/src/real_ecology_benchmark/methods/ogsrl.py
7ca635f3ea44e205f0c146b2cf9a8b92f944f2cff1ea7ca56f9fdef1f9652fec	8546	2	MAIN	/home/hphung/ce25_scratch2/Claude_DeepRL_Population_Models/real_ecology_runs/general_audit_20260712/code/src/real_ecology_benchmark/dataset.py
7ca635f3ea44e205f0c146b2cf9a8b92f944f2cff1ea7ca56f9fdef1f9652fec	8546	2	MAIN	/home/hphung/ce25_scratch2/Claude_DeepRL_Population_Models/real_ecology_runs/motivation_native_20260711/code/src/real_ecology_benchmark/dataset.py
804d9162f49d02a3c99347d0b230a8bbb97e2efd25637275ace20c4e599a13f2	4488	2	MAIN	/home/hphung/ce25_scratch2/Claude_DeepRL_Population_Models/real_ecology_runs/paper_faithful_smoke_20260717_v3/code/scripts/prepare_paper_faithful_smoke.py
804d9162f49d02a3c99347d0b230a8bbb97e2efd25637275ace20c4e599a13f2	4488	2	MAIN	/home/hphung/ce25_scratch2/Claude_DeepRL_Population_Models/real_ecology_runs/paper_faithful_smoke_20260717_v4/code/scripts/prepare_paper_faithful_smoke.py
80866ab85e44ddf03feb05708e48cf00494d6653f279985d9e78c885818c7c25	15797	2	MAIN	/home/hphung/ce25_scratch2/Claude_DeepRL_Population_Models/real_ecology_runs/general_audit_20260712/code/src/real_ecology_benchmark/envs.py
80866ab85e44ddf03feb05708e48cf00494d6653f279985d9e78c885818c7c25	15797	2	MAIN	/home/hphung/ce25_scratch2/Claude_DeepRL_Population_Models/real_ecology_runs/motivation_native_20260711/code/src/real_ecology_benchmark/envs.py
8685de5e61891c983915326a2428aaa652391fbb982451b96cc4a427fa4648d8	1013	2	MAIN	/home/hphung/ce25_scratch2/Claude_DeepRL_Population_Models/real_ecology_runs/general_audit_20260712/code/configs/motivation_native.yaml
8685de5e61891c983915326a2428aaa652391fbb982451b96cc4a427fa4648d8	1013	2	MAIN	/home/hphung/ce25_scratch2/Claude_DeepRL_Population_Models/real_ecology_runs/motivation_native_20260711/code/configs/motivation_native.yaml
879f7b8a1f9aa3de466bb3c7a0add708ce73499b01e179613ea0fdba45643dd4	8763	2	MAIN	/home/hphung/ce25_scratch2/Claude_DeepRL_Population_Models/real_ecology_runs/general_audit_20260712/code/src/real_ecology_benchmark/gate.py
879f7b8a1f9aa3de466bb3c7a0add708ce73499b01e179613ea0fdba45643dd4	8763	2	MAIN	/home/hphung/ce25_scratch2/Claude_DeepRL_Population_Models/real_ecology_runs/motivation_native_20260711/code/src/real_ecology_benchmark/gate.py
8b5d893adfbc486d2f2c743c3ab0c13dc02cbc4a9c425670936272cc412aea1b	2580	2	MAIN	/home/hphung/ce25_scratch2/Claude_DeepRL_Population_Models/real_ecology_runs/general_audit_20260712/code/src/real_ecology_benchmark/methods/moor_native.py
8b5d893adfbc486d2f2c743c3ab0c13dc02cbc4a9c425670936272cc412aea1b	2580	2	MAIN	/home/hphung/ce25_scratch2/Claude_DeepRL_Population_Models/real_ecology_runs/motivation_native_20260711/code/src/real_ecology_benchmark/methods/moor_native.py
8f31952b0d8dca69e525f10a1ee998c8356159b98590cafd0701c1ed611729ae	4421	2	ECO_FROZEN	/home/hphung/ce25_scratch2/Claude_DeepRL_Population_Models/real_ecology_runs/ricker_only_plus_72_20260720/runtime_snapshot_routing_fix/scripts/run_ricker_only_plan_with_receipt.py
8f31952b0d8dca69e525f10a1ee998c8356159b98590cafd0701c1ed611729ae	4421	2	MAIN	/home/hphung/ce25_scratch2/Claude_DeepRL_Population_Models/real_ecology_runs/ricker_only_plus_72_20260720/runtime_snapshot/scripts/run_ricker_only_plan_with_receipt.py
980a6b2c2965a75c31a7004fcdcdd3338c6d46ea240e0cfb97949d5a6c0d8e0a	1684	2	MAIN	/home/hphung/ce25_scratch2/Claude_DeepRL_Population_Models/real_ecology_runs/general_audit_20260712/code/scripts/make_motivation_native_manifest.py
980a6b2c2965a75c31a7004fcdcdd3338c6d46ea240e0cfb97949d5a6c0d8e0a	1684	2	MAIN	/home/hphung/ce25_scratch2/Claude_DeepRL_Population_Models/real_ecology_runs/motivation_native_20260711/code/scripts/make_motivation_native_manifest.py
a0cc386afd4bc02f5fc11ef5d4c5f23ba822594d355fc6f54007a4a85e0e1e03	1075	2	MAIN	/home/hphung/ce25_scratch2/Claude_DeepRL_Population_Models/real_ecology_runs/general_audit_20260712/code/configs/motivation_native_b91.yaml
a0cc386afd4bc02f5fc11ef5d4c5f23ba822594d355fc6f54007a4a85e0e1e03	1075	2	MAIN	/home/hphung/ce25_scratch2/Claude_DeepRL_Population_Models/real_ecology_runs/motivation_native_20260711/code/configs/motivation_native_b91.yaml
b353805e62dd37d199b7faca42391e559a8c7d31a74e72da2bf0abae3447f58a	7355	2	MAIN	/home/hphung/ce25_scratch2/Claude_DeepRL_Population_Models/real_ecology_runs/general_audit_20260712/code/src/real_ecology_benchmark/methods/plus.py
b353805e62dd37d199b7faca42391e559a8c7d31a74e72da2bf0abae3447f58a	7355	2	MAIN	/home/hphung/ce25_scratch2/Claude_DeepRL_Population_Models/real_ecology_runs/motivation_native_20260711/code/src/real_ecology_benchmark/methods/plus.py
b360051bad93e4beb6152f9a082cf9436b8dd91bedaf767c7f5456a8e78175eb	13262	2	ECO_FROZEN	/home/hphung/ce25_scratch2/Claude_DeepRL_Population_Models/real_ecology_runs/ricker_only_plus_72_20260720/runtime_snapshot_routing_fix/scripts/run_ricker_only_plus_acceptance.py
b360051bad93e4beb6152f9a082cf9436b8dd91bedaf767c7f5456a8e78175eb	13262	2	MAIN	/home/hphung/ce25_scratch2/Claude_DeepRL_Population_Models/real_ecology_runs/ricker_only_plus_72_20260720/runtime_snapshot/scripts/run_ricker_only_plus_acceptance.py
b4aa1299f766ce2b55f19e10fa5ceb95fc07f28abe65423c74d0bd570945c5d2	6897	2	MAIN	/home/hphung/ce25_scratch2/Claude_DeepRL_Population_Models/real_ecology_runs/motivation_native_20260711/code/src/real_ecology_benchmark/methods/bamcts.py
b4aa1299f766ce2b55f19e10fa5ceb95fc07f28abe65423c74d0bd570945c5d2	6897	2	MAIN	/home/hphung/ce25_scratch2/Claude_DeepRL_Population_Models/real_ecology_runs/psafe_overnight_20260705/code/real_ecology_cont_obser/src/real_ecology_benchmark/methods/bamcts.py
b871668bae1c971795267bc402c3450e1fe6a628b4e8fee91b1300cfd73fbc26	1524	2	ECO_FROZEN	/home/hphung/ce25_scratch2/Claude_DeepRL_Population_Models/real_ecology_runs/ricker_only_plus_72_20260720/runtime_snapshot_routing_fix/configs/paper_faithful_hidden_ricker_only_plus_v1.yaml
b871668bae1c971795267bc402c3450e1fe6a628b4e8fee91b1300cfd73fbc26	1524	2	MAIN	/home/hphung/ce25_scratch2/Claude_DeepRL_Population_Models/real_ecology_runs/ricker_only_plus_72_20260720/runtime_snapshot/configs/paper_faithful_hidden_ricker_only_plus_v1.yaml
bc31cd93db919445d0431749bc5ccbbd7fc926d606e10434dbaf1a1c6155acbc	1547	2	ECO_FROZEN	/home/hphung/ce25_scratch2/Claude_DeepRL_Population_Models/real_ecology_runs/ricker_only_plus_72_20260720/runtime_snapshot_routing_fix/configs/paper_faithful_hidden_ricker_only_plus_canary_v1.yaml
bc31cd93db919445d0431749bc5ccbbd7fc926d606e10434dbaf1a1c6155acbc	1547	2	MAIN	/home/hphung/ce25_scratch2/Claude_DeepRL_Population_Models/real_ecology_runs/ricker_only_plus_72_20260720/runtime_snapshot/configs/paper_faithful_hidden_ricker_only_plus_canary_v1.yaml
bdd2525e6e8a75b9948cbb5462d1d65f7e04b8bf3fb2d895e1921581888542e6	5856	2	MAIN	/home/hphung/ce25_scratch2/Claude_DeepRL_Population_Models/real_ecology_runs/general_audit_20260712/code/src/real_ecology_benchmark/methods/plus_native.py
bdd2525e6e8a75b9948cbb5462d1d65f7e04b8bf3fb2d895e1921581888542e6	5856	2	MAIN	/home/hphung/ce25_scratch2/Claude_DeepRL_Population_Models/real_ecology_runs/motivation_native_20260711/code/src/real_ecology_benchmark/methods/plus_native.py
c0b209a7d7078eaa693ec0388a8c298b3cfbcd93806675e62ffef9aeaa0566f2	3244	2	MAIN	/home/hphung/ce25_scratch2/Claude_DeepRL_Population_Models/outputs/2026-05-17/02-13-40/.hydra/config.yaml
c0b209a7d7078eaa693ec0388a8c298b3cfbcd93806675e62ffef9aeaa0566f2	3244	2	MAIN	/home/hphung/ce25_scratch2/Claude_DeepRL_Population_Models/outputs/2026-05-17/03-01-02/.hydra/config.yaml
c5ccd25d10338ed1141bead624bbb5370ccf875208d3015cb51f3a739a9e622c	32225	2	MAIN	/home/hphung/ce25_scratch2/Claude_DeepRL_Population_Models/real_ecology_runs/general_audit_20260712/code/src/real_ecology_benchmark/beliefs.py
c5ccd25d10338ed1141bead624bbb5370ccf875208d3015cb51f3a739a9e622c	32225	2	MAIN	/home/hphung/ce25_scratch2/Claude_DeepRL_Population_Models/real_ecology_runs/motivation_native_20260711/code/src/real_ecology_benchmark/beliefs.py
c6980001f892efab3cc9bd7dfec37c09a8bff37b79ead174cb3a906846340b18	24517	2	MAIN	/home/hphung/ce25_scratch2/Claude_DeepRL_Population_Models/real_ecology_runs/paper_faithful_one_cell_4000_20260717_v1/code/src/real_ecology_benchmark/pipeline.py
c6980001f892efab3cc9bd7dfec37c09a8bff37b79ead174cb3a906846340b18	24517	2	MAIN	/home/hphung/ce25_scratch2/Claude_DeepRL_Population_Models/real_ecology_runs/paper_faithful_smoke_20260717_v4/code/src/real_ecology_benchmark/pipeline.py
c897344e986ee085527e6653e9019806a5e229a5effcd3c76a6f797a92b126e9	3484	2	ECO_FROZEN	/home/hphung/ce25_scratch2/Claude_DeepRL_Population_Models/real_ecology_runs/ricker_only_plus_72_20260720/runtime_snapshot_routing_fix/scripts/run_adapted_fit_row.py
c897344e986ee085527e6653e9019806a5e229a5effcd3c76a6f797a92b126e9	3484	2	MAIN	/home/hphung/ce25_scratch2/Claude_DeepRL_Population_Models/real_ecology_runs/ricker_only_plus_72_20260720/runtime_snapshot/scripts/run_adapted_fit_row.py
caa9419d47f458179b79c96e8810d4d8b73e3ec6289f60ac965e20a379d38b18	38164	2	ECO_FROZEN	/home/hphung/ce25_scratch2/Claude_DeepRL_Population_Models/real_ecology_runs/ricker_only_plus_72_20260720/runtime_snapshot_routing_fix/src/real_ecology_benchmark/config.py
caa9419d47f458179b79c96e8810d4d8b73e3ec6289f60ac965e20a379d38b18	38164	2	MAIN	/home/hphung/ce25_scratch2/Claude_DeepRL_Population_Models/real_ecology_runs/ricker_only_plus_72_20260720/runtime_snapshot/src/real_ecology_benchmark/config.py
d058b6bc54b051adaf9e3324e12d7b2078d9ecddf06288a9ea6b25ac3efd03f7	682	2	MAIN	/home/hphung/ce25_scratch2/Claude_DeepRL_Population_Models/real_ecology_runs/general_audit_20260712/code/configs/real_smoke.yaml
d058b6bc54b051adaf9e3324e12d7b2078d9ecddf06288a9ea6b25ac3efd03f7	682	2	MAIN	/home/hphung/ce25_scratch2/Claude_DeepRL_Population_Models/real_ecology_runs/motivation_native_20260711/code/configs/real_smoke.yaml
d67082304c7142fd3be8a087b342b11f1cd4c172e54aff2decbf77ca1791d230	1104	2	MAIN	/home/hphung/ce25_scratch2/Claude_DeepRL_Population_Models/outputs/paper_faithful_hidden_smoke/evaluation/data_real/backend_numpy/regime_hidden/reward_safe/plus_faithful_pbvi/faithful_internal/faithful_artifacts/planner_provenance.json
d67082304c7142fd3be8a087b342b11f1cd4c172e54aff2decbf77ca1791d230	1104	2	MAIN	/home/hphung/ce25_scratch2/Claude_DeepRL_Population_Models/real_ecology_runs/paper_faithful_smoke_20260717/evaluation/regime_hidden/amur_tiger/ricker/sigma_0p1/data_real/backend_numpy/regime_hidden/reward_safe/plus_faithful_pbvi/faithful_internal/faithful_artifacts/planner_provenance.json
df0bf43c73c7087c69119acb912a62826fae9161dcb07e59e76eda24a92c6c93	8313	2	ECO_FROZEN	/home/hphung/ce25_scratch2/Claude_DeepRL_Population_Models/real_ecology_runs/ricker_only_plus_72_20260720/runtime_snapshot_routing_fix/experiments/ricker_only_plus_72/LAUNCH_PLAN.md
df0bf43c73c7087c69119acb912a62826fae9161dcb07e59e76eda24a92c6c93	8313	2	MAIN	/home/hphung/ce25_scratch2/Claude_DeepRL_Population_Models/real_ecology_runs/ricker_only_plus_72_20260720/runtime_snapshot/experiments/ricker_only_plus_72/LAUNCH_PLAN.md
dfbd8afd19b35ab37e99e171674bb603fcb8e713e2df412dd66c2ff2d94536e8	15816	2	MAIN	/home/hphung/ce25_scratch2/Claude_DeepRL_Population_Models/real_ecology_runs/general_audit_20260712/code/src/real_ecology_benchmark/pipeline.py
dfbd8afd19b35ab37e99e171674bb603fcb8e713e2df412dd66c2ff2d94536e8	15816	2	MAIN	/home/hphung/ce25_scratch2/Claude_DeepRL_Population_Models/real_ecology_runs/motivation_native_20260711/code/src/real_ecology_benchmark/pipeline.py
e0798af3ea44a0cb3ea89e490b08076024b2da9c552caa791f95886a8cde837c	4297	2	MAIN	/home/hphung/ce25_scratch2/Claude_DeepRL_Population_Models/real_ecology_runs/paper_faithful_one_cell_4000_20260717_v1/code/src/real_ecology_benchmark/methods/moor_faithful.py
e0798af3ea44a0cb3ea89e490b08076024b2da9c552caa791f95886a8cde837c	4297	2	MAIN	/home/hphung/ce25_scratch2/Claude_DeepRL_Population_Models/real_ecology_runs/paper_faithful_smoke_20260717_v4/code/src/real_ecology_benchmark/methods/moor_faithful.py
e2196104881a61019594116e6b30b7cc80ea065db7221e3dfc9377a838b438a0	6329	2	ECO_FROZEN	/home/hphung/ce25_scratch2/Claude_DeepRL_Population_Models/real_ecology_runs/ricker_only_plus_72_20260720/runtime_snapshot_routing_fix/scripts/run_ricker_only_fit_locked.py
e2196104881a61019594116e6b30b7cc80ea065db7221e3dfc9377a838b438a0	6329	2	MAIN	/home/hphung/ce25_scratch2/Claude_DeepRL_Population_Models/real_ecology_runs/ricker_only_plus_72_20260720/runtime_snapshot/scripts/run_ricker_only_fit_locked.py
e61509839335227b554fd57b96562307b3ccfdb8321c6406446863c5683d5b12	13780	2	MAIN	/home/hphung/ce25_scratch2/Claude_DeepRL_Population_Models/real_ecology_runs/general_audit_20260712/code/src/real_ecology_benchmark/evaluator.py
e61509839335227b554fd57b96562307b3ccfdb8321c6406446863c5683d5b12	13780	2	MAIN	/home/hphung/ce25_scratch2/Claude_DeepRL_Population_Models/real_ecology_runs/motivation_native_20260711/code/src/real_ecology_benchmark/evaluator.py
ea5caa6541af2d3e83238da948e41d46e0247e8b2a553f0c94a7e39a9da2772a	4642	2	MAIN	/home/hphung/ce25_scratch2/Claude_DeepRL_Population_Models/real_ecology_runs/general_audit_20260712/code/run_analysis.sh
ea5caa6541af2d3e83238da948e41d46e0247e8b2a553f0c94a7e39a9da2772a	4642	2	MAIN	/home/hphung/ce25_scratch2/Claude_DeepRL_Population_Models/real_ecology_runs/general_audit_20260712/run_analysis.sh
eae4973c625433cb6fff18357c2fb87789a0971430bb4d45f8b7da3b6fd75e90	1484	2	MAIN	/home/hphung/ce25_scratch2/Claude_DeepRL_Population_Models/outputs/2026-05-17/02-13-40/.hydra/overrides.yaml
eae4973c625433cb6fff18357c2fb87789a0971430bb4d45f8b7da3b6fd75e90	1484	2	MAIN	/home/hphung/ce25_scratch2/Claude_DeepRL_Population_Models/outputs/2026-05-17/03-01-02/.hydra/overrides.yaml
eb7ad8dabe89646429fedb126538675beb21cc6e962a8ad54cf03a590a838555	1863	2	ECO_FROZEN	/home/hphung/ce25_scratch2/Claude_DeepRL_Population_Models/real_ecology_runs/ricker_only_plus_72_20260720/runtime_snapshot_routing_fix/experiments/ricker_only_plus_72/acceptance_spec.json
eb7ad8dabe89646429fedb126538675beb21cc6e962a8ad54cf03a590a838555	1863	2	MAIN	/home/hphung/ce25_scratch2/Claude_DeepRL_Population_Models/real_ecology_runs/ricker_only_plus_72_20260720/runtime_snapshot/experiments/ricker_only_plus_72/acceptance_spec.json
f924b5271cf0eb0bf227ce2b1d62613e8494c155b04c91eab9f9eff191d4c8f4	4951	2	MAIN	/home/hphung/ce25_scratch2/Claude_DeepRL_Population_Models/real_ecology_runs/general_audit_20260712/code/src/real_ecology_benchmark/types.py
f924b5271cf0eb0bf227ce2b1d62613e8494c155b04c91eab9f9eff191d4c8f4	4951	2	MAIN	/home/hphung/ce25_scratch2/Claude_DeepRL_Population_Models/real_ecology_runs/motivation_native_20260711/code/src/real_ecology_benchmark/types.py
f999914bc6bae00b76706603b1479ee4fabec7af6c83c429392e333c19c48061	1273	2	MAIN	/home/hphung/ce25_scratch2/Claude_DeepRL_Population_Models/real_ecology_runs/general_audit_20260712/code/run_rows.sh
f999914bc6bae00b76706603b1479ee4fabec7af6c83c429392e333c19c48061	1273	2	MAIN	/home/hphung/ce25_scratch2/Claude_DeepRL_Population_Models/real_ecology_runs/general_audit_20260712/run_rows.sh
fce30fc5344d40722b49208bdf2e27cce9655171c8c86e640340d4868958313f	3812	2	MAIN	/home/hphung/ce25_scratch2/Claude_DeepRL_Population_Models/real_ecology_runs/general_audit_20260712/code/submit_blocks.sh
fce30fc5344d40722b49208bdf2e27cce9655171c8c86e640340d4868958313f	3812	2	MAIN	/home/hphung/ce25_scratch2/Claude_DeepRL_Population_Models/real_ecology_runs/general_audit_20260712/submit_blocks.sh
